step,timestamp,measured_soil,pred_now,state_soil_used,pred_h12,Temperature,Humidity,Light,Drip,Mist,Fan,target_ts_h12,pred_h1,pred_h2,pred_h3,pred_h4,pred_h5,pred_h6,pred_h7,pred_h8,pred_h9,pred_h10,pred_h11
1,2025-01-01 00:00:00,58.0,50.69152985896204,58.0,51.965267383975544,20.778461993854982,83.33367318348836,1.1686667941955862,0.0,0.0,0.0,2025-01-01 01:00:00,57.240580988335665,56.74292630958401,56.24333083665052,55.74886525236637,55.259288359296825,54.77455691687973,54.29462283108206,53.819438626481116,53.34895729366417,52.883132288572064,52.42191752778681
2,2025-01-01 00:05:00,57.8,57.24549864021105,57.8,52.08226566968264,19.725024639459622,82.26488599422072,2.2567881877944678,0.0,0.0,0.0,2025-01-01 01:05:00,57.28943964864103,56.79237251497025,56.29999689625927,55.812500447154,55.32982855721122,54.85193364875174,54.37876843964383,53.91028612043914,53.446440344832,52.987185225206986,52.5324753280958
3,2025-01-01 00:10:00,57.63204968485793,57.287353944454786,57.63204968485793,51.871701712237204,19.696345230407,82.31481672395165,20.575650303024524,0.0,0.0,0.0,2025-01-01 01:10:00,57.11685793142637,56.616187250331734,56.12021722861576,55.62916266628546,55.14296785822697,54.66158489829977,54.184966158762464,53.71306448852838,53.245833203019814,52.7832260796976,52.32519735348437
4,2025-01-01 00:15:00,57.198893840731685,57.11615142463742,57.198893840731685,51.475437589953835,19.701226829480085,82.28757809702861,25.108612071182502,0.0,0.0,0.0,2025-01-01 01:15:00,56.69356133413166,56.19529499753145,55.701904211455144,55.21339799261474,54.72972645213115,54.25084178322621,53.77669660936878,53.30724402406902,52.84243758503674,52.382231309619364,51.926579670252075
5,2025-01-01 00:20:00,56.72574664273413,56.69801750512938,56.72574664273413,51.15272869567749,19.837378788961043,83.48215560081678,7.0026333051114,0.0,0.0,0.0,2025-01-01 01:20:00,56.23496220384512,55.749637788461726,55.26910032433353,54.793319152487896,54.32224674870967,53.855836522773394,53.394042333033646,52.936818494844424,52.484119775689,52.03590139071465,51.59211899830181
6,2025-01-01 00:25:00,56.04323555215526,56.233026478233775,56.04323555215526,50.51630764295959,20.18011212789157,83.78469506065115,8.307833845497802,0.0,0.0,0.0,2025-01-01 01:25:00,55.56176400381759,55.07981083389563,54.6027692170641,54.1304450283649,53.66279550936522,53.19977428899509,52.74133556410488,52.287433981912926,51.83802463857102,51.39306307463972,50.95250527069223
7,2025-01-01 00:30:00,55.58337774554832,55.56134052398404,55.58337774554832,50.09088907935583,20.42547128462557,84.42798561893463,10.247761853556224,0.0,0.0,0.0,2025-01-01 01:30:00,55.09952611422769,54.62123400241132,54.14765470367989,53.678762955253056,53.21451178734031,52.7548552879649,52.29974798352543,51.84914485090263,51.4030013125569,50.96127323213038,50.523916910080295
8,2025-01-01 00:35:00,54.40386573504723,55.10013857179102,54.40386573504723,49.071235594489984,21.060702875463544,86.26005136518638,5.59779355682108,0.0,0.0,0.0,2025-01-01 01:35:00,53.95215470685994,53.48557500042081,53.024135269473746,52.567248278176194,52.11488345303591,51.66699564726035,51.22354056260003,50.78447432837401,50.34975350838003,49.919335096293615,49.493176511421694
9,2025-01-01 00:40:00,54.26208830548064,53.90888156444633,54.26208830548064,48.08330661759155,19.851456730500868,82.68060453068055,16.293386190942698,0.0,0.0,1.0,2025-01-01 01:40:00,53.70852753940556,53.17160355990191,52.639692156048866,52.11305318747753,51.591626115888715,51.07535958511767,50.56420251548253,50.058104339093674,49.557014988360045,49.06088489121134,48.569664966189144
10,2025-01-01 00:45:00,53.907864906808,53.70625117923821,53.907864906808,47.753521823346254,18.53032754760149,77.94929692394288,15.681334776487958,0.0,0.0,1.0,2025-01-01 01:45:00,53.36174095343086,52.82629896436194,52.2960137079042,51.770980503743516,51.251143420232076,50.73645113838638,50.22685273750653,49.72229780381224,49.22273642238566,48.72811917231628,48.23839712180958
11,2025-01-01 00:50:00,53.8412655268452,53.39975366661607,53.8412655268452,48.44675019169995,19.31440975323958,78.30706463906796,6.041271254662587,0.0,0.0,0.0,2025-01-01 01:50:00,53.356558987486636,52.8879584721387,52.423690269631564,51.964025151276026,51.50890909044462,51.05829729410586,50.61214517762606,50.170408603967175,49.73304387274165,49.3000077160669,48.871257294280035
12,2025-01-01 00:55:00,53.42211792672735,53.357185718424425,53.42211792672735,48.09197500542353,19.40634694996261,78.81239115288282,5.960922583610358,0.0,0.0,0.0,2025-01-01 01:55:00,52.95189983516874,52.487826665676735,52.02830613237502,51.573334535883134,51.122865738745,50.676855207166184,50.23525881712454,49.79803288212746,49.36513414802253,48.93651978874191,48.51214740206498
13,2025-01-01 01:00:00,52.69165735273435,52.951275836207735,52.69165735273435,47.43221998948974,19.729782687254648,79.69378698072889,9.662061065789086,0.0,0.0,0.0,2025-01-01 02:00:00,52.23548286376597,51.77661116005118,51.322475645050886,50.87282942454513,50.42763346984658,49.98684359104857,49.55041618540096,49.11830807764193,48.69047651992207,48.266879187462145,47.84747417436899
14,2025-01-01 01:05:00,52.47922076632951,52.233904577413846,52.47922076632951,47.192147065732264,19.81801272001175,79.79627017613991,18.62846844567499,0.0,0.0,0.0,2025-01-01 02:05:00,52.007793366915045,51.54808256148728,51.09273107670175,50.64189132249934,50.19551336553998,49.75355319027796,49.31596707032085,48.882711715989274,48.45374426593259,48.02902228299947,47.60850375003664
15,2025-01-01 01:10:00,51.92602061298998,52.00978649597748,51.92602061298998,46.750483737989576,19.68277156277503,79.89174843573299,12.996957358497978,0.0,0.0,0.0,2025-01-01 02:10:00,51.47304349901999,51.021990774819244,50.57547119293635,50.13336892463001,49.69564216840942,49.26224756832008,48.83314225065002,48.408283764570676,47.98763007942573,47.57113958053291,47.15877106506818
16,2025-01-01 01:15:00,51.736928558740985,51.473220204216645,51.736928558740985,46.5759076428309,19.752007977683416,80.1709997791667,13.202241605277557,0.0,0.0,0.0,2025-01-01 02:15:00,51.27629047297751,50.82759501813751,50.383140877768874,49.94309086028824,49.50739584806846,49.07601288920991,48.64889930352586,48.22601283737509,47.80731165518647,47.39275433543622,46.98229986654704
17,2025-01-01 01:20:00,51.30361455838992,51.27891906078019,51.30361455838992,46.23723648143045,19.96156601208553,81.75143706174532,12.266651115988012,0.0,0.0,0.0,2025-01-01 02:20:00,50.85752539838302,50.41631196698802,49.97945275623362,49.546917452983465,49.11866291862711,48.69464679595215,48.27482713738094,47.85916241074717,47.447611494919116,47.04013367573881,46.63668864199404
18,2025-01-01 01:25:00,50.779226747143085,50.85925475901762,50.779226747143085,45.80608375207288,19.85211191140176,81.97857127528455,9.735791889882076,0.0,0.0,0.0,2025-01-01 02:25:00,50.34378684671431,49.91039455880214,49.481352614008536,49.05655522402718,48.635962074862945,48.21953151162658,47.807222338670904,47.39899376679095,46.9948054105045,46.5946172840213,46.19838979728826
19,2025-01-01 01:30:00,50.69931431695005,50.34499377812525,50.69931431695005,45.73864189913382,19.6701150540534,82.14880837223487,14.104552625047749,0.0,0.0,0.0,2025-01-01 02:30:00,50.254049222792496,49.82307870993177,49.396106464902395,48.97336715161294,48.554811471185396,48.14039821843227,47.73008639057508,47.32383539618437,46.92160504541202,46.52335554617066,46.1290475001929
20,2025-01-01 01:35:00,50.56284253465859,51.50702828298279,50.56284253465859,80.06199361403435,19.822310687715916,83.25570845211027,13.367208858009622,1.0,0.0,0.0,2025-01-01 02:35:00,53.2257259200361,55.78669393841639,58.324356744476184,60.836849336548426,63.32447741656587,65.78748553889842,68.2261174071784,70.64061427072912,73.03121499238736,75.39815607094678,77.7416716645863
21,2025-01-01 01:40:00,50.99816763973296,53.22358953534242,50.99816763973296,80.40797490684616,19.70363473686158,81.91585585284177,10.165772413429789,1.0,0.0,0.0,2025-01-01 02:40:00,53.63891014811548,56.193843061202266,58.725101467431735,61.23126462957754,63.71262560880531,66.16942866394749,68.60191687601562,71.01033088678633,73.39490895732189,75.75588699060361,78.0934985548947
22,2025-01-01 01:45:00,53.83037075121166,53.639512295641836,53.83037075121166,82.87936158541231,19.704696346964525,81.98669842153504,6.933384431111679,1.0,0.0,0.0,2025-01-01 02:45:00,56.37953732418794,58.91036146098597,61.415952198630485,63.89675026559719,66.35299587570077,68.78493216253861,71.19279971037673,73.57683672629517,75.93727905974731,78.2743602260004,80.5883114292339
23,2025-01-01 01:50:00,56.201725897469366,56.37827502521687,56.201725897469366,84.94011160730281,19.696791479754573,82.60776344848135,28.94353874753609,1.0,0.0,0.0,2025-01-01 02:50:00,58.734242419150775,61.2367087612188,63.71454298086744,66.16785057608882,68.59687801994983,71.00186551091622,73.3830509737954,75.74066997586914,78.07495575309832,80.38613923311846,82.67444905808705
24,2025-01-01 01:55:00,58.77289521362656,57.491177707299045,58.77289521362656,52.97641149902499,19.33192851878093,83.21754761100048,0.0,0.0,0.0,0.0,2025-01-01 02:55:00,58.18696839501573,57.691411600511536,57.19847543502933,56.710479508085456,56.22731158424096,55.74892559159072,55.27527415743165,54.806310425347775,54.341988001377274,53.882260950751416,53.42708379331439
25,2025-01-01 02:00:00,59.790254095506455,58.186119799472266,59.790254095506455,53.88403289019183,19.0534367006988,82.77643159334909,13.436173362201338,0.0,0.0,0.0,2025-01-01 03:00:00,59.23271135367198,58.72294536629396,58.21708329344039,57.716258528293295,57.22038956587242,56.72942821361781,56.24332587810046,55.76203447052387,55.28550637738351,54.813694456420365,54.34655203193926
26,2025-01-01 02:05:00,59.05889410031934,59.233041000879155,59.05889410031934,53.299760472562305,19.08941675709983,82.37986572958604,1.2481547223983678,0.0,0.0,0.0,2025-01-01 03:05:00,58.55769121980346,58.055428724609584,57.558299665245855,57.06608627438456,56.57874441078564,56.09622573945016,55.618482528799355,55.14546751627419,54.677133907161775,54.213435369871426,53.754326031353735
27,2025-01-01 02:10:00,58.52506223190064,58.55624708020263,58.52506223190064,52.79883661917618,19.296280407324595,82.3500036745152,0.0,0.0,0.0,0.0,2025-01-01 03:10:00,58.021960168333024,57.52315008762538,57.02929526047859,56.54032758607837,56.05619921123688,55.57686222777466,55.102269215931635,54.632373224872985,54.16712776844412,53.70648682056104,53.25040481065739
28,2025-01-01 02:15:00,57.76427789647055,58.01886077936452,57.76427789647055,52.07727880133817,19.644973543985028,82.14913858488521,0.0,0.0,0.0,0.0,2025-01-01 03:15:00,57.270303224990066,56.7742154527201,56.28322652321657,55.79709177756796,55.3157684185054,54.83920868637757,54.36736543965681,53.90019199944467,53.43764214892725,52.97967012869304,52.52623063220895
29,2025-01-01 02:20:00,57.21648466034326,57.269358897681855,57.21648466034326,51.56223660119424,19.58238529602161,81.93089729101082,6.400744172636954,0.0,0.0,0.0,2025-01-01 03:20:00,56.72021572852338,56.227613322149274,55.73991979670202,55.257052039121234,54.77896322154611,54.30560602188938,53.83693361227034,53.37289962756276,52.91345816153238,52.45856376227589,52.00817142772496
30,2025-01-01 02:25:00,56.37905439061706,56.71452938104371,56.37905439061706,50.70433089707983,19.818737213257386,81.41242859511536,26.06044775438488,0.0,0.0,0.0,2025-01-01 03:25:00,55.888074581326414,55.39282179264235,54.902717110676,54.417456307661666,53.93699828382568,53.461295321616554,52.99030036544061,52.52396682028787,52.06224855243492,51.605099884737555,51.152475592115806
31,2025-01-01 02:30:00,56.11330386492933,55.882167204542526,56.11330386492933,50.363713251369994,20.371829680364836,80.50562550633035,22.14290679816178,0.0,0.0,0.0,2025-01-01 03:30:00,55.60149122312368,55.101459971663715,54.60619613398766,54.11583879300967,53.63033435924062,53.149634939567385,52.673692975362826,52.20246138245241,51.735893542549334,51.273943298748144,50.81656495095566
32,2025-01-01 02:35:00,55.82007773301937,55.60921018915126,55.82007773301937,50.25530901547006,20.03572827681122,81.63193540765185,4.498967646108305,0.0,0.0,0.0,2025-01-01 03:35:00,55.32560472050229,54.84153858340597,54.362114339068384,53.88743895058719,53.41746128958932,52.95213497443627,52.49141396800416,52.035252691888644,51.583606018688826,51.13642926762944,50.693678200138336
33,2025-01-01 02:40:00,55.706483214697975,55.3259966155902,55.706483214697975,50.15599116520529,20.25811779665923,82.36317307186361,3.272561924395484,0.0,0.0,0.0,2025-01-01 03:40:00,55.208872168039974,54.726586793183564,54.24879369210014,53.7757368681002,53.30736165647838,52.84362193394813,52.3844718176492,51.92986588465601,51.47975916143362,51.03410711955193,50.59286567127614
34,2025-01-01 02:45:00,55.02803052053519,55.21056798166962,55.02803052053519,49.58963134313407,20.13954335366981,82.85194563852065,6.576397543852103,0.0,0.0,0.0,2025-01-01 03:45:00,54.55444037938071,54.08018628854242,53.61077037079666,53.1459963339775,52.68582224547702,52.23020247162849,51.77909194155458,51.33244602744018,50.89022054323023,50.45237174017445,50.018856302501554
35,2025-01-01 02:50:00,54.19617077512325,55.80743389061801,54.19617077512325,83.29421263552979,19.92091550142525,83.16367595376262,11.062134662707988,1.0,0.0,0.0,2025-01-01 03:50:00,56.840022441928696,59.364067749157,61.86566150436282,64.34242883396014,66.79468557851463,69.222672423919,71.62662961917087,74.00679498300732,76.36340398190501,78.69668975190365,81.00688312170948
36,2025-01-01 02:55:00,54.781661611249575,56.84429863434575,54.781661611249575,83.83256704407387,19.54159885631281,84.34406924408442,22.87634291829692,1.0,0.0,0.0,2025-01-01 03:55:00,57.38634773649045,59.91056996414158,62.411286901497185,64.88721450029703,67.33863905762331,69.76580197262888,72.16894339131605,74.54830105229843,76.9041103421321,79.23660431774312,81.54601372950657
37,2025-01-01 03:00:00,57.25126589221264,56.13418138604787,57.25126589221264,51.560847797513645,19.43399753092034,83.28656661731752,15.940627804580084,0.0,0.0,0.0,2025-01-01 04:00:00,56.677403528915896,56.19075033503483,55.70671178710227,55.22752320038889,54.75307551091603,54.28332344734261,53.818220492785585,53.35772063647284,52.90177832176321,52.45034844292043,52.00338634061632
38,2025-01-01 03:05:00,58.79688360277705,56.677686086208425,58.79688360277705,52.951901205167864,20.075944934235,85.23217794328315,15.606452448831025,0.0,0.0,0.0,2025-01-01 04:05:00,58.23184843439788,57.72899110942639,57.229582421071335,56.73515762007279,56.245624999546045,55.76093728638026,55.28104649988695,54.80590516598287,54.33546627957595,53.869683300804034,53.40851015040681
39,2025-01-01 03:10:00,58.11085366290443,58.18350501840276,58.11085366290443,51.49586222091828,19.449944729839665,80.58897239563893,11.335483831771842,0.0,0.0,1.0,2025-01-01 04:10:00,57.5313734922608,56.9549343513033,56.384272950365435,55.81925738900833,55.2598338084647,54.70594681071862,54.15754160198797,53.61456392927037,53.0769600765432,52.54467685940727,52.01766161982645
40,2025-01-01 03:15:00,57.32842494590189,58.78761526591039,57.32842494590189,85.33168435012303,17.957291996351504,77.67259765074459,0.0,1.0,0.0,1.0,2025-01-01 04:15:00,59.87235783907359,62.30149328835006,64.70900794122512,67.09263019591262,69.45266363803827,71.78933991207441,74.10289023157407,76.393543471508,78.66152624304175,80.90706291454606,83.13037563383125
41,2025-01-01 03:20:00,58.01220925243329,59.91003570079704,58.01220925243329,86.64837439539542,18.222797156989166,76.90057414337149,0.0,1.0,0.0,0.0,2025-01-01 04:20:00,60.57708268460588,63.06558957099491,65.53084463035923,67.97166401619899,70.38832775167117,72.78107387272328,75.15013911850971,77.49575785659093,79.81816213577699,82.11758170828287,84.39424405247911
42,2025-01-01 03:25:00,60.74795855705211,59.33298323936271,60.74795855705211,54.72484721607343,17.887309213846056,78.71539074845252,0.5817890211998975,0.0,0.0,0.0,2025-01-01 04:25:00,60.13754556080792,59.62280672867521,59.11074167364634,58.6038098662203,58.101893369565126,57.604944360384344,57.11291362676977,56.62575249414235,56.14341276829479,55.665846732031866,55.1930071404118
43,2025-01-01 03:30:00,62.04471259200026,60.1382068383545,62.04471259200026,55.91741402614872,17.960461622731064,79.21917499143021,1.261583680426158,0.0,0.0,0.0,2025-01-01 04:30:00,61.460355631712744,60.93223540739318,60.40797945074416,59.888948821263874,59.375054015552585,58.86624522513982,58.36247208645479,57.86368476267513,57.369833909446434,56.880870670793286,56.396746674264584
44,2025-01-01 03:35:00,61.25201613940619,61.461709599941415,61.25201613940619,55.28026138226573,18.48930843078168,81.20784002010143,0.0,0.0,0.0,0.0,2025-01-01 04:35:00,60.733155218592955,60.212246288290245,59.69668674791915,59.18622443322809,58.68081427729693,58.180406133900284,57.6849505023204,57.19439836771582,56.7087012004511,56.22781095118297,55.75168004610992
45,2025-01-01 03:40:00,60.98471722085496,60.72184077941368,60.98471722085496,54.82131099167449,19.19393473049848,79.70019878010064,16.781968842708768,0.0,0.0,0.0,2025-01-01 04:40:00,60.43563481878405,59.899667743974845,59.36879767552397,58.84318720048726,58.32277851197026,57.80752028354077,57.29736153718463,56.79225180372315,56.29214111335196,55.79697999081822,55.306719450522834
46,2025-01-01 03:45:00,60.49071733956752,60.44006525934205,60.49071733956752,54.47175774560489,19.262552140086157,81.11838233030608,6.982312450572019,0.0,0.0,0.0,2025-01-01 04:45:00,59.96024234448145,59.436134483886896,58.917183523447314,58.4033694066072,57.89464045765833,57.39094637156943,56.892237317971116,56.39846396028908,55.90957745021341,55.425529422883706,54.94627199210388
47,2025-01-01 03:50:00,60.03774098512509,59.96019797153926,60.03774098512509,54.07525923036145,19.42355028177349,81.27738935933307,1.3927315924800556,0.0,0.0,0.0,2025-01-01 04:50:00,59.511347198761335,58.99226682949947,58.47826695815653,57.96935564932611,57.46548096613513,56.966593103929206,56.4726427072678,55.98358091035859,55.499359330999404,55.01993006582494,54.5452456855668
48,2025-01-01 03:55:00,59.74332767429408,59.511663732747664,59.74332767429408,53.819382254917485,19.239570892691628,80.79782756981673,0.0,0.0,0.0,0.0,2025-01-01 04:55:00,59.21650202161838,58.701245386649404,58.19091659795713,57.68564313970978,57.18537021976774,56.69004847662022,56.19962890527311,55.71406298929702,55.23330269233071,54.75730045342874,54.28600918235366
49,2025-01-01 04:00:00,58.95597854448344,59.21467603627568,58.95597854448344,53.0819997873567,19.2683167685803,80.88175384470871,13.804469245676229,0.0,0.0,0.0,2025-01-01 05:00:00,58.44580097407688,57.933397935929264,57.426262576883936,56.92414100311806,56.426989042062985,55.934757362595896,55.44739727293567,54.96486055912017,54.487099484468374,54.014066784743584,53.54571566348071
50,2025-01-01 04:05:00,58.5479600124975,58.454244224796064,58.5479600124975,52.86113554641795,18.27791921353739,81.0368398197071,8.470125682153176,0.0,0.0,0.0,2025-01-01 05:05:00,58.04531082755223,57.55030091427034,57.060118128915974,56.57478859871446,56.09426229554803,55.61849173603942,55.14742985140128,54.6810300401782,54.219246162086435,53.76203253349115,53.3093439228859
51,2025-01-01 04:10:00,58.12780845346985,58.04208510547494,58.12780845346985,52.44377578137339,19.03609821293801,81.53162769112777,0.0,0.0,0.0,0.0,2025-01-01 05:10:00,57.625709857832675,57.130905802608446,56.640936000361535,56.15581709795164,55.67549934468724,55.19993527089337,54.72907782839716,54.26288043596331,53.80129697333321,53.34428177669885,52.891789634184384
52,2025-01-01 04:15:00,57.58535069848086,57.6226586957334,57.58535069848086,51.90567147790479,19.60854711327153,82.19963926429446,3.9595892046706473,0.0,0.0,0.0,2025-01-01 05:15:00,57.08665756069235,56.591863067263304,56.1019935292015,55.61697144666659,55.13674962127325,54.661280524169406,54.19051711843245,53.724412832079956,53.26292155406551,52.80599762970076,52.35359585613931
53,2025-01-01 04:20:00,57.06035087502408,57.0853307994671,57.06035087502408,51.393336544894225,19.27275262306944,81.67038996108587,22.503205184445843,0.0,0.0,0.0,2025-01-01 05:20:00,56.56236948158075,56.068727258266996,55.57998649960745,55.09608235141409,54.616967387413254,54.14259419739398,53.67291585260339,53.20788588840926,52.747458300046205,52.29158753805521,51.84022850377775
54,2025-01-01 04:25:00,57.07322721793559,56.5622446794793,57.07322721793559,51.397840434485175,19.709246886098416,82.4805051567913,14.72918563304612,0.0,0.0,0.0,2025-01-01 05:25:00,56.56124061494922,56.068491756054456,55.580236922915674,55.09682465530616,54.61819641308266,54.14430513563243,53.67510393373684,53.2105463901866,52.7505865469463,52.295178900830464,51.84427839899596
55,2025-01-01 04:30:00,56.670065774217285,56.568030870462,56.670065774217285,51.1689882122341,19.538254681090248,84.24190939259071,7.1700503695940725,0.0,0.0,0.0,2025-01-01 05:30:00,56.184043109291615,55.70517602906544,55.230984930383954,54.76148858527599,54.296638773331324,53.836389555508326,53.38069539870033,52.92951122175506,52.48279238965035,52.04049470911536,51.60257442425756
56,2025-01-01 04:35:00,56.13766914523418,56.18212975985946,56.13766914523418,50.66686231671554,19.64129996500311,83.85826699510004,8.414990516375312,0.0,0.0,0.0,2025-01-01 05:35:00,55.65755922623524,55.18093120377949,54.70905463179685,54.24184727015089,53.77926385892486,53.321258609455185,52.86778621262179,52.418801807014134,51.97426097523184,51.53411973947056,51.098334557171846
57,2025-01-01 04:40:00,55.80349861794589,55.65851925170608,55.80349861794589,50.38316198742267,19.73345025503226,84.3836433589771,6.19502297691351,0.0,0.0,0.0,2025-01-01 05:40:00,55.323055655315336,54.85140705517847,54.38431724871167,53.9218531501331,53.463965953600294,53.01061044347055,52.561741767687785,52.11731552036026,51.67728773501769,51.24161488032517,50.81025385577497
58,2025-01-01 04:45:00,55.45241096140247,55.31623327986145,55.45241096140247,49.95579581048299,20.2250242593281,83.31167225728542,9.425648414244138,0.0,0.0,0.0,2025-01-01 05:45:00,54.96550779018935,54.487185046934954,54.01349465496246,53.54449509386038,53.080137121387686,52.62037487608179,52.1651628722305,51.71445607640134,51.26820990079823,50.82638019890959,50.38892326113937
59,2025-01-01 04:50:00,54.93903287352882,54.96916543955209,54.93903287352882,49.58190155054377,19.36172145994821,81.85382065533304,1.8490225407007177,0.0,0.0,0.0,2025-01-01 05:50:00,54.468702953101335,54.002002543660105,53.53994873138248,53.082467092374465,52.62951314403394,52.18104205531828,51.73700946017381,51.29737143106006,50.862084475200525,50.4311055302639,50.004391960104385
60,2025-01-01 04:55:00,54.57320335066517,54.470352686831845,54.57320335066517,49.28452366274436,19.1202487937857,81.71823307544942,0.2742416500577667,0.0,0.0,0.0,2025-01-01 05:55:00,54.10540994129011,53.64509759822819,53.18926393964152,52.73794372100197,52.291090137444115,51.84865904060017,51.4106066598063,50.976889659194036,50.54746513174442,50.122290595088025,49.701323987301095
61,2025-01-01 05:00:00,53.55097564933296,54.1020279335218,53.55097564933296,48.316966673696484,19.344802624135244,81.7396358043613,13.660666500960712,0.0,0.0,0.0,2025-01-01 06:00:00,53.104281255711285,52.646738531675396,52.19413643311254,51.746002576833746,51.302304177262194,50.86299702808558,50.428037677682056,49.99738309590244,49.57099067869588,49.1488182436552,48.73082402585035
62,2025-01-01 05:05:00,53.17698616854288,53.10381422598499,53.17698616854288,47.94218794111356,20.00309753534981,83.90620754277636,22.353999577331543,0.0,0.0,0.0,2025-01-01 06:05:00,52.714251506388145,52.25859305018986,51.807376800530974,51.3606280338319,50.91830066579509,50.48035098857885,50.04673567505562,49.61741182830455,49.19233697591537,48.77146906582597,48.35476646216112
63,2025-01-01 05:10:00,53.07344719237783,52.71087081119948,53.07344719237783,47.80474952803345,20.501116090814502,83.41664680698813,10.528610223719882,0.0,0.0,0.0,2025-01-01 06:10:00,52.60099384735676,52.143206663830746,51.68968038320998,51.240649912902015,50.79606327556392,50.35587669289531,49.92004661234161,49.488529917989744,49.0612839204911,48.63826635299528,48.219435366964454
64,2025-01-01 05:15:00,53.080031783107806,52.59308648285655,53.080031783107806,47.670841170586804,20.975335849356163,82.0119983433848,16.47341413153682,0.0,0.0,0.0,2025-01-01 06:15:00,52.592199320930646,52.1225450317054,51.65717836091971,51.19642713439334,50.74023567434274,50.28855912303701,49.84135278938193,49.39857243207762,48.96017424747565,48.526114865455355,48.09635134512759
65,2025-01-01 05:20:00,52.6877641818188,52.59599626766963,52.6877641818188,47.41998233004932,20.68395517291959,81.80007882703664,0.0,0.0,0.0,0.0,2025-01-01 06:20:00,52.22250612736637,51.76392867674127,51.309833679564,50.86023434943115,50.41508463811225,49.97434054996557,49.53795848164834,49.10589526252224,48.67810814917491,48.25455482122402,47.835193377129706
66,2025-01-01 05:25:00,52.10104852452909,52.21514897528041,52.10104852452909,46.76509008889227,21.108469849376668,80.820404796247,12.808472341172685,0.0,0.0,0.0,2025-01-01 06:25:00,51.63443410840987,51.16935119052632,50.70895452600747,50.253112130823894,49.80178124339766,49.354917151155924,48.91247564815978,48.47441296424257,48.04068576247534,47.61125113483105,47.18606659794106
67,2025-01-01 05:30:00,51.64813966929535,51.631380063052546,51.64813966929535,46.31262095574174,21.61901658133513,80.92830305992184,9.396347065248602,0.0,0.0,0.0,2025-01-01 06:30:00,51.17826861478558,50.71362696636879,50.253568211379715,49.79806305478225,49.34706599611645,48.90053243069999,48.45841818327077,48.02067951609167,47.587273124286774,47.15815613156637,46.73328608598499
68,2025-01-01 05:35:00,51.53977616311075,51.176879169725375,51.53977616311075,46.201111005825986,21.2699922710718,79.03142023345242,2.645128345227288,0.0,0.0,0.0,2025-01-01 06:35:00,51.06113368885493,50.597256770430064,50.13769999467426,49.68269874052361,49.23220041110906,48.78616064407375,48.34453530779469,47.907280713042816,47.474353602827016,47.045711148272325,46.62131094437869
69,2025-01-01 05:40:00,51.02064417159585,52.311533212193986,51.02064417159585,80.14854355094874,21.34806383340336,79.09640821127931,5.334589027637431,1.0,0.0,0.0,2025-01-01 06:40:00,53.65948373431297,56.18706362011238,58.69192750619772,61.17193879917322,63.627407234433235,66.05857398913712,68.46567962218006,70.8489622638962,73.20865768914675,75.5449993393074,77.85821834539831
70,2025-01-01 05:45:00,51.55156497734559,53.65541777349953,51.55156497734559,80.50421125577125,21.783887425314777,79.53197131604313,20.09337389912384,1.0,0.0,0.0,2025-01-01 06:45:00,54.148736776482366,56.66426287831642,59.156403678143285,61.623839100866505,64.06685555345275,66.48569357759769,68.88059249642657,71.25178923311532,73.59951836687168,75.92401215526309,78.22550055721729
71,2025-01-01 05:50:00,53.91378358585086,54.15114940788537,53.91378358585086,82.60866218844964,21.43454164741978,79.1308433948993,13.64663854764719,1.0,0.0,0.0,2025-01-01 06:50:00,56.44260276197502,58.9412639058036,61.41533448783303,63.86491558860667,66.2902534217742,68.69158781784319,71.06915634030517,73.42319419862085,75.75393427447366,78.06160714472782,80.34644110424108
72,2025-01-01 05:55:00,56.54875635300865,56.44198266571301,56.54875635300865,84.94017273795407,21.874398600140687,79.68949300085464,4.549849286816439,1.0,0.0,0.0,2025-01-01 06:55:00,59.043497431189095,61.516630944937084,63.965204742512775,66.38954738887173,68.78989638945615,71.16648927040404,73.51956114303346,75.84934479350804,78.15607070407299,80.43996707590472,82.70125985168517
73,2025-01-01 06:00:00,59.22123236605145,57.786574108251,59.22123236605145,52.7768973029881,22.11573641940456,79.00612282459599,21.259737104325147,0.0,0.0,0.0,2025-01-01 07:00:00,58.5744022957391,58.02289845808768,57.47445138795064,56.93149711961797,56.393914688309714,55.8616527278814,55.334658533354514,54.81287997125305,54.29626542271598,53.784763779787696,53.278324440324184
74,2025-01-01 06:05:00,60.435871642507145,58.57605615416147,60.435871642507145,53.90926920451297,22.079501844183145,79.72424653636688,24.719480167411607,0.0,0.0,0.0,2025-01-01 07:05:00,59.817537963848096,59.25449925134876,58.69570490660104,58.14247678148462,57.59472295603016,57.05239024603988,56.515424972173264,55.9837740139373,55.45738477582457,54.936205182882624,54.420183675541374
75,2025-01-01 06:10:00,59.73680477876205,59.80915535365257,59.73680477876205,53.14603255062962,22.34783452004785,79.03019983888095,59.54327986738886,0.0,0.0,0.0,2025-01-01 07:10:00,59.15982927214787,58.58545378579903,58.016846855765486,57.45386512878359,56.896455262066176,56.3445620483106,55.79813089120656,55.25710773303566,54.72143905113285,54.19107185254267,53.66595366877805
76,2025-01-01 06:15:00,58.85412987674,59.16005644983966,58.85412987674,52.36669428854187,22.14861987880529,78.7444298700213,63.43363623350057,0.0,0.0,0.0,2025-01-01 07:15:00,58.29099389144214,57.72503789933572,57.164909806856244,56.610319149980036,56.06121741145936,55.5175500980055,54.979263429998824,54.44630415536517,53.918619549190375,53.396157408372396,52.878866046460494
77,2025-01-01 06:20:00,58.21359584022449,58.28804211109263,58.21359584022449,51.71319635139403,22.16434503045364,78.74333374480175,84.81811416843776,0.0,0.0,0.0,2025-01-01 07:20:00,57.643326031088,57.07697383953294,56.5162734238431,55.96112097017531,55.41146286363051,54.86724469204201,54.32841261761741,53.79491333442557,53.26669406412735,52.7437025507272,52.225887055404286
78,2025-01-01 06:25:00,57.58684243222758,57.633091825186746,57.58684243222758,50.940424895454164,22.466749676722863,77.41313830613196,119.38491430306696,0.0,0.0,0.0,2025-01-01 07:25:00,57.00306875904736,56.42407949326249,55.85084727302408,55.283287576055145,54.72134500557086,54.16496394909285,53.61408936516714,53.068666756524834,52.52864216526854,51.9939621675188,51.46457386812932
79,2025-01-01 06:30:00,56.942582186173205,56.99847337325183,56.942582186173205,50.29250080528407,23.21913600813693,77.70770532849325,117.6987749234264,0.0,0.0,0.0,2025-01-01 07:30:00,56.35890947055104,55.7795493383636,55.205962636932604,54.63805162368575,54.07576122315401,53.51903577883288,52.96782021545825,52.422060002021574,51.8817011472269,51.346690194126516,50.816974214833195
80,2025-01-01 06:35:00,56.51934282272892,56.35804699070211,56.51934282272892,49.83564838627676,22.458006602734336,77.50712007224017,162.901541459834,0.0,0.0,0.0,2025-01-01 07:35:00,55.927194923963775,55.34558202541256,54.769599080038425,54.19932001509439,53.63468487844609,53.07563790699686,52.52212379243152,51.97408777644052,51.431475642583436,50.894233710998876,50.36230883309202
81,2025-01-01 06:40:00,55.71343705530695,55.92132611683847,55.71343705530695,49.03997596398476,22.99044770931949,76.5188453568079,158.2689576169458,0.0,0.0,0.0,2025-01-01 07:40:00,55.13163860033338,54.54976148120827,53.973800789354556,53.403536091987824,52.83891538773628,52.279882700256685,51.7263827284443,51.178360715232124,50.635762445569256,50.09853424096575,49.56662295418477
82,2025-01-01 06:45:00,54.985911027806274,55.12827071899791,54.985911027806274,48.287196786193725,23.05359044614845,77.11667301177839,191.7509471905192,0.0,0.0,0.0,2025-01-01 07:45:00,54.39990499685658,53.81607129077347,53.23811371211473,52.665873502267736,52.09929679356145,51.53832746127007,50.98291001148073,50.43298949746594,49.888511516357845,49.3494222037093,48.815668228166665
83,2025-01-01 06:50:00,54.10849015628505,54.392855175439,54.10849015628505,47.36606807931457,23.937985670584144,77.82058157426928,209.144602168752,0.0,0.0,0.0,2025-01-01 07:50:00,53.52223621265423,52.93415584925726,52.352101695783986,51.77580253667756,51.20520712871013,50.64025886787381,50.080901868832704,49.5270807950656,48.97874085782934,48.43582781061879,47.89828794380358
84,2025-01-01 06:55:00,53.59670092455696,53.52108421696257,53.59670092455696,46.879236118779865,23.84720807415397,77.34934497528103,213.78648498969795,0.0,0.0,0.0,2025-01-01 07:55:00,53.00368982277531,52.41887792610794,51.83979095248582,51.26643686999585,50.69875719525095,50.13669581608339,49.58019712725984,49.02920607517604,48.48366815105493,47.943529385590736,47.408736343608915
85,2025-01-01 07:00:00,53.39612057739436,53.00885219816894,53.39612057739436,46.757072093045814,22.934785534929016,77.60885942299946,230.88418380399185,0.0,0.0,0.0,2025-01-01 08:00:00,52.80251264911036,52.22544706335948,51.6538045864098,51.08782740304899,50.52745145447224,49.9726215213332,49.4232827091971,48.879380672900496,48.34086160496939,47.807672230463766,47.27975980170261
86,2025-01-01 07:05:00,52.96809294857881,52.79750598087819,52.96809294857881,46.274878763903715,23.109532545416748,77.08822171463422,248.8166856304403,0.0,0.0,0.0,2025-01-01 08:05:00,52.37520474586397,51.79275083344845,51.2159381152404,50.64483741088863,50.07938876868008,49.51953634283269,48.96522474540835,48.41639913920204,47.87300522966034,47.334989259581874,46.80229800379727
87,2025-01-01 07:10:00,52.16116809425241,52.36310393665825,52.16116809425241,45.332539528946434,23.205045981675173,74.17213115332994,278.3112542387189,0.0,0.0,0.0,2025-01-01 08:10:00,51.56540548643345,50.97005227470017,50.38073941436603,49.797254949338225,49.21954530584454,48.64755321981651,48.08122210790121,47.52049594367006,46.96531925526808,46.4156371198399,45.8713951580987
88,2025-01-01 07:15:00,51.10465308526421,51.560848879137595,51.10465308526421,44.288911278453796,23.25328782684468,73.87826897252947,304.31830014972263,0.0,0.0,0.0,2025-01-01 08:15:00,50.51620085699758,49.92121470579072,49.33245082578878,48.74950489696161,48.17232859512654,47.60086456864984,47.035056290208395,46.47484778499447,45.92018363236713,45.371008960175374,44.82726943933502
89,2025-01-01 07:20:00,50.66457690767119,50.50704717474774,50.66457690767119,43.71712163455162,24.14496837415852,73.39031583177328,314.0868899948861,0.0,0.0,0.0,2025-01-01 08:20:00,50.04906419158306,49.44449850668687,48.84578505511774,48.253000578389276,47.66608276121141,47.08497363978535,46.50961572311847,45.93995209192704,45.37592639018076,44.81748281960385,44.26456613415292
90,2025-01-01 07:25:00,50.35686993427665,51.300140394532285,50.35686993427665,77.83022391616637,23.841746375762305,73.40185943841897,331.96194881045125,1.0,0.0,0.0,2025-01-01 08:25:00,52.84133414872389,55.225888572411414,57.58887726426247,59.92842465703381,62.24481916209862,64.53828839882507,66.80905929846779,69.05735650410219,71.28340243666469,73.48741731577314,75.66961918154493
91,2025-01-01 07:30:00,50.818448221260766,52.83867212296468,50.818448221260766,78.15606970983234,23.86282476013241,73.22156558891733,347.386056751388,1.0,0.0,0.0,2025-01-01 08:30:00,53.27172429283291,55.64681066026481,57.999846778840826,60.32955571346001,62.636208709359465,64.92003285948573,67.18125412910925,69.4200962168928,71.63678060838254,73.83152659707241,76.00455130612133
92,2025-01-01 07:35:00,53.22521548720449,53.271418459878305,53.22521548720449,80.20856105399102,23.444126996217246,73.11994411005261,371.1481200096654,1.0,0.0,0.0,2025-01-01 08:35:00,55.598632483753555,57.948817281040185,60.275735478839685,62.57962448365806,64.8607120213735,67.11922376205044,69.35538313696273,71.56941136624161,73.76152748061111,75.93194834306033,78.08088867029738
93,2025-01-01 07:40:00,55.7022448901817,55.59269123913104,55.7022448901817,82.2809012838853,23.91589943227373,73.03991017096044,388.0603464103664,1.0,0.0,0.0,2025-01-01 08:40:00,58.03744590248491,60.35270364249411,62.64496184968871,64.91453601464966,67.16164826725432,69.38652097588584,71.5893742423502,73.7704259918952,75.92989199292649,78.06798587840308,80.18491916697033
94,2025-01-01 07:45:00,58.31130073580061,56.786690882915174,58.31130073580061,50.16567791557761,24.00206876845419,74.01330775315404,398.99339910307344,0.0,0.0,0.0,2025-01-01 08:45:00,57.51265193060367,56.8132360800232,56.118275948350394,55.430260403483054,54.74905231172012,54.07458614733223,53.40679513595136,52.74561321530465,52.09097497555031,51.44281565424152,50.8010711298808
95,2025-01-01 07:50:00,59.4307385212151,57.50659681086055,59.4307385212151,51.06291058640843,24.50316759145181,74.13445442954969,419.0241758320326,0.0,0.0,0.0,2025-01-01 08:50:00,58.64875282119897,57.925555714102245,57.20813744635521,56.49785665709265,55.79460447211413,55.09831236225881,54.408911416163974,53.72633343311611,53.050510886607036,52.38137691845557,51.71886533217171
96,2025-01-01 07:55:00,58.52592348764508,58.64204952699401,58.52592348764508,50.18365388593002,24.61185565603708,72.44239776538213,430.75631312531056,0.0,0.0,0.0,2025-01-01 08:55:00,57.796108753383855,57.069032849106634,56.349273869473066,55.63663503444792,54.93104923486388,54.23244657652177,53.540757950108315,52.85591492776586,52.17784975893138,51.506495363563594,50.84178532550873
97,2025-01-01 08:00:00,58.08146656330143,57.78998728432608,58.08146656330143,49.63121001313247,24.43486103444541,71.32931431350177,465.2993748257698,0.0,0.0,0.0,2025-01-01 09:00:00,57.330575417773304,56.595509939114116,55.867492676581506,55.14668668235444,54.43301429985946,53.72640509791954,53.0267891680424,52.334097298325105,51.64826096172393,50.969212309406956,50.2968841640383
98,2025-01-01 08:05:00,57.389071294502685,57.329973565525854,57.389071294502685,48.99673255967007,24.881904334794697,72.77554070503878,472.8663057851341,0.0,0.0,0.0,2025-01-01 09:05:00,56.649509650619095,55.91872620609738,55.19513588960129,54.47870797032189,53.76937046979774,53.06705324405297,52.37168681301961,51.68320238508842,51.00153184945482,50.32660776940369,49.65836337563732
99,2025-01-01 08:10:00,56.79434933217976,56.644631893205684,56.79434933217976,48.353174160348225,24.537056881235905,71.24580545225038,499.3338124156096,0.0,0.0,0.0,2025-01-01 09:10:00,56.04797865073432,55.31324902945057,54.58567609871586,53.86530701961032,53.152067309645105,52.44588649589704,51.74669471453698,51.05442279556075,50.36900225347142,49.69036528057102,49.01844474025052
100,2025-01-01 08:15:00,56.0093735586405,56.046936582266504,56.0093735586405,47.6293368176633,24.687992441106047,71.7370520418404,508.2792171994432,0.0,0.0,0.0,2025-01-01 09:15:00,55.27320169871267,54.54320752698447,53.820467993495,53.104880565019066,52.396375287562684,51.694882047054755,51.0003314463588,50.3126547745363,49.63178400069389,48.95765176723574,48.29019138320043
