Timestamp,Temperature,Humidity,Light,Soil_Moisture,Drip,Mist,Fan
2026-04-08 11:30:00,30.0,37.7,767.7,53.5,0.0,0.0,0.0
2026-04-08 11:30:05,30.0,37.8,793.8,53.5,0.0,0.0,0.0
2026-04-08 11:30:10,29.9,37.8,782.6,53.5,0.0,0.0,0.0
2026-04-08 11:30:15,30.0,37.8,788.0,53.5,0.0,0.0,0.0
2026-04-08 11:30:20,29.9,37.9,794.6,53.5,0.0,1.0,0.0
2026-04-08 11:30:25,30.1,41.4,790.8,53.5,0.0,1.0,0.0
2026-04-08 11:30:30,30.0,46.2,779.8,53.5,0.0,1.0,0.0
2026-04-08 11:30:35,30.0,48.3,776.6,53.5,0.0,1.0,0.0
2026-04-08 11:30:40,30.0,50.4,773.5,53.5,0.0,1.0,0.0
2026-04-08 11:30:45,29.9,52.8,784.0,53.5,0.0,1.0,0.0
2026-04-08 11:30:50,30.0,55.0,809.7,53.5,0.0,1.0,0.0
2026-04-08 11:30:55,30.0,56.9,787.7,53.5,0.0,1.0,0.0
2026-04-08 11:31:00,30.0,58.6,793.3,53.5,0.0,1.0,0.0
2026-04-08 11:31:05,30.0,60.1,793.4,53.5,0.0,1.0,0.0
2026-04-08 11:31:10,30.1,61.5,814.5,53.5,0.0,1.0,0.0
2026-04-08 11:31:15,30.0,62.7,783.3,53.5,0.0,1.0,0.0
2026-04-08 11:31:20,29.9,63.9,780.9,53.5,0.0,1.0,0.0
2026-04-08 11:31:25,30.1,65.1,782.8,53.5,0.0,1.0,0.0
2026-04-08 11:31:30,30.1,66.1,775.3,53.5,0.0,1.0,0.0
2026-04-08 11:31:35,30.1,67.0,791.4,53.5,0.0,1.0,0.0
2026-04-08 11:31:40,29.9,67.8,776.9,53.5,0.0,1.0,0.0
2026-04-08 11:31:45,29.9,68.6,778.8,53.5,0.0,1.0,0.0
2026-04-08 11:31:50,30.1,69.2,766.5,53.5,0.0,1.0,0.0
2026-04-08 11:31:55,30.1,69.7,798.9,53.5,0.0,1.0,0.0
2026-04-08 11:32:00,30.1,70.2,772.5,53.5,0.0,1.0,0.0
2026-04-08 11:32:05,29.9,70.5,777.8,53.5,0.0,1.0,0.0
2026-04-08 11:32:10,30.0,70.9,778.4,53.5,0.0,1.0,0.0
2026-04-08 11:32:15,29.9,71.3,807.1,53.5,0.0,1.0,0.0
2026-04-08 11:32:20,30.0,71.8,768.2,53.5,0.0,1.0,0.0
2026-04-08 11:32:25,30.1,72.1,795.9,53.5,0.0,1.0,0.0
2026-04-08 11:32:30,30.0,72.3,773.0,53.5,0.0,1.0,0.0
2026-04-08 11:32:35,30.0,72.6,803.6,53.5,0.0,1.0,0.0
2026-04-08 11:32:40,29.8,72.8,778.4,53.5,0.0,1.0,0.0
2026-04-08 11:32:45,29.8,73.1,784.0,53.6,0.0,1.0,0.0
2026-04-08 11:32:50,30.1,73.1,772.7,53.6,0.0,0.0,0.0
2026-04-08 11:32:55,30.0,72.0,785.9,53.6,0.0,0.0,0.0
2026-04-08 11:33:00,30.1,70.9,820.4,53.6,0.0,0.0,0.0
2026-04-08 11:33:05,30.0,69.8,765.8,53.5,0.0,0.0,0.0
2026-04-08 11:33:10,29.9,68.6,787.8,53.5,0.0,0.0,0.0
2026-04-08 11:33:15,30.0,67.7,778.8,53.5,0.0,0.0,0.0
2026-04-08 11:33:20,30.0,66.7,792.8,53.5,0.0,0.0,0.0
2026-04-08 11:33:25,29.9,65.6,786.5,53.5,0.0,0.0,0.0
2026-04-08 11:33:30,30.0,64.6,789.6,53.5,0.0,0.0,0.0
2026-04-08 11:33:35,30.0,63.7,789.1,53.5,0.0,0.0,0.0
2026-04-08 11:33:40,30.0,62.8,772.3,53.5,0.0,0.0,0.0
2026-04-08 11:33:45,29.8,62.0,773.7,53.6,0.0,0.0,0.0
2026-04-08 11:33:50,29.9,61.0,779.2,53.6,0.0,0.0,0.0
2026-04-08 11:33:55,30.0,60.1,763.7,53.6,0.0,0.0,0.0
2026-04-08 11:34:00,29.9,59.4,764.1,53.6,0.0,0.0,0.0
2026-04-08 11:34:05,30.0,58.6,758.1,53.6,0.0,0.0,0.0
2026-04-08 11:34:10,29.9,57.9,785.0,53.6,0.0,0.0,0.0
2026-04-08 11:34:15,30.1,57.2,765.9,53.5,0.0,0.0,0.0
2026-04-08 11:34:20,30.0,56.5,776.0,53.5,0.0,0.0,0.0
2026-04-08 11:34:25,30.0,55.9,776.5,53.5,0.0,0.0,0.0
2026-04-08 11:34:30,29.9,55.4,785.6,53.5,0.0,0.0,0.0
2026-04-08 11:34:35,30.0,55.0,778.3,53.5,0.0,0.0,0.0
2026-04-08 11:34:40,29.9,54.5,778.8,53.5,0.0,0.0,0.0
2026-04-08 11:34:45,30.0,53.8,767.0,53.5,0.0,0.0,0.0
2026-04-08 11:34:50,29.9,53.3,787.7,53.5,0.0,0.0,0.0
2026-04-08 11:34:55,29.9,52.7,774.2,53.5,0.0,0.0,0.0
2026-04-08 11:35:00,30.1,52.2,778.3,53.6,0.0,0.0,0.0
2026-04-08 11:35:05,30.0,51.6,785.4,53.6,0.0,0.0,0.0
2026-04-08 11:35:10,30.1,51.1,763.9,53.6,0.0,0.0,0.0
2026-04-08 11:35:15,30.1,50.6,789.6,53.6,0.0,0.0,0.0
2026-04-08 11:35:20,30.1,50.2,770.4,53.5,0.0,0.0,0.0
2026-04-08 11:35:25,30.0,49.8,775.7,53.5,0.0,0.0,0.0
2026-04-08 11:35:30,30.0,49.3,769.7,53.5,0.0,0.0,0.0
2026-04-08 11:35:35,30.1,48.9,763.5,53.5,0.0,0.0,0.0
2026-04-08 11:35:40,30.1,48.5,756.3,53.5,0.0,0.0,0.0
2026-04-08 11:35:45,29.9,48.3,755.1,53.5,0.0,0.0,0.0
2026-04-08 11:35:50,30.1,47.9,752.0,53.5,0.0,0.0,0.0
2026-04-08 11:35:55,30.1,47.7,768.9,53.5,0.0,0.0,0.0
2026-04-08 11:36:00,29.9,47.5,787.0,53.6,0.0,0.0,0.0
2026-04-08 11:36:05,30.1,47.0,778.4,53.6,0.0,0.0,0.0
2026-04-08 11:36:10,30.2,46.7,781.8,53.6,0.0,0.0,0.0
2026-04-08 11:36:15,30.1,46.4,752.0,53.6,0.0,0.0,0.0
2026-04-08 11:36:20,30.0,46.2,750.2,53.6,0.0,0.0,0.0
2026-04-08 11:36:25,29.9,45.9,766.3,53.6,0.0,0.0,0.0
2026-04-08 11:36:30,30.1,45.7,774.1,53.6,0.0,0.0,0.0
2026-04-08 11:36:35,30.0,45.3,785.0,53.6,0.0,0.0,0.0
2026-04-08 11:36:40,29.9,45.1,744.3,53.6,0.0,0.0,0.0
2026-04-08 11:36:45,30.1,45.0,774.8,53.6,0.0,0.0,0.0
2026-04-08 11:36:50,30.0,44.8,773.1,53.5,0.0,0.0,0.0
2026-04-08 11:36:55,29.9,44.5,753.2,53.6,0.0,0.0,0.0
2026-04-08 11:37:00,30.1,44.3,770.2,53.6,0.0,0.0,0.0
2026-04-08 11:37:05,30.0,44.0,780.2,53.6,0.0,0.0,0.0
2026-04-08 11:37:10,30.1,43.9,782.6,53.6,0.0,0.0,0.0
2026-04-08 11:37:15,30.1,43.7,775.7,53.5,0.0,0.0,0.0
2026-04-08 11:37:20,30.1,43.5,758.5,53.5,0.0,0.0,0.0
2026-04-08 11:37:25,30.1,43.3,780.2,53.5,0.0,0.0,0.0
2026-04-08 11:37:30,30.1,43.1,766.7,53.5,0.0,0.0,0.0
2026-04-08 11:37:35,30.1,43.1,766.2,53.5,0.0,0.0,0.0
2026-04-08 11:37:40,30.0,43.0,778.8,53.5,0.0,0.0,0.0
2026-04-08 11:37:45,30.0,42.9,781.9,53.5,0.0,0.0,0.0
2026-04-08 11:37:50,30.1,42.8,780.6,53.5,0.0,0.0,0.0
2026-04-08 11:37:55,30.1,42.7,763.3,53.5,0.0,0.0,0.0
2026-04-08 11:38:00,30.0,42.6,769.5,53.5,0.0,0.0,0.0
2026-04-08 11:38:05,30.0,42.4,770.4,53.5,0.0,0.0,0.0
2026-04-08 11:38:10,30.0,42.3,772.1,53.5,0.0,0.0,0.0
2026-04-08 11:38:15,30.1,42.0,791.2,53.5,0.0,0.0,0.0
2026-04-08 11:38:20,30.2,41.8,770.5,53.5,0.0,0.0,0.0
2026-04-08 11:38:25,30.1,41.8,765.6,53.5,0.0,0.0,0.0
2026-04-08 11:38:30,30.0,41.7,774.4,53.5,0.0,0.0,0.0
2026-04-08 11:38:35,29.9,41.5,762.5,53.5,0.0,0.0,0.0
2026-04-08 11:38:40,30.0,41.2,778.6,53.5,0.0,0.0,0.0
2026-04-08 11:38:45,30.1,41.2,749.3,53.6,0.0,0.0,0.0
2026-04-08 11:38:50,30.1,41.0,781.2,53.6,0.0,0.0,0.0
2026-04-08 11:38:55,30.0,40.8,768.4,53.6,0.0,0.0,0.0
2026-04-08 11:39:00,30.0,40.7,764.4,53.6,0.0,0.0,0.0
2026-04-08 11:39:05,30.1,40.6,760.1,53.5,0.0,0.0,0.0
2026-04-08 11:39:10,30.2,40.7,790.2,53.5,0.0,0.0,0.0
2026-04-08 11:39:15,30.2,40.7,799.3,53.5,0.0,0.0,0.0
2026-04-08 11:39:20,30.2,40.5,778.1,53.5,0.0,0.0,0.0
2026-04-08 11:39:25,30.1,40.5,786.1,53.5,0.0,0.0,0.0
2026-04-08 11:39:30,30.0,40.4,740.3,53.6,0.0,0.0,0.0
2026-04-08 11:39:35,30.1,40.5,744.0,53.6,0.0,0.0,0.0
2026-04-08 11:39:40,30.1,40.2,778.1,53.6,0.0,0.0,0.0
2026-04-08 11:39:45,29.9,40.1,754.7,53.5,0.0,0.0,0.0
2026-04-08 11:39:50,30.1,40.1,766.2,53.5,0.0,0.0,0.0
2026-04-08 11:39:55,30.1,40.0,773.9,53.5,0.0,0.0,0.0
2026-04-08 11:40:00,30.1,40.0,779.5,53.6,0.0,0.0,0.0
2026-04-08 11:40:05,30.1,39.9,766.2,53.6,0.0,0.0,0.0
2026-04-08 11:40:10,30.1,39.9,759.2,53.6,0.0,0.0,0.0
2026-04-08 11:40:15,30.1,39.9,744.8,53.6,0.0,0.0,0.0
2026-04-08 11:40:20,30.1,39.9,768.9,53.6,0.0,0.0,0.0
2026-04-08 11:40:25,30.1,39.8,756.9,53.6,0.0,0.0,0.0
2026-04-08 11:40:30,30.1,39.8,790.4,53.6,0.0,0.0,0.0
2026-04-08 11:40:35,30.2,39.5,764.1,53.6,0.0,0.0,0.0
2026-04-08 11:40:40,30.1,39.4,771.7,53.6,0.0,0.0,0.0
2026-04-08 11:40:45,30.1,39.3,762.4,53.6,0.0,0.0,0.0
2026-04-08 11:40:50,30.1,39.3,770.6,53.5,0.0,0.0,0.0
2026-04-08 11:40:55,30.0,39.1,768.2,53.5,0.0,0.0,0.0
2026-04-08 11:41:00,30.1,39.2,762.7,53.5,0.0,0.0,0.0
2026-04-08 11:41:05,30.1,39.1,746.4,53.6,0.0,0.0,0.0
2026-04-08 11:41:10,30.1,39.1,753.6,53.5,0.0,0.0,0.0
2026-04-08 11:41:15,30.1,39.0,793.7,53.5,0.0,0.0,0.0
2026-04-08 11:41:20,30.1,39.0,758.2,53.5,0.0,0.0,0.0
2026-04-08 11:41:25,30.0,39.0,765.9,53.5,0.0,0.0,0.0
2026-04-08 11:41:30,30.0,39.0,761.0,53.5,0.0,0.0,0.0
2026-04-08 11:41:35,30.1,38.9,771.6,53.5,0.0,0.0,0.0
2026-04-08 11:41:40,30.0,38.9,765.4,53.5,0.0,0.0,0.0
2026-04-08 11:41:45,30.1,38.8,785.7,53.5,0.0,0.0,0.0
2026-04-08 11:41:50,30.2,38.8,783.5,53.5,0.0,0.0,0.0
2026-04-08 11:41:55,29.9,38.8,775.6,53.5,0.0,0.0,0.0
2026-04-08 11:42:00,30.0,38.8,774.1,53.5,0.0,0.0,0.0
2026-04-08 11:42:05,30.0,38.7,767.0,53.5,0.0,0.0,0.0
2026-04-08 11:42:10,30.0,38.7,754.9,53.5,0.0,0.0,0.0
2026-04-08 11:42:15,30.0,38.8,756.3,53.5,0.0,0.0,0.0
2026-04-08 11:42:20,30.0,38.7,770.4,53.5,0.0,0.0,0.0
2026-04-08 11:42:25,30.1,38.6,746.7,53.5,0.0,0.0,0.0
2026-04-08 11:42:30,30.1,38.6,763.4,53.5,0.0,0.0,0.0
2026-04-08 11:42:35,29.9,38.6,757.6,53.5,0.0,0.0,0.0
2026-04-08 11:42:40,30.1,38.5,772.8,53.5,0.0,0.0,0.0
2026-04-08 11:42:45,29.9,38.6,765.2,53.5,0.0,0.0,0.0
2026-04-08 11:42:50,30.1,38.6,777.9,53.5,0.0,0.0,0.0
2026-04-08 11:42:55,30.1,38.6,767.2,53.5,0.0,0.0,0.0
2026-04-08 11:43:00,30.0,38.6,751.7,53.5,0.0,0.0,0.0
2026-04-08 11:43:05,30.2,38.7,737.2,53.6,0.0,0.0,0.0
2026-04-08 11:43:10,29.8,38.6,756.3,53.6,0.0,0.0,0.0
2026-04-08 11:43:15,30.1,38.6,756.6,53.5,0.0,0.0,0.0
2026-04-08 11:43:20,30.1,38.6,774.3,53.5,0.0,0.0,0.0
2026-04-08 11:43:25,29.9,38.5,782.0,53.5,0.0,0.0,0.0
2026-04-08 11:43:30,30.0,38.5,762.4,53.5,0.0,0.0,0.0
2026-04-08 11:43:35,29.9,38.5,749.5,53.5,0.0,0.0,0.0
2026-04-08 11:43:40,30.0,38.5,769.2,53.5,0.0,0.0,0.0
2026-04-08 11:43:45,30.1,38.5,762.2,53.5,0.0,0.0,0.0
2026-04-08 11:43:50,30.2,38.6,763.8,53.5,0.0,0.0,0.0
2026-04-08 11:43:55,30.1,38.7,753.4,53.5,0.0,0.0,0.0
2026-04-08 11:44:00,30.1,38.7,761.9,53.5,0.0,0.0,0.0
2026-04-08 11:44:05,30.0,38.5,774.0,53.5,0.0,0.0,0.0
2026-04-08 11:44:10,30.1,38.5,736.9,53.5,0.0,0.0,0.0
2026-04-08 11:44:15,29.9,38.5,764.6,53.5,0.0,0.0,0.0
2026-04-08 11:44:20,30.0,38.5,744.3,53.6,0.0,0.0,0.0
2026-04-08 11:44:25,30.1,38.4,726.7,53.6,0.0,0.0,0.0
2026-04-08 11:44:30,30.0,38.2,756.8,53.6,0.0,0.0,0.0
2026-04-08 11:44:35,30.1,38.3,773.1,53.5,0.0,0.0,0.0
2026-04-08 11:44:40,30.2,38.3,748.1,53.5,0.0,0.0,0.0
2026-04-08 11:44:45,30.1,38.4,787.8,53.5,0.0,0.0,0.0
2026-04-08 11:44:50,29.9,38.5,743.0,53.5,0.0,0.0,0.0
2026-04-08 11:44:55,30.0,38.3,756.1,53.5,0.0,0.0,0.0
2026-04-08 11:45:00,30.0,38.3,756.4,53.5,0.0,0.0,0.0
2026-04-08 11:45:05,29.9,38.3,733.0,53.5,0.0,0.0,0.0
2026-04-08 11:45:10,30.0,38.2,741.2,53.5,0.0,0.0,0.0
2026-04-08 11:45:15,30.0,38.3,767.4,53.5,0.0,0.0,0.0
2026-04-08 11:45:20,30.1,38.3,747.8,53.6,0.0,0.0,0.0
2026-04-08 11:45:25,30.0,38.2,727.6,53.5,0.0,0.0,0.0
2026-04-08 11:45:30,29.9,38.2,761.2,53.5,0.0,0.0,0.0
2026-04-08 11:45:35,29.9,38.2,777.6,53.5,0.0,0.0,0.0
2026-04-08 11:45:40,30.0,38.2,748.5,53.5,0.0,0.0,0.0
2026-04-08 11:45:45,30.0,38.3,758.5,53.5,0.0,0.0,0.0
2026-04-08 11:45:50,29.9,38.2,762.3,53.5,0.0,0.0,0.0
2026-04-08 11:45:55,30.0,38.1,739.6,53.5,0.0,0.0,0.0
2026-04-08 11:46:00,30.0,38.2,745.8,53.5,0.0,0.0,0.0
2026-04-08 11:46:05,30.0,38.0,769.8,53.5,0.0,0.0,0.0
2026-04-08 11:46:10,30.2,38.1,767.6,53.5,0.0,0.0,0.0
2026-04-08 11:46:15,29.9,38.0,769.3,53.5,0.0,0.0,0.0
2026-04-08 11:46:20,30.1,38.2,715.7,53.5,0.0,0.0,0.0
2026-04-08 11:46:25,29.9,38.2,769.4,53.5,0.0,0.0,0.0
2026-04-08 11:46:30,29.9,38.1,786.2,53.5,0.0,0.0,0.0
2026-04-08 11:46:35,30.0,38.1,765.8,53.5,0.0,0.0,0.0
2026-04-08 11:46:40,30.0,38.1,742.8,53.5,0.0,0.0,0.0
2026-04-08 11:46:45,29.9,38.0,750.1,53.6,0.0,0.0,0.0
2026-04-08 11:46:50,29.9,38.0,752.5,53.6,0.0,0.0,0.0
2026-04-08 11:46:55,29.9,38.0,738.5,53.5,0.0,0.0,0.0
2026-04-08 11:47:00,30.2,37.9,724.1,53.5,0.0,0.0,0.0
2026-04-08 11:47:05,30.0,37.9,747.4,53.6,0.0,0.0,0.0
2026-04-08 11:47:10,30.0,37.8,767.1,53.6,0.0,0.0,0.0
2026-04-08 11:47:15,30.0,37.7,761.5,53.5,0.0,0.0,0.0
2026-04-08 11:47:20,29.9,37.6,766.4,53.5,0.0,0.0,0.0
2026-04-08 11:47:25,30.1,37.6,737.3,53.5,0.0,0.0,0.0
2026-04-08 11:47:30,30.0,37.6,746.4,53.5,0.0,0.0,0.0
2026-04-08 11:47:35,30.1,37.8,762.4,53.5,0.0,0.0,0.0
2026-04-08 11:47:40,30.0,37.7,745.7,53.5,0.0,0.0,0.0
2026-04-08 11:47:45,29.9,37.8,764.8,53.5,0.0,0.0,0.0
2026-04-08 11:47:50,29.8,37.7,755.1,53.5,0.0,1.0,0.0
2026-04-08 11:47:55,30.0,41.3,775.3,53.6,0.0,1.0,0.0
2026-04-08 11:48:00,30.0,44.5,750.2,53.5,0.0,1.0,0.0
2026-04-08 11:48:05,29.9,47.4,745.1,53.5,0.0,1.0,0.0
2026-04-08 11:48:10,30.1,49.9,758.3,53.5,0.0,1.0,0.0
2026-04-08 11:48:15,30.1,52.4,762.2,53.5,0.0,1.0,0.0
2026-04-08 11:48:20,30.0,54.5,752.2,53.5,0.0,1.0,0.0
2026-04-08 11:48:25,30.1,56.5,774.9,53.5,0.0,1.0,0.0
2026-04-08 11:48:30,30.1,58.4,748.1,53.5,0.0,1.0,0.0
2026-04-08 11:48:35,30.0,59.9,766.6,53.5,0.0,1.0,0.0
2026-04-08 11:48:40,29.8,61.4,738.5,53.5,0.0,1.0,0.0
2026-04-08 11:48:45,30.1,62.7,762.8,53.5,0.0,1.0,0.0
2026-04-08 11:48:50,29.8,63.9,771.8,53.5,0.0,1.0,0.0
2026-04-08 11:48:55,30.0,64.9,758.2,53.5,0.0,1.0,0.0
2026-04-08 11:49:00,30.0,65.9,758.5,53.5,0.0,1.0,0.0
2026-04-08 11:49:05,30.0,66.7,773.2,53.6,0.0,1.0,0.0
2026-04-08 11:49:10,30.0,67.5,756.9,53.6,0.0,1.0,0.0
2026-04-08 11:49:15,29.9,68.2,746.2,53.6,0.0,1.0,0.0
2026-04-08 11:49:20,30.0,68.8,767.9,53.6,0.0,1.0,0.0
2026-04-08 11:49:25,30.0,69.4,735.0,53.6,0.0,1.0,0.0
2026-04-08 11:49:30,30.0,69.9,750.7,53.5,0.0,1.0,0.0
2026-04-08 11:49:35,30.1,70.5,739.8,53.5,0.0,1.0,0.0
2026-04-08 11:49:40,30.0,71.0,767.7,53.5,0.0,1.0,0.0
2026-04-08 11:49:45,29.9,71.4,763.1,53.5,0.0,1.0,0.0
2026-04-08 11:49:50,30.0,71.8,748.2,53.5,0.0,0.0,1.0
2026-04-08 11:49:55,30.0,68.6,757.9,53.5,0.0,0.0,1.0
2026-04-08 11:50:00,29.9,65.5,760.2,53.5,0.0,0.0,1.0
2026-04-08 11:50:05,29.9,62.7,747.8,53.5,0.0,0.0,1.0
2026-04-08 11:50:10,29.9,60.4,770.3,53.5,0.0,0.0,1.0
2026-04-08 11:50:15,30.0,58.1,764.7,53.5,0.0,0.0,1.0
2026-04-08 11:50:20,30.0,56.1,753.6,53.5,0.0,0.0,1.0
2026-04-08 11:50:25,30.1,54.2,757.1,53.6,0.0,0.0,1.0
2026-04-08 11:50:30,30.0,52.5,748.3,53.5,0.0,0.0,1.0
2026-04-08 11:50:35,30.1,51.1,739.0,53.5,0.0,0.0,1.0
2026-04-08 11:50:40,30.0,49.7,735.3,53.5,0.0,0.0,1.0
2026-04-08 11:50:45,29.8,48.7,752.6,53.5,0.0,0.0,1.0
2026-04-08 11:50:50,30.1,47.7,756.0,53.5,0.0,0.0,1.0
2026-04-08 11:50:55,30.0,46.8,760.3,53.6,0.0,0.0,1.0
2026-04-08 11:51:00,29.9,45.8,751.6,53.6,0.0,0.0,1.0
2026-04-08 11:51:05,30.0,44.9,736.9,53.5,0.0,0.0,1.0
2026-04-08 11:51:10,29.9,44.3,752.5,53.5,0.0,0.0,1.0
2026-04-08 11:51:15,29.9,43.5,738.8,53.5,0.0,0.0,1.0
2026-04-08 11:51:20,30.1,42.9,759.6,53.5,0.0,0.0,1.0
2026-04-08 11:51:25,30.1,42.5,754.7,53.5,0.0,0.0,1.0
2026-04-08 11:51:30,30.1,42.3,759.4,53.5,0.0,0.0,1.0
2026-04-08 11:51:35,30.0,41.8,764.2,53.5,0.0,0.0,1.0
2026-04-08 11:51:40,30.0,41.4,778.1,53.5,0.0,0.0,1.0
2026-04-08 11:51:45,29.9,40.9,769.3,53.5,0.0,0.0,1.0
2026-04-08 11:51:50,30.1,40.8,737.4,53.5,0.0,0.0,1.0
2026-04-08 11:51:55,29.9,40.4,763.9,53.5,0.0,0.0,1.0
2026-04-08 11:52:00,30.0,40.2,747.5,53.5,0.0,0.0,0.0
2026-04-08 11:52:05,30.0,40.2,757.0,53.5,0.0,0.0,0.0
2026-04-08 11:52:10,29.9,40.2,751.6,53.5,0.0,0.0,0.0
2026-04-08 11:52:15,30.0,40.1,736.4,53.5,0.0,0.0,0.0
2026-04-08 11:52:20,30.0,40.1,753.4,53.5,0.0,0.0,0.0
2026-04-08 11:52:25,30.0,40.1,749.8,53.5,0.0,0.0,0.0
2026-04-08 11:52:30,30.0,40.1,754.7,53.5,0.0,0.0,0.0
2026-04-08 11:52:35,29.9,39.9,738.8,53.5,0.0,0.0,0.0
2026-04-08 11:52:40,30.0,39.7,765.0,53.5,0.0,0.0,0.0
2026-04-08 11:52:45,30.0,39.7,749.0,53.5,0.0,0.0,0.0
2026-04-08 11:52:50,29.9,39.7,750.8,53.5,0.0,0.0,0.0
2026-04-08 11:52:55,30.0,39.6,766.2,53.5,0.0,0.0,0.0
2026-04-08 11:53:00,30.0,39.5,762.1,53.5,0.0,0.0,0.0
2026-04-08 11:53:05,29.9,39.5,748.5,53.5,0.0,0.0,0.0
2026-04-08 11:53:10,30.0,39.4,769.5,53.5,0.0,0.0,0.0
2026-04-08 11:53:15,30.0,39.4,747.4,53.5,0.0,0.0,0.0
2026-04-08 11:53:20,30.1,39.4,736.4,53.5,0.0,0.0,0.0
2026-04-08 11:53:25,29.9,39.5,774.0,53.5,0.0,0.0,0.0
2026-04-08 11:53:30,29.9,39.5,759.9,53.5,0.0,0.0,0.0
2026-04-08 11:53:35,30.0,39.5,745.6,53.4,0.0,0.0,0.0
2026-04-08 11:53:40,29.9,39.4,768.7,53.4,0.0,0.0,0.0
2026-04-08 11:53:45,30.2,39.4,773.8,53.5,0.0,0.0,0.0
2026-04-08 11:53:50,30.0,39.1,742.3,53.5,0.0,0.0,0.0
2026-04-08 11:53:55,29.9,39.2,742.9,53.5,0.0,0.0,0.0
2026-04-08 11:54:00,30.1,39.1,758.5,53.5,0.0,0.0,0.0
2026-04-08 11:54:05,30.0,39.0,747.6,53.5,0.0,0.0,0.0
2026-04-08 11:54:10,29.9,39.0,722.1,53.5,0.0,0.0,0.0
2026-04-08 11:54:15,30.0,38.9,733.8,53.5,0.0,0.0,0.0
2026-04-08 11:54:20,29.8,38.9,764.2,53.5,0.0,0.0,0.0
2026-04-08 11:54:25,30.0,38.8,753.3,53.5,0.0,0.0,0.0
2026-04-08 11:54:30,29.9,38.8,749.4,53.5,0.0,0.0,0.0
2026-04-08 11:54:35,30.0,38.8,736.5,53.5,0.0,0.0,0.0
2026-04-08 11:54:40,30.0,38.8,758.2,53.5,0.0,0.0,0.0
2026-04-08 11:54:45,30.1,38.8,736.8,53.5,0.0,0.0,0.0
2026-04-08 11:54:50,30.0,38.8,758.4,53.5,0.0,0.0,0.0
2026-04-08 11:54:55,30.0,38.8,752.5,53.5,0.0,0.0,0.0
2026-04-08 11:55:00,30.1,38.9,762.1,53.5,1.0,0.0,0.0
2026-04-08 11:55:05,30.0,38.8,738.4,53.5,1.0,0.0,0.0
2026-04-08 11:55:10,30.1,38.8,732.5,53.5,1.0,0.0,0.0
2026-04-08 11:55:15,30.0,38.8,765.1,53.5,1.0,0.0,0.0
2026-04-08 11:55:20,30.0,38.7,722.9,53.5,1.0,0.0,0.0
2026-04-08 11:55:25,30.1,38.6,741.8,53.6,1.0,0.0,0.0
2026-04-08 11:55:30,30.0,38.6,737.1,53.6,1.0,0.0,0.0
2026-04-08 11:55:35,30.2,38.6,765.6,53.6,1.0,0.0,0.0
2026-04-08 11:55:40,29.9,38.6,761.5,53.7,1.0,0.0,0.0
2026-04-08 11:55:45,29.9,38.7,756.6,53.7,1.0,0.0,0.0
2026-04-08 11:55:50,30.0,38.7,734.7,53.8,1.0,0.0,0.0
2026-04-08 11:55:55,30.0,38.7,748.6,53.9,1.0,0.0,0.0
2026-04-08 11:56:00,30.0,38.7,784.4,53.9,1.0,0.0,0.0
2026-04-08 11:56:05,30.1,38.7,728.6,54.0,1.0,0.0,0.0
2026-04-08 11:56:10,30.0,38.7,764.6,54.0,1.0,0.0,0.0
2026-04-08 11:56:15,30.0,38.5,734.3,54.1,1.0,0.0,0.0
2026-04-08 11:56:20,30.0,38.5,725.3,54.1,1.0,0.0,0.0
2026-04-08 11:56:25,30.2,38.4,740.2,54.1,1.0,0.0,0.0
2026-04-08 11:56:30,30.0,38.5,780.0,54.2,1.0,0.0,0.0
2026-04-08 11:56:35,30.0,38.5,759.1,54.2,1.0,0.0,0.0
2026-04-08 11:56:40,29.8,38.6,739.1,54.3,1.0,0.0,0.0
2026-04-08 11:56:45,30.0,38.6,742.5,54.3,1.0,0.0,0.0
2026-04-08 11:56:50,30.1,38.5,776.6,54.4,1.0,0.0,0.0
2026-04-08 11:56:55,30.0,38.5,743.8,54.4,0.0,0.0,0.0
2026-04-08 11:57:00,30.1,38.5,744.8,54.5,0.0,0.0,0.0
2026-04-08 11:57:05,30.1,38.4,737.1,54.5,0.0,0.0,0.0
2026-04-08 11:57:10,30.0,38.3,737.5,54.6,0.0,0.0,0.0
2026-04-08 11:57:15,29.9,38.4,721.0,54.6,0.0,0.0,0.0
2026-04-08 11:57:20,30.0,38.4,736.5,54.7,0.0,0.0,0.0
2026-04-08 11:57:25,30.0,38.4,735.9,54.7,0.0,0.0,0.0
2026-04-08 11:57:30,30.1,38.4,770.9,54.7,0.0,0.0,0.0
2026-04-08 11:57:35,30.0,38.5,739.6,54.7,0.0,0.0,0.0
2026-04-08 11:57:40,30.1,38.6,738.2,54.7,0.0,0.0,0.0
2026-04-08 11:57:45,30.1,38.5,735.7,54.7,0.0,0.0,0.0
2026-04-08 11:57:50,30.0,38.4,763.3,54.7,0.0,0.0,0.0
2026-04-08 11:57:55,30.1,38.4,761.5,54.7,0.0,0.0,0.0
2026-04-08 11:58:00,30.0,38.4,763.6,54.7,0.0,0.0,0.0
2026-04-08 11:58:05,30.1,38.4,776.6,54.7,0.0,0.0,0.0
2026-04-08 11:58:10,30.1,38.4,739.7,54.7,0.0,0.0,0.0
2026-04-08 11:58:15,30.0,38.4,751.5,54.7,0.0,0.0,0.0
2026-04-08 11:58:20,30.1,38.4,764.1,54.7,0.0,0.0,0.0
2026-04-08 11:58:25,30.0,38.4,723.4,54.7,0.0,0.0,0.0
2026-04-08 11:58:30,30.0,38.3,746.5,54.7,0.0,0.0,0.0
2026-04-08 11:58:35,30.0,38.4,746.4,54.7,0.0,0.0,0.0
2026-04-08 11:58:40,30.1,38.4,732.8,54.7,0.0,0.0,0.0
2026-04-08 11:58:45,30.0,38.3,763.2,54.7,0.0,0.0,0.0
2026-04-08 11:58:50,30.0,38.3,730.7,54.7,0.0,0.0,0.0
2026-04-08 11:58:55,30.1,38.3,757.0,54.7,0.0,0.0,0.0
2026-04-08 11:59:00,30.0,38.3,732.4,54.7,0.0,0.0,0.0
2026-04-08 11:59:05,29.9,38.3,765.2,54.7,0.0,0.0,0.0
2026-04-08 11:59:10,30.0,38.2,766.9,54.7,0.0,0.0,0.0
2026-04-08 11:59:15,29.9,38.2,753.7,54.7,0.0,0.0,0.0
2026-04-08 11:59:20,30.0,38.2,750.4,54.7,0.0,0.0,0.0
2026-04-08 11:59:25,30.1,38.2,755.2,54.7,0.0,0.0,0.0
2026-04-08 11:59:30,30.1,38.2,751.4,54.7,0.0,0.0,0.0
2026-04-08 11:59:35,29.9,38.1,775.7,54.6,0.0,0.0,0.0
2026-04-08 11:59:40,29.9,38.3,751.4,54.6,0.0,0.0,0.0
2026-04-08 11:59:45,30.0,38.2,748.5,54.7,0.0,0.0,0.0
2026-04-08 11:59:50,30.1,38.2,746.3,54.7,0.0,0.0,0.0
2026-04-08 11:59:55,30.2,38.4,793.2,54.7,0.0,0.0,0.0
2026-04-08 12:00:00,30.1,38.3,734.3,54.7,0.0,0.0,0.0
2026-04-08 12:00:05,30.1,38.2,765.7,54.7,0.0,0.0,0.0
2026-04-08 12:00:10,30.1,38.3,728.3,54.7,0.0,0.0,0.0
2026-04-08 12:00:15,30.0,38.3,754.5,54.7,0.0,0.0,0.0
2026-04-08 12:00:20,29.8,38.6,778.9,54.7,1.0,0.0,0.0
2026-04-08 12:00:25,29.9,38.6,720.2,54.7,1.0,0.0,0.0
2026-04-08 12:00:30,29.9,38.6,742.2,54.7,1.0,0.0,0.0
2026-04-08 12:00:35,30.0,38.6,765.7,54.7,1.0,0.0,0.0
2026-04-08 12:00:40,29.9,38.6,763.9,54.7,1.0,0.0,0.0
2026-04-08 12:00:45,30.1,38.6,749.7,54.7,1.0,0.0,0.0
2026-04-08 12:00:50,30.1,38.7,713.6,54.8,1.0,0.0,0.0
2026-04-08 12:00:55,29.9,38.7,756.8,54.8,1.0,0.0,0.0
2026-04-08 12:01:00,30.1,38.6,736.3,54.8,1.0,0.0,0.0
2026-04-08 12:01:05,30.1,38.6,760.6,54.9,1.0,0.0,0.0
2026-04-08 12:01:10,30.2,38.6,756.5,55.0,1.0,0.0,0.0
2026-04-08 12:01:15,29.9,38.6,768.8,55.0,1.0,0.0,0.0
2026-04-08 12:01:20,30.0,38.6,752.8,55.0,1.0,0.0,0.0
2026-04-08 12:01:25,30.0,38.6,770.6,55.1,1.0,0.0,0.0
2026-04-08 12:01:30,30.1,38.5,763.2,55.2,1.0,0.0,0.0
2026-04-08 12:01:35,30.0,38.4,768.8,55.2,1.0,0.0,0.0
2026-04-08 12:01:40,29.9,38.4,742.4,55.3,1.0,0.0,0.0
2026-04-08 12:01:45,30.1,38.3,732.5,55.3,1.0,0.0,0.0
2026-04-08 12:01:50,30.1,38.3,727.1,55.4,1.0,0.0,0.0
2026-04-08 12:01:55,30.0,38.3,744.2,55.4,1.0,0.0,0.0
2026-04-08 12:02:00,30.2,38.3,724.5,55.4,1.0,0.0,0.0
2026-04-08 12:02:05,30.1,38.4,775.6,55.5,1.0,0.0,0.0
2026-04-08 12:02:10,30.0,38.3,749.2,55.6,1.0,0.0,0.0
2026-04-08 12:02:15,30.0,38.4,747.3,55.7,1.0,0.0,0.0
2026-04-08 12:02:20,30.0,38.4,763.7,55.7,1.0,0.0,0.0
2026-04-08 12:02:25,29.9,38.4,769.7,55.7,1.0,0.0,0.0
2026-04-08 12:02:30,30.2,38.3,751.2,55.8,1.0,0.0,0.0
2026-04-08 12:02:35,30.0,38.5,763.2,55.9,1.0,0.0,0.0
2026-04-08 12:02:40,30.1,38.5,784.4,55.9,1.0,0.0,0.0
2026-04-08 12:02:45,30.0,38.4,770.1,55.9,1.0,0.0,0.0
2026-04-08 12:02:50,30.2,38.5,775.5,56.0,1.0,0.0,0.0
2026-04-08 12:02:55,30.2,38.5,784.2,56.1,1.0,0.0,0.0
2026-04-08 12:03:00,30.0,38.4,746.1,56.1,1.0,0.0,0.0
2026-04-08 12:03:05,30.0,38.4,738.9,56.1,1.0,0.0,0.0
2026-04-08 12:03:10,30.1,38.4,753.2,56.2,1.0,0.0,0.0
2026-04-08 12:03:15,30.1,38.4,755.9,56.3,1.0,0.0,0.0
2026-04-08 12:03:20,30.1,38.5,741.5,56.3,1.0,0.0,0.0
2026-04-08 12:03:25,30.1,38.4,759.8,56.4,1.0,0.0,0.0
2026-04-08 12:03:30,30.1,38.3,737.9,56.4,1.0,0.0,0.0
2026-04-08 12:03:35,30.0,38.4,772.7,56.4,1.0,0.0,0.0
2026-04-08 12:03:40,30.0,38.3,754.1,56.5,1.0,0.0,0.0
2026-04-08 12:03:45,30.0,38.3,764.7,56.6,0.0,0.0,0.0
2026-04-08 12:03:50,30.1,38.3,763.1,56.7,0.0,0.0,0.0
2026-04-08 12:03:55,30.0,38.3,723.1,56.7,0.0,0.0,0.0
2026-04-08 12:04:00,30.1,38.3,757.4,56.7,0.0,0.0,0.0
2026-04-08 12:04:05,30.1,38.3,736.5,56.8,0.0,0.0,0.0
2026-04-08 12:04:10,30.0,38.3,754.7,56.8,0.0,0.0,0.0
2026-04-08 12:04:15,30.0,38.4,772.9,56.8,0.0,0.0,0.0
2026-04-08 12:04:20,30.1,38.5,749.6,56.8,0.0,0.0,0.0
2026-04-08 12:04:25,30.1,38.6,753.9,56.8,0.0,0.0,0.0
2026-04-08 12:04:30,30.0,38.6,769.4,56.8,0.0,0.0,0.0
2026-04-08 12:04:35,30.2,38.7,744.7,56.8,0.0,0.0,0.0
2026-04-08 12:04:40,30.1,38.5,738.8,56.8,0.0,0.0,0.0
2026-04-08 12:04:45,30.1,38.5,742.4,56.8,0.0,0.0,0.0
2026-04-08 12:04:50,29.9,38.5,766.5,56.8,0.0,0.0,0.0
2026-04-08 12:04:55,30.1,38.4,738.7,56.8,0.0,0.0,0.0
2026-04-08 12:05:00,30.1,38.4,746.3,56.8,0.0,0.0,0.0
2026-04-08 12:05:05,30.0,38.4,744.7,56.8,0.0,0.0,0.0
2026-04-08 12:05:10,30.1,38.4,784.8,56.8,0.0,0.0,0.0
2026-04-08 12:05:15,29.9,38.4,733.7,56.8,0.0,0.0,0.0
2026-04-08 12:05:20,30.1,38.2,722.5,56.8,0.0,0.0,0.0
2026-04-08 12:05:25,30.0,38.2,750.2,56.7,0.0,0.0,0.0
2026-04-08 12:05:30,29.9,38.1,734.7,56.7,0.0,0.0,0.0
2026-04-08 12:05:35,29.9,38.0,755.3,56.7,0.0,0.0,0.0
2026-04-08 12:05:40,30.2,38.1,765.8,56.7,0.0,0.0,0.0
2026-04-08 12:05:45,30.0,38.0,773.4,56.7,0.0,0.0,0.0
2026-04-08 12:05:50,30.1,38.1,764.0,56.8,0.0,0.0,0.0
2026-04-08 12:05:55,30.0,38.0,761.8,56.8,0.0,0.0,0.0
2026-04-08 12:06:00,30.2,38.1,760.7,56.7,0.0,0.0,0.0
2026-04-08 12:06:05,29.9,38.1,741.5,56.7,0.0,0.0,0.0
2026-04-08 12:06:10,30.1,38.2,735.8,56.8,0.0,0.0,0.0
2026-04-08 12:06:15,30.1,38.2,755.2,56.8,0.0,0.0,0.0
2026-04-08 12:06:20,30.1,38.3,748.4,56.8,0.0,0.0,0.0
2026-04-08 12:06:25,30.1,38.4,760.6,56.8,0.0,0.0,0.0
2026-04-08 12:06:30,30.2,38.4,746.4,56.7,0.0,0.0,0.0
2026-04-08 12:06:35,30.1,38.3,757.8,56.7,0.0,0.0,0.0
2026-04-08 12:06:40,30.0,38.3,740.7,56.7,0.0,0.0,0.0
2026-04-08 12:06:45,30.0,38.4,776.1,56.7,0.0,0.0,0.0
2026-04-08 12:06:50,30.2,38.5,758.5,56.7,0.0,0.0,0.0
2026-04-08 12:06:55,30.1,38.6,756.2,56.7,0.0,0.0,0.0
2026-04-08 12:07:00,30.0,38.5,734.7,56.7,0.0,0.0,0.0
2026-04-08 12:07:05,30.1,38.5,740.2,56.7,0.0,0.0,0.0
2026-04-08 12:07:10,30.0,38.4,750.9,56.7,0.0,0.0,0.0
2026-04-08 12:07:15,30.1,38.4,748.1,56.7,0.0,0.0,0.0
2026-04-08 12:07:20,30.0,38.4,754.5,56.7,0.0,0.0,0.0
2026-04-08 12:07:25,30.1,38.4,733.8,56.7,0.0,0.0,0.0
2026-04-08 12:07:30,29.9,38.4,748.7,56.7,0.0,0.0,0.0
2026-04-08 12:07:35,30.2,38.3,745.8,56.7,0.0,0.0,0.0
2026-04-08 12:07:40,30.0,38.4,748.6,56.7,0.0,0.0,0.0
2026-04-08 12:07:45,30.1,38.5,755.8,56.7,0.0,0.0,0.0
2026-04-08 12:07:50,30.1,38.4,763.0,56.7,0.0,0.0,0.0
2026-04-08 12:07:55,30.2,38.3,780.0,56.7,0.0,0.0,0.0
2026-04-08 12:08:00,30.0,38.3,763.0,56.7,1.0,0.0,0.0
2026-04-08 12:08:05,30.1,38.3,756.6,56.7,1.0,0.0,0.0
2026-04-08 12:08:10,30.1,38.3,733.8,56.7,1.0,0.0,0.0
2026-04-08 12:08:15,30.0,38.1,759.5,56.7,1.0,0.0,0.0
2026-04-08 12:08:20,29.9,38.0,752.5,56.8,1.0,0.0,0.0
2026-04-08 12:08:25,30.1,38.0,764.9,56.8,1.0,0.0,0.0
2026-04-08 12:08:30,29.9,38.0,764.1,56.8,1.0,0.0,0.0
2026-04-08 12:08:35,30.1,38.0,783.5,56.9,1.0,0.0,0.0
2026-04-08 12:08:40,30.0,38.0,758.4,56.9,1.0,0.0,0.0
2026-04-08 12:08:45,30.0,37.9,764.6,57.0,1.0,0.0,0.0
2026-04-08 12:08:50,30.1,37.9,763.3,57.0,1.0,0.0,0.0
2026-04-08 12:08:55,30.1,37.8,751.9,57.0,1.0,0.0,0.0
2026-04-08 12:09:00,30.0,37.7,771.7,57.1,1.0,0.0,0.0
2026-04-08 12:09:05,30.1,37.7,771.2,57.1,1.0,0.0,0.0
2026-04-08 12:09:10,30.0,37.7,773.8,57.2,1.0,0.0,0.0
2026-04-08 12:09:15,30.1,37.6,764.4,57.2,1.0,0.0,0.0
2026-04-08 12:09:20,30.1,37.7,732.1,57.3,1.0,0.0,0.0
2026-04-08 12:09:25,30.0,37.6,759.2,57.3,1.0,0.0,0.0
2026-04-08 12:09:30,30.0,37.5,775.6,57.4,1.0,0.0,0.0
2026-04-08 12:09:35,30.1,37.5,755.3,57.4,1.0,0.0,0.0
2026-04-08 12:09:40,30.0,37.5,762.0,57.5,1.0,0.0,0.0
2026-04-08 12:09:45,30.1,37.4,777.2,57.5,1.0,0.0,0.0
2026-04-08 12:09:50,30.0,37.5,746.9,57.6,1.0,0.0,0.0
2026-04-08 12:09:55,30.1,37.5,763.5,57.6,1.0,0.0,0.0
2026-04-08 12:10:00,30.1,37.7,759.7,57.7,1.0,0.0,0.0
2026-04-08 12:10:05,30.0,37.6,739.0,57.7,1.0,0.0,0.0
2026-04-08 12:10:10,30.1,37.6,753.9,57.8,1.0,0.0,0.0
2026-04-08 12:10:15,30.1,37.5,737.5,57.8,1.0,0.0,0.0
2026-04-08 12:10:20,29.9,37.5,739.7,57.9,1.0,0.0,0.0
2026-04-08 12:10:25,30.0,37.5,764.0,57.9,1.0,0.0,0.0
2026-04-08 12:10:30,30.1,37.5,743.6,58.0,1.0,0.0,0.0
2026-04-08 12:10:35,29.9,37.7,745.9,58.1,1.0,0.0,0.0
2026-04-08 12:10:40,30.1,37.6,747.9,58.1,1.0,0.0,0.0
2026-04-08 12:10:45,30.1,37.7,757.5,58.1,1.0,0.0,0.0
2026-04-08 12:10:50,30.0,37.7,765.2,58.2,1.0,0.0,0.0
2026-04-08 12:10:55,29.9,37.5,780.0,58.2,1.0,0.0,0.0
2026-04-08 12:11:00,30.0,37.6,793.4,58.3,1.0,0.0,0.0
2026-04-08 12:11:05,30.1,37.6,762.9,58.3,1.0,0.0,0.0
2026-04-08 12:11:10,30.0,37.5,739.4,58.4,1.0,0.0,0.0
2026-04-08 12:11:15,30.0,37.4,750.5,58.4,1.0,0.0,0.0
2026-04-08 12:11:20,30.1,37.4,754.7,58.5,1.0,0.0,0.0
2026-04-08 12:11:25,29.9,37.4,737.8,58.6,1.0,0.0,0.0
2026-04-08 12:11:30,30.0,37.4,771.9,58.6,1.0,0.0,0.0
2026-04-08 12:11:35,30.1,37.5,757.7,58.7,1.0,0.0,0.0
2026-04-08 12:11:40,30.0,37.6,743.1,58.7,1.0,0.0,0.0
2026-04-08 12:11:45,30.0,37.6,776.6,58.8,1.0,0.0,0.0
2026-04-08 12:11:50,29.9,37.8,790.3,58.9,1.0,0.0,0.0
2026-04-08 12:11:55,29.9,37.8,760.4,58.9,1.0,0.0,0.0
2026-04-08 12:12:00,30.0,38.0,759.0,58.9,1.0,0.0,0.0
2026-04-08 12:12:05,30.0,38.0,760.8,59.0,1.0,0.0,0.0
2026-04-08 12:12:10,29.8,37.9,786.5,59.1,1.0,0.0,0.0
2026-04-08 12:12:15,30.1,37.8,746.2,59.1,1.0,0.0,0.0
2026-04-08 12:12:20,29.9,37.9,755.0,59.1,1.0,0.0,0.0
2026-04-08 12:12:25,30.0,38.1,743.9,59.2,0.0,0.0,0.0
2026-04-08 12:12:30,30.0,37.9,739.3,59.2,0.0,0.0,0.0
2026-04-08 12:12:35,29.9,38.0,764.9,59.3,0.0,0.0,0.0
2026-04-08 12:12:40,30.0,38.0,743.4,59.3,0.0,0.0,0.0
2026-04-08 12:12:45,29.9,37.7,735.3,59.3,0.0,0.0,0.0
2026-04-08 12:12:50,30.0,37.6,743.5,59.4,0.0,0.0,0.0
2026-04-08 12:12:55,29.9,37.6,766.8,59.4,0.0,0.0,0.0
2026-04-08 12:13:00,30.0,37.5,762.6,59.4,0.0,0.0,0.0
2026-04-08 12:13:05,30.0,37.5,790.2,59.4,0.0,0.0,0.0
2026-04-08 12:13:10,29.9,37.4,792.7,59.4,0.0,0.0,0.0
2026-04-08 12:13:15,30.0,37.3,766.8,59.4,0.0,0.0,0.0
2026-04-08 12:13:20,30.1,37.1,773.9,59.4,0.0,0.0,0.0
2026-04-08 12:13:25,29.9,37.2,760.1,59.4,0.0,0.0,0.0
2026-04-08 12:13:30,30.0,37.1,746.7,59.4,0.0,0.0,0.0
2026-04-08 12:13:35,30.1,37.2,747.0,59.4,0.0,0.0,0.0
2026-04-08 12:13:40,30.0,37.3,777.8,59.4,0.0,0.0,0.0
2026-04-08 12:13:45,30.2,37.2,758.0,59.4,0.0,0.0,0.0
2026-04-08 12:13:50,30.0,37.2,786.3,59.4,0.0,0.0,0.0
2026-04-08 12:13:55,29.9,37.3,772.2,59.4,0.0,0.0,0.0
2026-04-08 12:14:00,30.1,37.4,776.9,59.4,0.0,0.0,0.0
2026-04-08 12:14:05,30.0,37.6,758.3,59.4,0.0,0.0,0.0
2026-04-08 12:14:10,30.0,37.4,763.3,59.4,0.0,0.0,0.0
2026-04-08 12:14:15,30.0,37.5,784.1,59.4,0.0,0.0,0.0
2026-04-08 12:14:20,30.0,37.6,775.6,59.3,0.0,0.0,0.0
2026-04-08 12:14:25,30.0,37.5,760.9,59.3,0.0,0.0,0.0
2026-04-08 12:14:30,30.0,37.5,773.2,59.3,0.0,0.0,0.0
2026-04-08 12:14:35,29.9,37.6,773.8,59.3,0.0,0.0,0.0
2026-04-08 12:14:40,30.0,37.6,774.0,59.3,0.0,0.0,0.0
2026-04-08 12:14:45,30.1,37.5,775.0,59.3,0.0,0.0,0.0
2026-04-08 12:14:50,30.1,37.6,755.2,59.3,0.0,0.0,0.0
2026-04-08 12:14:55,29.9,37.5,759.3,59.3,0.0,0.0,0.0
2026-04-08 12:15:00,30.0,37.4,770.7,59.3,0.0,0.0,0.0
2026-04-08 12:15:05,29.9,37.4,767.1,59.3,0.0,0.0,0.0
2026-04-08 12:15:10,30.1,37.4,784.4,59.3,0.0,0.0,0.0
2026-04-08 12:15:15,30.1,37.5,792.6,59.4,0.0,0.0,0.0
2026-04-08 12:15:20,30.0,37.6,785.7,59.4,0.0,0.0,0.0
2026-04-08 12:15:25,30.0,37.7,774.5,59.3,0.0,0.0,0.0
2026-04-08 12:15:30,30.0,37.7,783.2,59.3,0.0,0.0,0.0
2026-04-08 12:15:35,30.0,37.6,745.7,59.3,0.0,0.0,0.0
2026-04-08 12:15:40,30.2,37.6,776.0,59.3,0.0,0.0,0.0
2026-04-08 12:15:45,30.1,37.6,788.8,59.3,0.0,0.0,0.0
2026-04-08 12:15:50,30.0,37.5,769.7,59.3,0.0,0.0,0.0
2026-04-08 12:15:55,30.1,37.5,790.5,59.3,0.0,0.0,0.0
2026-04-08 12:16:00,29.9,37.5,779.4,59.3,0.0,0.0,0.0
2026-04-08 12:16:05,30.1,37.5,754.5,59.3,0.0,0.0,0.0
2026-04-08 12:16:10,30.1,37.5,755.8,59.3,0.0,0.0,0.0
2026-04-08 12:16:15,30.1,37.6,786.5,59.3,0.0,0.0,0.0
2026-04-08 12:16:20,30.1,37.5,783.9,59.3,0.0,0.0,0.0
2026-04-08 12:16:25,30.0,37.6,784.1,59.3,0.0,0.0,0.0
2026-04-08 12:16:30,30.1,37.6,781.8,59.3,0.0,0.0,0.0
2026-04-08 12:16:35,30.0,37.6,747.3,59.3,0.0,0.0,0.0
2026-04-08 12:16:40,30.1,37.7,781.8,59.3,0.0,0.0,0.0
2026-04-08 12:16:45,30.2,37.8,781.1,59.3,0.0,0.0,0.0
2026-04-08 12:16:50,30.0,37.7,786.7,59.3,0.0,0.0,0.0
2026-04-08 12:16:55,30.1,37.8,794.9,59.3,0.0,0.0,0.0
2026-04-08 12:17:00,30.2,37.8,780.3,59.3,0.0,0.0,0.0
2026-04-08 12:17:05,30.0,37.9,761.2,59.3,0.0,0.0,0.0
2026-04-08 12:17:10,30.0,37.9,770.3,59.3,0.0,0.0,0.0
2026-04-08 12:17:15,30.2,37.9,778.9,59.3,0.0,0.0,0.0
2026-04-08 12:17:20,30.0,38.1,778.6,59.3,0.0,0.0,0.0
2026-04-08 12:17:25,30.0,38.0,785.4,59.3,0.0,0.0,0.0
2026-04-08 12:17:30,30.2,38.1,770.5,59.3,0.0,0.0,0.0
2026-04-08 12:17:35,30.1,38.0,774.2,59.3,0.0,0.0,0.0
2026-04-08 12:17:40,30.2,38.1,787.4,59.3,0.0,0.0,0.0
2026-04-08 12:17:45,30.1,38.1,774.9,59.3,0.0,0.0,0.0
2026-04-08 12:17:50,30.1,38.2,772.0,59.3,0.0,0.0,0.0
2026-04-08 12:17:55,30.0,38.2,747.2,59.3,0.0,0.0,0.0
2026-04-08 12:18:00,30.1,38.2,764.8,59.2,0.0,0.0,0.0
2026-04-08 12:18:05,30.1,38.2,785.2,59.2,0.0,0.0,0.0
2026-04-08 12:18:10,30.1,38.2,794.6,59.2,0.0,0.0,0.0
2026-04-08 12:18:15,30.1,38.0,763.9,59.3,0.0,0.0,0.0
2026-04-08 12:18:20,30.1,37.9,783.7,59.3,0.0,0.0,0.0
2026-04-08 12:18:25,30.0,38.0,789.5,59.2,0.0,0.0,0.0
2026-04-08 12:18:30,30.1,37.9,779.0,59.2,0.0,0.0,0.0
2026-04-08 12:18:35,30.1,37.9,786.5,59.2,0.0,0.0,0.0
2026-04-08 12:18:40,30.0,38.0,786.5,59.2,0.0,0.0,0.0
2026-04-08 12:18:45,30.1,37.8,759.7,59.2,0.0,0.0,0.0
2026-04-08 12:18:50,30.1,37.9,756.1,59.2,0.0,0.0,0.0
2026-04-08 12:18:55,30.0,37.8,780.4,59.2,0.0,0.0,0.0
2026-04-08 12:19:00,30.1,37.9,784.9,59.2,0.0,0.0,0.0
2026-04-08 12:19:05,30.0,37.9,806.2,59.2,0.0,0.0,0.0
2026-04-08 12:19:10,30.3,37.9,768.2,59.2,0.0,0.0,0.0
2026-04-08 12:19:15,30.1,37.9,790.1,59.2,0.0,0.0,0.0
2026-04-08 12:19:20,30.0,38.0,797.3,59.2,0.0,0.0,0.0
2026-04-08 12:19:25,30.1,38.0,748.0,59.2,0.0,0.0,0.0
2026-04-08 12:19:30,30.1,38.1,791.0,59.2,0.0,0.0,0.0
2026-04-08 12:19:35,30.1,38.2,786.0,59.2,0.0,0.0,0.0
2026-04-08 12:19:40,30.1,38.2,801.2,59.2,0.0,0.0,0.0
2026-04-08 12:19:45,30.2,38.2,788.4,59.2,0.0,0.0,0.0
2026-04-08 12:19:50,29.9,38.2,804.0,59.2,0.0,0.0,0.0
2026-04-08 12:19:55,30.1,38.3,764.6,59.2,0.0,0.0,0.0
2026-04-08 12:20:00,30.0,38.3,778.1,59.2,0.0,0.0,0.0
2026-04-08 12:20:05,30.2,38.5,783.7,59.2,0.0,0.0,0.0
2026-04-08 12:20:10,30.1,38.4,774.6,59.2,0.0,0.0,0.0
2026-04-08 12:20:15,30.0,38.5,776.1,59.2,0.0,0.0,0.0
2026-04-08 12:20:20,30.0,38.5,760.5,59.2,0.0,0.0,0.0
2026-04-08 12:20:25,30.0,38.6,793.0,59.2,0.0,0.0,0.0
2026-04-08 12:20:30,30.1,38.5,773.5,59.2,0.0,0.0,0.0
2026-04-08 12:20:35,30.1,38.4,786.0,59.1,0.0,0.0,0.0
2026-04-08 12:20:40,30.1,38.3,768.9,59.1,0.0,0.0,0.0
2026-04-08 12:20:45,30.1,38.3,760.9,59.1,0.0,0.0,0.0
2026-04-08 12:20:50,30.1,38.4,784.8,59.2,0.0,0.0,0.0
2026-04-08 12:20:55,30.1,38.3,782.4,59.1,0.0,0.0,0.0
2026-04-08 12:21:00,30.1,38.3,785.1,59.2,0.0,0.0,0.0
2026-04-08 12:21:05,30.1,38.3,790.0,59.1,0.0,0.0,0.0
2026-04-08 12:21:10,30.1,38.3,783.0,59.1,0.0,0.0,0.0
2026-04-08 12:21:15,30.1,38.3,762.0,59.1,0.0,0.0,0.0
2026-04-08 12:21:20,30.1,38.3,779.5,59.1,0.0,0.0,0.0
2026-04-08 12:21:25,30.1,38.4,794.2,59.1,0.0,0.0,0.0
2026-04-08 12:21:30,30.1,38.3,790.7,59.2,0.0,0.0,0.0
2026-04-08 12:21:35,30.1,38.4,794.9,59.2,0.0,0.0,0.0
2026-04-08 12:21:40,30.1,38.4,783.4,59.1,0.0,0.0,0.0
2026-04-08 12:21:45,30.1,38.3,813.5,59.1,0.0,0.0,0.0
2026-04-08 12:21:50,30.1,38.2,773.0,59.1,0.0,0.0,0.0
2026-04-08 12:21:55,30.2,38.3,792.8,59.1,0.0,0.0,0.0
2026-04-08 12:22:00,30.1,38.1,780.1,59.1,0.0,0.0,0.0
2026-04-08 12:22:05,30.3,38.1,790.4,59.1,0.0,0.0,0.0
2026-04-08 12:22:10,30.0,38.2,789.2,59.1,0.0,0.0,0.0
2026-04-08 12:22:15,30.0,38.2,788.1,59.1,0.0,0.0,0.0
2026-04-08 12:22:20,30.4,38.1,783.3,59.1,0.0,0.0,0.0
2026-04-08 12:22:25,30.1,38.2,774.8,59.1,0.0,0.0,0.0
2026-04-08 12:22:30,30.1,38.0,772.8,59.1,0.0,0.0,0.0
2026-04-08 12:22:35,30.1,37.9,775.2,59.2,0.0,0.0,0.0
2026-04-08 12:22:40,30.0,37.8,752.6,59.2,0.0,0.0,0.0
2026-04-08 12:22:45,30.0,37.8,779.0,59.2,0.0,0.0,0.0
2026-04-08 12:22:50,30.1,37.8,766.1,59.1,0.0,0.0,0.0
2026-04-08 12:22:55,30.2,37.9,774.2,59.1,0.0,0.0,0.0
2026-04-08 12:23:00,30.2,37.8,773.0,59.1,0.0,0.0,0.0
2026-04-08 12:23:05,30.2,37.8,768.7,59.1,0.0,0.0,0.0
2026-04-08 12:23:10,30.0,37.7,755.9,59.1,0.0,0.0,0.0
2026-04-08 12:23:15,30.1,37.9,801.8,59.0,0.0,0.0,0.0
2026-04-08 12:23:20,30.1,38.0,771.6,59.0,0.0,0.0,0.0
2026-04-08 12:23:25,30.1,38.1,790.7,59.1,0.0,0.0,0.0
2026-04-08 12:23:30,30.0,38.1,784.2,59.1,0.0,0.0,0.0
2026-04-08 12:23:35,30.0,38.0,799.2,59.1,0.0,0.0,0.0
2026-04-08 12:23:40,30.1,38.0,794.8,59.1,0.0,0.0,0.0
2026-04-08 12:23:45,30.2,38.1,788.4,59.1,0.0,0.0,0.0
2026-04-08 12:23:50,30.1,38.2,785.0,59.1,0.0,0.0,0.0
2026-04-08 12:23:55,30.1,38.2,780.9,59.1,0.0,0.0,0.0
2026-04-08 12:24:00,30.0,38.3,779.3,59.1,0.0,0.0,0.0
2026-04-08 12:24:05,30.1,38.4,779.3,59.1,0.0,0.0,0.0
2026-04-08 12:24:10,30.0,38.2,770.2,59.1,0.0,0.0,0.0
2026-04-08 12:24:15,30.2,38.1,784.6,59.1,0.0,0.0,0.0
2026-04-08 12:24:20,30.1,38.0,766.1,59.1,0.0,0.0,0.0
2026-04-08 12:24:25,30.1,38.0,800.5,59.1,0.0,0.0,0.0
2026-04-08 12:24:30,30.2,37.9,781.9,59.0,0.0,0.0,0.0
2026-04-08 12:24:35,30.1,38.0,807.9,59.0,0.0,0.0,0.0
2026-04-08 12:24:40,30.2,38.0,795.3,59.1,0.0,0.0,0.0
2026-04-08 12:24:45,30.1,38.2,770.8,59.1,0.0,0.0,0.0
2026-04-08 12:24:50,30.2,38.1,785.3,59.1,0.0,0.0,0.0
2026-04-08 12:24:55,30.2,38.1,807.5,59.1,0.0,0.0,0.0
2026-04-08 12:25:00,30.2,38.2,777.0,59.1,0.0,0.0,0.0
2026-04-08 12:25:05,30.2,38.1,785.0,59.1,0.0,0.0,0.0
2026-04-08 12:25:10,30.1,38.0,761.2,59.0,0.0,0.0,0.0
2026-04-08 12:25:15,30.2,38.1,785.6,59.0,0.0,0.0,0.0
2026-04-08 12:25:20,30.1,38.2,791.7,59.0,0.0,0.0,0.0
2026-04-08 12:25:25,30.2,38.2,815.1,59.0,0.0,0.0,0.0
2026-04-08 12:25:30,30.0,38.2,787.7,59.0,0.0,0.0,0.0
2026-04-08 12:25:35,30.2,38.3,798.6,59.0,0.0,0.0,0.0
2026-04-08 12:25:40,30.2,38.3,771.1,59.0,0.0,0.0,0.0
2026-04-08 12:25:45,30.1,38.5,781.1,59.0,0.0,0.0,0.0
2026-04-08 12:25:50,30.1,38.4,805.7,59.0,0.0,0.0,0.0
2026-04-08 12:25:55,30.2,38.2,789.5,59.0,0.0,0.0,0.0
2026-04-08 12:26:00,30.1,38.2,793.1,59.0,0.0,0.0,0.0
2026-04-08 12:26:05,30.3,38.2,761.6,59.0,0.0,0.0,0.0
2026-04-08 12:26:10,30.2,38.2,805.1,59.0,0.0,0.0,0.0
2026-04-08 12:26:15,30.2,38.2,798.2,59.0,0.0,0.0,0.0
2026-04-08 12:26:20,30.1,38.2,792.3,59.0,0.0,0.0,0.0
2026-04-08 12:26:25,30.3,38.2,828.0,59.0,0.0,0.0,0.0
2026-04-08 12:26:30,30.1,38.1,785.5,59.0,0.0,0.0,0.0
2026-04-08 12:26:35,30.2,38.1,777.7,59.0,0.0,0.0,0.0
2026-04-08 12:26:40,30.1,38.1,787.8,58.9,0.0,0.0,0.0
2026-04-08 12:26:45,30.3,38.1,781.7,58.9,0.0,0.0,0.0
2026-04-08 12:26:50,30.0,38.0,794.0,58.9,0.0,0.0,0.0
2026-04-08 12:26:55,30.0,38.2,806.2,58.9,0.0,0.0,0.0
2026-04-08 12:27:00,30.2,38.2,801.7,59.0,0.0,0.0,0.0
2026-04-08 12:27:05,30.2,38.2,798.6,59.0,0.0,0.0,0.0
2026-04-08 12:27:10,30.2,38.2,785.9,59.0,0.0,0.0,0.0
2026-04-08 12:27:15,30.4,38.0,789.7,58.9,0.0,0.0,0.0
2026-04-08 12:27:20,30.2,38.0,786.7,58.9,0.0,0.0,0.0
2026-04-08 12:27:25,30.2,38.1,805.9,58.9,0.0,0.0,0.0
2026-04-08 12:27:30,30.1,38.1,781.9,58.9,0.0,0.0,0.0
2026-04-08 12:27:35,30.1,38.3,808.9,59.0,0.0,0.0,0.0
2026-04-08 12:27:40,30.2,38.2,757.2,59.0,0.0,0.0,0.0
2026-04-08 12:27:45,30.1,38.3,805.3,58.9,0.0,0.0,0.0
2026-04-08 12:27:50,30.1,38.2,785.6,58.9,0.0,0.0,0.0
2026-04-08 12:27:55,30.0,38.4,804.4,58.9,0.0,0.0,0.0
2026-04-08 12:28:00,30.2,38.2,795.8,58.9,0.0,0.0,0.0
2026-04-08 12:28:05,30.2,38.1,782.6,58.9,0.0,0.0,0.0
2026-04-08 12:28:10,30.1,38.0,786.0,58.9,0.0,0.0,0.0
2026-04-08 12:28:15,30.1,37.9,810.2,58.9,0.0,0.0,0.0
2026-04-08 12:28:20,30.2,37.9,811.4,58.9,0.0,0.0,0.0
2026-04-08 12:28:25,30.2,37.8,800.2,58.9,0.0,0.0,0.0
2026-04-08 12:28:30,30.2,37.8,778.0,58.9,0.0,0.0,0.0
2026-04-08 12:28:35,30.1,37.8,805.4,58.9,0.0,0.0,0.0
2026-04-08 12:28:40,30.2,37.8,788.1,58.9,0.0,0.0,0.0
2026-04-08 12:28:45,30.1,37.6,810.3,58.9,0.0,0.0,0.0
2026-04-08 12:28:50,30.1,37.7,789.6,58.9,0.0,0.0,0.0
2026-04-08 12:28:55,30.0,37.6,780.0,58.9,0.0,0.0,0.0
2026-04-08 12:29:00,30.1,37.4,815.7,58.9,0.0,0.0,0.0
2026-04-08 12:29:05,30.1,37.4,824.8,58.9,0.0,0.0,0.0
2026-04-08 12:29:10,30.2,37.3,802.6,58.9,0.0,0.0,0.0
2026-04-08 12:29:15,30.0,37.3,785.8,58.9,0.0,0.0,0.0
2026-04-08 12:29:20,30.2,37.3,805.4,58.9,0.0,0.0,0.0
2026-04-08 12:29:25,30.0,37.5,788.7,58.8,0.0,0.0,0.0
2026-04-08 12:29:30,30.1,37.5,806.9,58.8,0.0,0.0,0.0
2026-04-08 12:29:35,30.1,37.4,796.9,58.8,0.0,0.0,0.0
2026-04-08 12:29:40,30.0,37.4,809.4,58.8,0.0,0.0,0.0
2026-04-08 12:29:45,30.0,37.4,804.1,58.8,0.0,0.0,0.0
2026-04-08 12:29:50,30.0,37.5,806.6,58.8,0.0,0.0,0.0
2026-04-08 12:29:55,30.1,37.5,826.2,58.9,0.0,0.0,0.0
2026-04-08 12:30:00,29.9,37.5,808.8,58.9,0.0,0.0,0.0
2026-04-08 12:30:05,30.1,37.6,789.1,58.9,0.0,0.0,0.0
2026-04-08 12:30:10,30.1,37.6,812.1,58.8,0.0,0.0,0.0
2026-04-08 12:30:15,29.9,37.5,809.7,58.8,0.0,0.0,0.0
2026-04-08 12:30:20,30.0,37.7,825.3,58.8,0.0,0.0,0.0
2026-04-08 12:30:25,30.1,37.6,827.9,58.8,0.0,0.0,0.0
2026-04-08 12:30:30,30.1,37.8,807.4,58.8,0.0,0.0,0.0
2026-04-08 12:30:35,30.2,37.9,794.7,58.8,0.0,0.0,0.0
2026-04-08 12:30:40,30.1,37.8,795.8,58.8,0.0,0.0,0.0
2026-04-08 12:30:45,30.2,37.8,803.8,58.8,0.0,0.0,0.0
2026-04-08 12:30:50,30.1,37.9,812.9,58.8,0.0,0.0,0.0
2026-04-08 12:30:55,30.1,37.9,784.8,58.8,0.0,0.0,0.0
2026-04-08 12:31:00,29.9,37.9,789.4,58.8,0.0,0.0,0.0
2026-04-08 12:31:05,30.0,37.9,781.5,58.8,0.0,0.0,0.0
2026-04-08 12:31:10,30.1,38.0,790.2,58.8,0.0,0.0,0.0
2026-04-08 12:31:15,30.1,37.9,786.0,58.8,0.0,0.0,0.0
2026-04-08 12:31:20,30.0,37.8,810.9,58.8,0.0,0.0,0.0
2026-04-08 12:31:25,29.9,37.8,804.1,58.8,0.0,0.0,0.0
2026-04-08 12:31:30,30.1,37.7,792.7,58.8,0.0,0.0,0.0
2026-04-08 12:31:35,30.0,37.8,797.2,58.8,0.0,0.0,0.0
2026-04-08 12:31:40,30.0,37.7,802.0,58.8,0.0,0.0,0.0
2026-04-08 12:31:45,30.1,37.7,779.3,58.8,0.0,0.0,0.0
2026-04-08 12:31:50,30.1,37.7,785.7,58.8,0.0,0.0,0.0
2026-04-08 12:31:55,30.1,37.7,795.0,58.8,0.0,0.0,0.0
2026-04-08 12:32:00,30.1,37.7,784.1,58.8,0.0,0.0,0.0
2026-04-08 12:32:05,29.9,37.8,804.6,58.8,0.0,0.0,0.0
2026-04-08 12:32:10,30.1,37.8,782.0,58.7,0.0,0.0,0.0
2026-04-08 12:32:15,30.1,37.8,794.5,58.7,0.0,0.0,0.0
2026-04-08 12:32:20,30.0,37.8,771.2,58.7,0.0,0.0,0.0
2026-04-08 12:32:25,30.0,37.9,813.7,58.7,0.0,0.0,0.0
2026-04-08 12:32:30,30.1,37.9,778.0,58.7,0.0,0.0,0.0
2026-04-08 12:32:35,30.0,38.0,787.6,58.8,0.0,0.0,0.0
2026-04-08 12:32:40,30.0,38.0,797.3,58.7,0.0,0.0,0.0
2026-04-08 12:32:45,30.0,37.9,792.4,58.7,0.0,0.0,0.0
2026-04-08 12:32:50,30.1,37.9,771.6,58.7,0.0,0.0,0.0
2026-04-08 12:32:55,29.8,37.8,790.1,58.8,0.0,0.0,0.0
2026-04-08 12:33:00,30.0,37.7,804.2,58.8,0.0,0.0,0.0
2026-04-08 12:33:05,30.1,37.8,795.5,58.8,0.0,0.0,0.0
2026-04-08 12:33:10,30.2,37.8,807.4,58.7,0.0,0.0,0.0
2026-04-08 12:33:15,30.0,37.8,804.6,58.7,0.0,0.0,0.0
2026-04-08 12:33:20,30.0,37.9,790.5,58.7,0.0,0.0,0.0
2026-04-08 12:33:25,30.1,37.9,818.8,58.7,0.0,0.0,0.0
2026-04-08 12:33:30,29.9,38.0,826.8,58.7,0.0,0.0,0.0
2026-04-08 12:33:35,29.9,38.0,804.6,58.7,0.0,0.0,0.0
2026-04-08 12:33:40,30.1,38.0,816.3,58.7,0.0,0.0,0.0
2026-04-08 12:33:45,30.2,38.1,792.4,58.8,0.0,0.0,0.0
2026-04-08 12:33:50,29.9,38.1,814.4,58.8,0.0,0.0,0.0
2026-04-08 12:33:55,29.9,38.3,796.1,58.7,0.0,0.0,0.0
2026-04-08 12:34:00,30.1,38.3,784.7,58.7,0.0,0.0,0.0
2026-04-08 12:34:05,30.1,38.3,810.6,58.7,0.0,0.0,0.0
2026-04-08 12:34:10,30.1,38.2,805.4,58.7,0.0,0.0,0.0
2026-04-08 12:34:15,30.1,38.3,812.1,58.7,0.0,0.0,0.0
2026-04-08 12:34:20,30.0,38.4,799.1,58.7,0.0,0.0,0.0
2026-04-08 12:34:25,30.0,38.3,798.6,58.7,0.0,0.0,0.0
2026-04-08 12:34:30,30.0,38.3,822.2,58.7,0.0,0.0,0.0
2026-04-08 12:34:35,30.1,38.2,796.7,58.7,0.0,0.0,0.0
2026-04-08 12:34:40,30.1,38.1,796.8,58.7,0.0,0.0,0.0
2026-04-08 12:34:45,30.0,38.2,789.4,58.7,0.0,0.0,0.0
2026-04-08 12:34:50,30.1,38.2,788.3,58.7,0.0,0.0,0.0
2026-04-08 12:34:55,30.1,38.2,809.8,58.7,0.0,0.0,0.0
2026-04-08 12:35:00,30.1,38.4,781.2,58.7,0.0,0.0,0.0
2026-04-08 12:35:05,30.1,38.3,791.7,58.7,0.0,0.0,0.0
2026-04-08 12:35:10,30.1,38.2,811.5,58.7,0.0,0.0,0.0
2026-04-08 12:35:15,30.0,38.2,798.3,58.7,0.0,0.0,0.0
2026-04-08 12:35:20,29.9,38.3,784.7,58.7,0.0,0.0,0.0
2026-04-08 12:35:25,30.2,38.3,797.2,58.7,0.0,0.0,0.0
2026-04-08 12:35:30,30.0,38.2,783.9,58.7,0.0,0.0,0.0
2026-04-08 12:35:35,30.2,38.3,816.7,58.7,0.0,0.0,0.0
2026-04-08 12:35:40,29.9,38.2,796.4,58.7,0.0,0.0,0.0
2026-04-08 12:35:45,30.1,38.2,812.3,58.7,0.0,0.0,0.0
2026-04-08 12:35:50,30.0,38.2,788.8,58.7,0.0,0.0,0.0
2026-04-08 12:35:55,30.1,38.2,803.7,58.7,0.0,0.0,0.0
2026-04-08 12:36:00,30.1,38.2,801.7,58.7,0.0,0.0,0.0
2026-04-08 12:36:05,30.2,38.2,811.3,58.6,0.0,0.0,0.0
2026-04-08 12:36:10,30.1,38.2,802.3,58.6,0.0,0.0,0.0
2026-04-08 12:36:15,30.0,38.2,768.8,58.6,0.0,0.0,0.0
2026-04-08 12:36:20,30.1,38.1,817.2,58.6,0.0,0.0,0.0
2026-04-08 12:36:25,30.3,38.1,785.8,58.6,0.0,0.0,0.0
2026-04-08 12:36:30,30.0,38.1,821.3,58.6,0.0,0.0,0.0
2026-04-08 12:36:35,30.1,38.1,818.7,58.6,0.0,0.0,0.0
2026-04-08 12:36:40,30.2,38.0,810.1,58.6,0.0,0.0,0.0
2026-04-08 12:36:45,30.1,38.1,803.1,58.6,0.0,0.0,0.0
2026-04-08 12:36:50,30.2,38.0,829.1,58.6,0.0,0.0,0.0
2026-04-08 12:36:55,30.1,38.1,796.6,58.6,0.0,0.0,0.0
2026-04-08 12:37:00,30.1,38.2,813.6,58.7,0.0,0.0,0.0
2026-04-08 12:37:05,30.1,38.1,808.1,58.7,0.0,0.0,0.0
2026-04-08 12:37:10,30.1,38.1,795.8,58.7,0.0,0.0,0.0
2026-04-08 12:37:15,30.1,38.1,808.4,58.6,0.0,0.0,0.0
2026-04-08 12:37:20,30.1,38.0,810.9,58.6,0.0,0.0,0.0
2026-04-08 12:37:25,30.1,38.0,800.2,58.6,0.0,0.0,0.0
2026-04-08 12:37:30,30.0,37.9,802.6,58.6,0.0,0.0,0.0
2026-04-08 12:37:35,30.2,38.0,801.1,58.6,0.0,0.0,0.0
2026-04-08 12:37:40,30.1,38.1,815.4,58.6,0.0,0.0,0.0
2026-04-08 12:37:45,30.2,38.1,787.8,58.6,0.0,0.0,0.0
2026-04-08 12:37:50,30.2,38.1,815.2,58.6,0.0,0.0,0.0
2026-04-08 12:37:55,30.1,38.0,798.4,58.6,0.0,0.0,0.0
2026-04-08 12:38:00,30.0,38.2,811.4,58.6,0.0,0.0,0.0
2026-04-08 12:38:05,30.1,38.1,794.7,58.6,0.0,0.0,0.0
2026-04-08 12:38:10,30.1,38.2,785.7,58.6,0.0,0.0,0.0
2026-04-08 12:38:15,29.9,38.0,790.3,58.6,0.0,0.0,0.0
2026-04-08 12:38:20,30.1,38.0,801.9,58.6,0.0,0.0,0.0
2026-04-08 12:38:25,30.1,38.0,815.7,58.6,0.0,0.0,0.0
2026-04-08 12:38:30,30.2,38.0,784.9,58.6,0.0,0.0,0.0
2026-04-08 12:38:35,30.0,37.9,830.0,58.6,0.0,0.0,0.0
2026-04-08 12:38:40,30.1,37.9,785.9,58.6,0.0,0.0,0.0
2026-04-08 12:38:45,30.2,37.9,810.3,58.6,0.0,0.0,0.0
2026-04-08 12:38:50,30.1,38.0,792.5,58.6,0.0,0.0,0.0
2026-04-08 12:38:55,30.1,38.0,811.5,58.6,0.0,0.0,0.0
2026-04-08 12:39:00,30.1,38.0,801.4,58.6,0.0,0.0,0.0
2026-04-08 12:39:05,30.0,38.1,799.0,58.6,0.0,0.0,0.0
2026-04-08 12:39:10,30.1,38.1,792.1,58.6,0.0,0.0,0.0
2026-04-08 12:39:15,30.1,38.2,819.7,58.6,0.0,0.0,0.0
2026-04-08 12:39:20,30.2,38.2,800.7,58.6,0.0,0.0,0.0
2026-04-08 12:39:25,30.2,38.1,788.4,58.6,0.0,0.0,0.0
2026-04-08 12:39:30,30.2,38.1,829.8,58.6,0.0,0.0,0.0
2026-04-08 12:39:35,30.1,38.1,803.5,58.6,0.0,0.0,0.0
2026-04-08 12:39:40,30.2,38.2,813.3,58.6,0.0,0.0,0.0
2026-04-08 12:39:45,30.0,38.2,816.1,58.5,0.0,0.0,0.0
2026-04-08 12:39:50,30.1,38.1,779.9,58.5,0.0,0.0,0.0
2026-04-08 12:39:55,30.1,38.2,802.2,58.5,0.0,0.0,0.0
2026-04-08 12:40:00,30.2,38.2,802.0,58.6,0.0,0.0,0.0
2026-04-08 12:40:05,30.3,38.2,790.5,58.6,0.0,0.0,0.0
2026-04-08 12:40:10,30.2,38.2,794.2,58.5,0.0,0.0,0.0
2026-04-08 12:40:15,30.2,38.2,800.0,58.5,0.0,0.0,0.0
2026-04-08 12:40:20,30.1,38.2,830.0,58.5,0.0,0.0,0.0
2026-04-08 12:40:25,30.2,38.1,807.5,58.5,0.0,0.0,0.0
2026-04-08 12:40:30,30.2,38.2,816.1,58.5,0.0,0.0,0.0
2026-04-08 12:40:35,30.1,38.1,794.6,58.5,0.0,0.0,0.0
2026-04-08 12:40:40,30.1,38.1,818.9,58.5,0.0,0.0,0.0
2026-04-08 12:40:45,30.1,38.1,812.9,58.6,0.0,0.0,0.0
2026-04-08 12:40:50,30.1,38.1,810.6,58.5,0.0,0.0,0.0
2026-04-08 12:40:55,30.1,38.3,815.0,58.5,0.0,0.0,0.0
2026-04-08 12:41:00,30.2,38.4,795.2,58.5,0.0,0.0,0.0
2026-04-08 12:41:05,30.2,38.4,810.9,58.5,0.0,0.0,0.0
2026-04-08 12:41:10,30.3,38.3,806.5,58.5,0.0,0.0,0.0
2026-04-08 12:41:15,30.2,38.3,807.4,58.5,0.0,0.0,0.0
2026-04-08 12:41:20,30.2,38.4,816.1,58.5,0.0,0.0,0.0
2026-04-08 12:41:25,30.2,38.2,817.3,58.5,0.0,0.0,0.0
2026-04-08 12:41:30,30.2,38.2,813.1,58.5,0.0,0.0,0.0
2026-04-08 12:41:35,30.2,38.2,818.4,58.5,0.0,0.0,0.0
2026-04-08 12:41:40,30.2,38.3,815.5,58.5,0.0,0.0,0.0
2026-04-08 12:41:45,30.1,38.3,799.6,58.5,0.0,0.0,0.0
2026-04-08 12:41:50,30.2,38.2,799.4,58.5,0.0,0.0,0.0
2026-04-08 12:41:55,30.2,38.2,791.3,58.5,0.0,0.0,0.0
2026-04-08 12:42:00,30.3,38.2,806.9,58.5,0.0,0.0,0.0
2026-04-08 12:42:05,30.2,38.1,797.3,58.5,0.0,0.0,0.0
2026-04-08 12:42:10,30.3,38.2,788.6,58.5,0.0,0.0,0.0
2026-04-08 12:42:15,30.2,38.3,830.0,58.5,0.0,0.0,0.0
2026-04-08 12:42:20,30.1,38.3,806.5,58.5,0.0,0.0,0.0
2026-04-08 12:42:25,30.3,38.1,800.6,58.5,0.0,0.0,0.0
2026-04-08 12:42:30,30.1,38.0,807.3,58.5,0.0,0.0,0.0
2026-04-08 12:42:35,30.3,38.2,791.9,58.5,0.0,0.0,0.0
2026-04-08 12:42:40,30.1,38.1,798.0,58.5,0.0,0.0,0.0
2026-04-08 12:42:45,30.3,38.1,784.2,58.5,0.0,0.0,0.0
2026-04-08 12:42:50,30.1,38.2,776.8,58.5,0.0,0.0,0.0
2026-04-08 12:42:55,30.2,38.1,797.1,58.5,0.0,0.0,0.0
2026-04-08 12:43:00,30.1,38.0,790.1,58.5,0.0,0.0,0.0
2026-04-08 12:43:05,30.2,38.0,782.9,58.5,0.0,0.0,0.0
2026-04-08 12:43:10,30.2,37.9,798.1,58.5,0.0,0.0,0.0
2026-04-08 12:43:15,30.1,38.0,786.1,58.5,0.0,0.0,0.0
2026-04-08 12:43:20,30.2,37.9,818.4,58.5,0.0,0.0,0.0
2026-04-08 12:43:25,30.1,38.1,784.6,58.5,0.0,0.0,0.0
2026-04-08 12:43:30,30.2,38.1,805.1,58.5,0.0,0.0,0.0
2026-04-08 12:43:35,30.2,38.2,798.9,58.5,0.0,0.0,0.0
2026-04-08 12:43:40,30.3,38.2,793.7,58.5,0.0,0.0,0.0
2026-04-08 12:43:45,30.2,38.2,804.9,58.5,0.0,0.0,0.0
2026-04-08 12:43:50,30.2,38.2,797.3,58.5,0.0,0.0,0.0
2026-04-08 12:43:55,30.2,38.1,795.7,58.4,0.0,0.0,0.0
2026-04-08 12:44:00,30.2,38.2,809.6,58.4,0.0,0.0,0.0
2026-04-08 12:44:05,30.2,38.3,821.2,58.4,0.0,0.0,0.0
2026-04-08 12:44:10,30.2,38.3,791.9,58.4,0.0,0.0,0.0
2026-04-08 12:44:15,30.3,38.4,781.9,58.4,0.0,0.0,0.0
2026-04-08 12:44:20,30.1,38.3,781.1,58.4,0.0,0.0,0.0
2026-04-08 12:44:25,30.2,38.3,817.8,58.4,0.0,0.0,0.0
2026-04-08 12:44:30,30.2,38.2,800.3,58.4,0.0,0.0,0.0
2026-04-08 12:44:35,30.2,38.2,798.8,58.4,0.0,0.0,0.0
2026-04-08 12:44:40,30.2,38.1,784.0,58.4,0.0,0.0,0.0
2026-04-08 12:44:45,30.1,38.1,788.9,58.4,0.0,0.0,0.0
2026-04-08 12:44:50,30.2,38.3,790.5,58.4,0.0,0.0,0.0
2026-04-08 12:44:55,30.2,38.2,792.2,58.4,0.0,0.0,0.0
2026-04-08 12:45:00,30.0,38.1,803.1,58.4,0.0,0.0,0.0
2026-04-08 12:45:05,30.2,38.2,785.5,58.4,0.0,0.0,0.0
2026-04-08 12:45:10,30.1,38.1,776.2,58.4,0.0,0.0,0.0
2026-04-08 12:45:15,30.3,38.0,796.3,58.4,0.0,0.0,0.0
2026-04-08 12:45:20,30.3,37.9,807.1,58.4,0.0,0.0,0.0
2026-04-08 12:45:25,30.1,37.9,790.3,58.4,0.0,0.0,0.0
2026-04-08 12:45:30,30.2,37.9,822.5,58.4,0.0,0.0,0.0
2026-04-08 12:45:35,30.3,37.8,784.0,58.4,0.0,0.0,0.0
2026-04-08 12:45:40,30.3,37.8,803.7,58.4,0.0,0.0,0.0
2026-04-08 12:45:45,30.2,37.9,792.0,58.4,0.0,0.0,0.0
2026-04-08 12:45:50,30.1,38.0,780.1,58.4,0.0,0.0,0.0
2026-04-08 12:45:55,30.2,38.0,785.9,58.4,0.0,0.0,0.0
2026-04-08 12:46:00,30.2,38.0,812.8,58.4,0.0,0.0,0.0
2026-04-08 12:46:05,30.1,37.9,787.9,58.4,0.0,0.0,0.0
2026-04-08 12:46:10,30.1,38.0,806.1,58.4,0.0,0.0,0.0
2026-04-08 12:46:15,30.2,37.9,804.4,58.4,0.0,0.0,0.0
2026-04-08 12:46:20,30.1,37.9,770.4,58.4,0.0,0.0,0.0
2026-04-08 12:46:25,30.1,37.9,804.8,58.4,0.0,0.0,0.0
2026-04-08 12:46:30,30.1,37.9,800.6,58.4,0.0,0.0,0.0
2026-04-08 12:46:35,30.2,38.0,787.3,58.4,0.0,0.0,0.0
2026-04-08 12:46:40,30.1,38.1,780.0,58.4,0.0,0.0,0.0
2026-04-08 12:46:45,30.1,38.2,787.1,58.4,0.0,0.0,0.0
2026-04-08 12:46:50,30.2,38.0,784.5,58.4,0.0,0.0,0.0
2026-04-08 12:46:55,30.1,37.9,785.1,58.4,0.0,0.0,0.0
2026-04-08 12:47:00,30.1,37.9,788.9,58.4,0.0,0.0,0.0
2026-04-08 12:47:05,30.1,37.9,804.7,58.4,0.0,0.0,0.0
2026-04-08 12:47:10,30.3,37.9,793.5,58.4,0.0,0.0,0.0
2026-04-08 12:47:15,30.2,37.8,781.5,58.4,0.0,0.0,0.0
2026-04-08 12:47:20,30.2,38.0,798.0,58.4,0.0,0.0,0.0
2026-04-08 12:47:25,30.3,38.1,777.9,58.4,0.0,0.0,0.0
2026-04-08 12:47:30,30.2,38.1,802.0,58.4,0.0,0.0,0.0
2026-04-08 12:47:35,30.1,38.0,787.0,58.4,0.0,0.0,0.0
2026-04-08 12:47:40,30.1,38.1,813.1,58.3,0.0,0.0,0.0
2026-04-08 12:47:45,30.1,38.1,789.2,58.3,0.0,0.0,0.0
2026-04-08 12:47:50,30.2,38.0,791.0,58.4,0.0,0.0,0.0
2026-04-08 12:47:55,30.2,37.9,786.0,58.4,0.0,0.0,0.0
2026-04-08 12:48:00,30.1,38.0,764.4,58.4,0.0,0.0,0.0
2026-04-08 12:48:05,30.2,37.9,774.1,58.3,0.0,0.0,0.0
2026-04-08 12:48:10,30.2,38.1,796.5,58.3,0.0,0.0,0.0
2026-04-08 12:48:15,30.1,38.1,807.7,58.3,0.0,0.0,0.0
2026-04-08 12:48:20,30.2,38.1,787.1,58.3,0.0,0.0,0.0
2026-04-08 12:48:25,30.2,38.0,796.3,58.3,0.0,0.0,0.0
2026-04-08 12:48:30,30.0,38.2,797.3,58.3,0.0,0.0,0.0
2026-04-08 12:48:35,30.2,38.2,791.7,58.3,0.0,0.0,0.0
2026-04-08 12:48:40,30.3,38.3,787.1,58.3,0.0,0.0,0.0
2026-04-08 12:48:45,30.3,38.3,803.8,58.3,0.0,0.0,0.0
2026-04-08 12:48:50,30.2,38.3,777.4,58.3,0.0,0.0,0.0
2026-04-08 12:48:55,30.2,38.3,795.3,58.3,0.0,0.0,0.0
2026-04-08 12:49:00,30.2,38.2,779.3,58.3,0.0,0.0,0.0
2026-04-08 12:49:05,30.1,38.3,802.4,58.3,0.0,0.0,0.0
2026-04-08 12:49:10,30.2,38.2,807.5,58.3,0.0,0.0,0.0
2026-04-08 12:49:15,30.3,38.3,763.9,58.3,0.0,0.0,0.0
2026-04-08 12:49:20,30.2,38.2,782.3,58.3,0.0,0.0,0.0
2026-04-08 12:49:25,30.3,38.2,804.6,58.3,0.0,0.0,0.0
2026-04-08 12:49:30,30.2,38.3,773.3,58.3,0.0,0.0,0.0
2026-04-08 12:49:35,30.2,38.2,780.8,58.3,0.0,0.0,0.0
2026-04-08 12:49:40,30.2,38.1,811.5,58.3,0.0,0.0,0.0
2026-04-08 12:49:45,30.2,38.2,808.1,58.3,0.0,0.0,0.0
2026-04-08 12:49:50,30.3,38.2,784.9,58.3,0.0,0.0,0.0
2026-04-08 12:49:55,30.2,38.2,754.3,58.3,0.0,0.0,0.0
2026-04-08 12:50:00,30.3,38.1,814.4,58.2,0.0,0.0,0.0
2026-04-08 12:50:05,30.5,38.2,781.9,58.2,0.0,0.0,0.0
2026-04-08 12:50:10,30.3,38.3,793.8,58.2,0.0,0.0,0.0
2026-04-08 12:50:15,30.3,38.1,803.8,58.2,0.0,0.0,0.0
2026-04-08 12:50:20,30.2,38.0,773.9,58.2,0.0,0.0,0.0
2026-04-08 12:50:25,30.3,37.9,776.9,58.2,0.0,0.0,0.0
2026-04-08 12:50:30,30.3,38.0,792.5,58.2,0.0,0.0,0.0
2026-04-08 12:50:35,30.4,38.0,770.3,58.2,0.0,0.0,0.0
2026-04-08 12:50:40,30.3,37.9,777.0,58.2,0.0,0.0,0.0
2026-04-08 12:50:45,30.4,37.9,787.0,58.2,0.0,0.0,0.0
2026-04-08 12:50:50,30.3,37.9,796.8,58.2,0.0,0.0,0.0
2026-04-08 12:50:55,30.3,37.9,780.1,58.2,0.0,0.0,0.0
2026-04-08 12:51:00,30.2,37.9,783.8,58.2,0.0,0.0,0.0
2026-04-08 12:51:05,30.3,37.9,782.5,58.2,0.0,0.0,0.0
2026-04-08 12:51:10,30.2,38.0,789.6,58.2,0.0,0.0,0.0
2026-04-08 12:51:15,30.0,37.9,807.3,58.2,0.0,0.0,0.0
2026-04-08 12:51:20,30.2,38.0,783.5,58.2,0.0,0.0,0.0
2026-04-08 12:51:25,30.3,38.0,788.8,58.2,0.0,0.0,0.0
2026-04-08 12:51:30,30.3,38.1,798.3,58.2,0.0,0.0,0.0
2026-04-08 12:51:35,30.3,38.1,771.8,58.2,0.0,0.0,0.0
2026-04-08 12:51:40,30.2,38.2,772.1,58.2,0.0,0.0,0.0
2026-04-08 12:51:45,30.2,38.2,768.4,58.2,0.0,0.0,0.0
2026-04-08 12:51:50,30.4,38.2,784.9,58.2,0.0,0.0,0.0
2026-04-08 12:51:55,30.1,38.2,799.1,58.2,0.0,0.0,0.0
2026-04-08 12:52:00,30.3,38.2,764.0,58.2,0.0,0.0,0.0
2026-04-08 12:52:05,30.3,38.3,789.5,58.2,0.0,0.0,0.0
2026-04-08 12:52:10,30.3,38.2,804.5,58.2,0.0,0.0,0.0
2026-04-08 12:52:15,30.2,38.1,775.9,58.2,0.0,0.0,0.0
2026-04-08 12:52:20,30.3,38.1,793.1,58.2,0.0,0.0,0.0
2026-04-08 12:52:25,30.4,38.2,799.9,58.2,0.0,0.0,0.0
2026-04-08 12:52:30,30.2,38.2,783.3,58.2,0.0,0.0,0.0
2026-04-08 12:52:35,30.2,38.3,773.5,58.2,0.0,0.0,0.0
2026-04-08 12:52:40,30.3,38.2,764.8,58.2,0.0,0.0,0.0
2026-04-08 12:52:45,30.2,38.2,774.0,58.2,0.0,0.0,0.0
2026-04-08 12:52:50,30.3,38.3,755.4,58.2,0.0,0.0,0.0
2026-04-08 12:52:55,30.4,38.4,776.2,58.2,0.0,0.0,0.0
2026-04-08 12:53:00,30.2,38.5,786.6,58.2,0.0,0.0,0.0
2026-04-08 12:53:05,30.2,38.7,796.7,58.2,0.0,0.0,0.0
2026-04-08 12:53:10,30.3,38.6,771.8,58.2,0.0,0.0,0.0
2026-04-08 12:53:15,30.4,38.6,786.6,58.2,0.0,0.0,0.0
2026-04-08 12:53:20,30.3,38.6,790.6,58.2,0.0,0.0,0.0
2026-04-08 12:53:25,30.3,38.5,768.6,58.2,0.0,0.0,0.0
2026-04-08 12:53:30,30.3,38.4,786.9,58.2,0.0,0.0,0.0
2026-04-08 12:53:35,30.2,38.4,787.8,58.2,0.0,0.0,0.0
2026-04-08 12:53:40,30.2,38.4,773.5,58.2,0.0,0.0,0.0
2026-04-08 12:53:45,30.4,38.2,775.3,58.2,0.0,0.0,0.0
2026-04-08 12:53:50,30.4,38.2,800.1,58.2,0.0,0.0,0.0
2026-04-08 12:53:55,30.2,38.2,772.1,58.2,0.0,0.0,0.0
2026-04-08 12:54:00,30.2,38.1,752.6,58.2,0.0,0.0,0.0
2026-04-08 12:54:05,30.3,38.0,768.6,58.2,0.0,0.0,0.0
2026-04-08 12:54:10,30.3,38.0,780.7,58.2,0.0,0.0,0.0
2026-04-08 12:54:15,30.4,38.0,788.7,58.1,0.0,0.0,0.0
2026-04-08 12:54:20,30.2,38.1,794.9,58.1,0.0,0.0,0.0
2026-04-08 12:54:25,30.3,38.1,772.3,58.2,0.0,0.0,0.0
2026-04-08 12:54:30,30.4,38.2,762.8,58.2,0.0,0.0,0.0
2026-04-08 12:54:35,30.2,38.1,791.1,58.2,0.0,0.0,0.0
2026-04-08 12:54:40,30.4,38.1,769.5,58.1,0.0,0.0,0.0
2026-04-08 12:54:45,30.3,38.1,778.0,58.1,0.0,0.0,0.0
2026-04-08 12:54:50,30.2,38.0,781.0,58.1,0.0,0.0,0.0
2026-04-08 12:54:55,30.3,37.9,751.4,58.1,0.0,0.0,0.0
2026-04-08 12:55:00,30.3,37.9,754.7,58.1,0.0,0.0,0.0
2026-04-08 12:55:05,30.2,38.0,766.2,58.1,0.0,0.0,0.0
2026-04-08 12:55:10,30.3,37.8,788.7,58.1,0.0,0.0,0.0
2026-04-08 12:55:15,30.2,37.7,768.1,58.1,0.0,0.0,0.0
2026-04-08 12:55:20,30.4,37.8,794.2,58.1,0.0,0.0,0.0
2026-04-08 12:55:25,30.1,38.0,785.9,58.1,0.0,0.0,0.0
2026-04-08 12:55:30,30.3,37.9,792.8,58.1,0.0,0.0,0.0
2026-04-08 12:55:35,30.2,37.8,783.8,58.2,0.0,0.0,0.0
2026-04-08 12:55:40,30.2,37.8,776.8,58.2,0.0,0.0,0.0
2026-04-08 12:55:45,30.3,37.9,784.2,58.2,0.0,0.0,0.0
2026-04-08 12:55:50,30.2,37.9,769.3,58.1,0.0,0.0,0.0
2026-04-08 12:55:55,30.4,37.9,791.2,58.1,0.0,0.0,0.0
2026-04-08 12:56:00,30.3,37.8,739.7,58.1,0.0,0.0,0.0
2026-04-08 12:56:05,30.2,37.8,772.8,58.1,0.0,0.0,0.0
2026-04-08 12:56:10,30.5,37.8,773.1,58.1,0.0,0.0,0.0
2026-04-08 12:56:15,30.3,37.7,760.6,58.1,0.0,0.0,0.0
2026-04-08 12:56:20,30.3,37.7,775.4,58.1,0.0,0.0,0.0
2026-04-08 12:56:25,30.4,37.7,777.1,58.1,0.0,0.0,0.0
2026-04-08 12:56:30,30.3,37.8,739.1,58.1,0.0,0.0,0.0
2026-04-08 12:56:35,30.4,37.9,778.6,58.1,0.0,0.0,0.0
2026-04-08 12:56:40,30.4,37.8,767.1,58.1,0.0,0.0,0.0
2026-04-08 12:56:45,30.3,37.6,778.5,58.1,0.0,0.0,0.0
2026-04-08 12:56:50,30.3,37.5,759.1,58.1,0.0,0.0,0.0
2026-04-08 12:56:55,30.4,37.6,766.3,58.1,0.0,0.0,0.0
2026-04-08 12:57:00,30.3,37.5,772.4,58.1,0.0,0.0,0.0
2026-04-08 12:57:05,30.4,37.5,757.4,58.1,0.0,0.0,0.0
2026-04-08 12:57:10,30.4,37.5,748.9,58.1,0.0,0.0,0.0
2026-04-08 12:57:15,30.3,37.5,781.1,58.1,0.0,0.0,0.0
2026-04-08 12:57:20,30.3,37.7,766.4,58.1,0.0,0.0,0.0
2026-04-08 12:57:25,30.2,37.8,769.5,58.1,0.0,0.0,0.0
2026-04-08 12:57:30,30.5,37.8,772.8,58.1,0.0,0.0,0.0
2026-04-08 12:57:35,30.4,38.0,761.5,58.1,0.0,0.0,0.0
2026-04-08 12:57:40,30.4,38.1,763.5,58.1,0.0,0.0,0.0
2026-04-08 12:57:45,30.4,38.2,760.9,58.0,0.0,0.0,0.0
2026-04-08 12:57:50,30.1,38.4,758.1,58.0,0.0,0.0,0.0
2026-04-08 12:57:55,30.2,38.3,766.7,58.0,0.0,0.0,0.0
2026-04-08 12:58:00,30.4,38.3,748.6,58.0,0.0,0.0,0.0
2026-04-08 12:58:05,30.3,38.2,764.7,58.0,0.0,0.0,0.0
2026-04-08 12:58:10,30.4,38.1,773.7,58.0,0.0,0.0,0.0
2026-04-08 12:58:15,30.4,38.1,782.9,58.0,0.0,0.0,0.0
2026-04-08 12:58:20,30.2,38.1,756.3,58.0,0.0,0.0,0.0
2026-04-08 12:58:25,30.4,38.0,776.9,58.0,0.0,0.0,0.0
2026-04-08 12:58:30,30.5,38.1,766.5,58.0,0.0,0.0,0.0
2026-04-08 12:58:35,30.2,37.9,770.1,58.0,0.0,0.0,0.0
2026-04-08 12:58:40,30.4,38.0,749.2,58.0,0.0,0.0,0.0
2026-04-08 12:58:45,30.3,38.0,782.1,58.0,0.0,0.0,0.0
2026-04-08 12:58:50,30.1,37.9,748.5,58.0,0.0,0.0,0.0
2026-04-08 12:58:55,30.2,37.9,747.4,58.0,0.0,0.0,0.0
2026-04-08 12:59:00,30.3,38.0,774.7,58.0,0.0,0.0,0.0
2026-04-08 12:59:05,30.3,38.0,782.0,58.0,0.0,0.0,0.0
2026-04-08 12:59:10,30.3,37.9,767.2,58.0,0.0,0.0,0.0
2026-04-08 12:59:15,30.2,38.2,750.5,58.0,0.0,0.0,0.0
2026-04-08 12:59:20,30.2,38.1,775.4,58.0,0.0,0.0,0.0
2026-04-08 12:59:25,30.4,38.1,766.2,58.0,0.0,0.0,0.0
2026-04-08 12:59:30,30.2,38.2,794.0,58.0,0.0,0.0,0.0
2026-04-08 12:59:35,30.3,38.2,771.2,58.0,0.0,0.0,0.0
2026-04-08 12:59:40,30.2,38.1,762.1,58.0,0.0,0.0,0.0
2026-04-08 12:59:45,30.2,38.1,780.9,58.0,0.0,0.0,0.0
2026-04-08 12:59:50,30.3,38.1,736.7,58.0,0.0,0.0,0.0
2026-04-08 12:59:55,30.2,38.1,728.3,58.0,0.0,0.0,0.0
2026-04-08 13:00:00,30.3,38.1,789.3,58.0,0.0,0.0,0.0
2026-04-08 13:00:05,30.3,38.1,771.2,58.0,0.0,0.0,0.0
2026-04-08 13:00:10,30.2,38.2,757.5,58.0,0.0,0.0,0.0
2026-04-08 13:00:15,30.4,38.4,765.7,58.0,0.0,0.0,0.0
2026-04-08 13:00:20,30.3,38.4,762.1,58.0,0.0,0.0,0.0
2026-04-08 13:00:25,30.3,38.4,759.8,58.0,0.0,0.0,0.0
2026-04-08 13:00:30,30.3,38.4,776.9,58.0,0.0,0.0,0.0
2026-04-08 13:00:35,30.3,38.5,752.9,57.9,0.0,0.0,0.0
2026-04-08 13:00:40,30.2,38.4,757.1,57.9,0.0,0.0,0.0
2026-04-08 13:00:45,30.4,38.4,769.3,57.9,0.0,0.0,0.0
2026-04-08 13:00:50,30.3,38.5,744.8,57.9,0.0,0.0,0.0
2026-04-08 13:00:55,30.2,38.5,779.9,57.9,0.0,0.0,0.0
2026-04-08 13:01:00,30.3,38.5,745.3,57.9,0.0,0.0,0.0
2026-04-08 13:01:05,30.4,38.5,719.2,57.9,0.0,0.0,0.0
2026-04-08 13:01:10,30.3,38.5,756.2,57.9,0.0,0.0,0.0
2026-04-08 13:01:15,30.3,38.5,746.9,58.0,0.0,0.0,0.0
2026-04-08 13:01:20,30.3,38.5,751.5,58.0,0.0,0.0,0.0
2026-04-08 13:01:25,30.5,38.5,751.5,57.9,0.0,0.0,0.0
2026-04-08 13:01:30,30.2,38.3,752.7,57.9,0.0,0.0,0.0
2026-04-08 13:01:35,30.3,38.3,766.1,57.9,0.0,0.0,0.0
2026-04-08 13:01:40,30.3,38.4,757.8,57.9,0.0,0.0,0.0
2026-04-08 13:01:45,30.4,38.3,763.3,57.9,0.0,0.0,0.0
2026-04-08 13:01:50,30.3,38.2,759.3,57.9,0.0,0.0,0.0
2026-04-08 13:01:55,30.4,38.2,752.8,57.9,0.0,0.0,0.0
2026-04-08 13:02:00,30.4,38.2,763.1,57.9,0.0,0.0,0.0
2026-04-08 13:02:05,30.2,38.2,733.6,57.9,0.0,0.0,0.0
2026-04-08 13:02:10,30.3,38.2,746.0,57.9,0.0,0.0,0.0
2026-04-08 13:02:15,30.5,38.3,753.0,57.9,0.0,0.0,0.0
2026-04-08 13:02:20,30.2,38.2,772.9,57.9,0.0,0.0,0.0
2026-04-08 13:02:25,30.4,38.2,729.5,57.9,0.0,0.0,0.0
2026-04-08 13:02:30,30.3,38.2,749.8,57.9,0.0,0.0,0.0
2026-04-08 13:02:35,30.4,38.2,762.7,57.9,0.0,0.0,0.0
2026-04-08 13:02:40,30.3,38.3,751.3,57.9,0.0,0.0,0.0
2026-04-08 13:02:45,30.3,38.4,730.4,57.9,0.0,0.0,0.0
2026-04-08 13:02:50,30.3,38.4,786.0,57.9,0.0,0.0,0.0
2026-04-08 13:02:55,30.3,38.5,777.7,57.9,0.0,0.0,0.0
2026-04-08 13:03:00,30.3,38.5,733.5,57.9,0.0,0.0,0.0
2026-04-08 13:03:05,30.3,38.5,758.0,57.9,0.0,0.0,0.0
2026-04-08 13:03:10,30.3,38.4,741.2,57.9,0.0,0.0,0.0
2026-04-08 13:03:15,30.2,38.4,748.4,57.9,0.0,0.0,0.0
2026-04-08 13:03:20,30.2,38.4,739.0,57.9,0.0,0.0,0.0
2026-04-08 13:03:25,30.3,38.3,745.1,57.9,0.0,0.0,0.0
2026-04-08 13:03:30,30.3,38.3,746.2,57.9,0.0,0.0,0.0
2026-04-08 13:03:35,30.3,38.5,750.3,57.9,0.0,0.0,0.0
2026-04-08 13:03:40,30.3,38.5,758.0,57.9,0.0,0.0,0.0
2026-04-08 13:03:45,30.1,38.3,757.2,57.9,0.0,0.0,0.0
2026-04-08 13:03:50,30.3,38.3,771.3,57.8,0.0,0.0,0.0
2026-04-08 13:03:55,30.5,38.3,746.4,57.8,0.0,0.0,0.0
2026-04-08 13:04:00,30.3,38.2,748.9,57.8,0.0,0.0,0.0
2026-04-08 13:04:05,30.5,38.2,746.8,57.8,0.0,0.0,0.0
2026-04-08 13:04:10,30.4,38.1,753.6,57.8,0.0,0.0,0.0
2026-04-08 13:04:15,30.4,38.0,761.3,57.8,0.0,0.0,0.0
2026-04-08 13:04:20,30.4,38.1,743.5,57.9,0.0,0.0,0.0
2026-04-08 13:04:25,30.3,38.2,748.7,57.8,0.0,0.0,0.0
2026-04-08 13:04:30,30.4,38.3,753.4,57.8,0.0,0.0,0.0
2026-04-08 13:04:35,30.3,38.3,746.0,57.8,0.0,0.0,0.0
2026-04-08 13:04:40,30.3,38.4,745.1,57.8,0.0,0.0,0.0
2026-04-08 13:04:45,30.6,38.4,711.6,57.8,0.0,0.0,0.0
2026-04-08 13:04:50,30.4,38.3,740.8,57.9,0.0,0.0,0.0
2026-04-08 13:04:55,30.4,38.3,752.6,57.9,0.0,0.0,0.0
2026-04-08 13:05:00,30.4,38.4,708.9,57.9,0.0,0.0,0.0
2026-04-08 13:05:05,30.2,38.4,750.2,57.8,0.0,0.0,0.0
2026-04-08 13:05:10,30.3,38.3,726.2,57.8,0.0,0.0,0.0
2026-04-08 13:05:15,30.4,38.2,713.2,57.9,0.0,0.0,0.0
2026-04-08 13:05:20,30.5,38.3,739.0,57.9,0.0,0.0,0.0
2026-04-08 13:05:25,30.2,38.2,727.8,57.9,0.0,0.0,0.0
2026-04-08 13:05:30,30.4,38.2,752.6,57.8,0.0,0.0,0.0
2026-04-08 13:05:35,30.4,38.3,728.0,57.8,0.0,0.0,0.0
2026-04-08 13:05:40,30.2,38.1,735.2,57.8,0.0,0.0,0.0
2026-04-08 13:05:45,30.4,38.1,729.1,57.8,0.0,0.0,0.0
2026-04-08 13:05:50,30.4,38.0,718.9,57.8,0.0,0.0,0.0
2026-04-08 13:05:55,30.4,37.9,745.1,57.8,0.0,0.0,0.0
2026-04-08 13:06:00,30.4,38.0,738.8,57.8,0.0,0.0,0.0
2026-04-08 13:06:05,30.4,38.0,757.9,57.8,0.0,0.0,0.0
2026-04-08 13:06:10,30.3,38.0,745.4,57.8,0.0,0.0,0.0
2026-04-08 13:06:15,30.2,37.9,738.2,57.8,0.0,0.0,0.0
2026-04-08 13:06:20,30.2,37.9,743.3,57.8,0.0,0.0,0.0
2026-04-08 13:06:25,30.3,38.0,738.5,57.8,0.0,0.0,0.0
2026-04-08 13:06:30,30.4,38.0,729.1,57.8,0.0,0.0,0.0
2026-04-08 13:06:35,30.5,38.1,740.6,57.8,0.0,0.0,0.0
2026-04-08 13:06:40,30.3,38.0,767.4,57.8,0.0,0.0,0.0
2026-04-08 13:06:45,30.2,37.9,744.0,57.8,0.0,0.0,0.0
2026-04-08 13:06:50,30.2,38.0,722.0,57.8,0.0,0.0,0.0
2026-04-08 13:06:55,30.2,38.0,727.4,57.8,0.0,0.0,0.0
2026-04-08 13:07:00,30.3,38.2,749.1,57.8,0.0,0.0,0.0
2026-04-08 13:07:05,30.3,38.1,727.6,57.8,0.0,0.0,0.0
2026-04-08 13:07:10,30.3,38.3,752.3,57.8,0.0,0.0,0.0
2026-04-08 13:07:15,30.4,38.3,746.4,57.8,0.0,0.0,0.0
2026-04-08 13:07:20,30.3,38.3,752.9,57.8,0.0,0.0,0.0
2026-04-08 13:07:25,30.5,38.3,734.9,57.8,0.0,0.0,0.0
2026-04-08 13:07:30,30.3,38.3,750.5,57.8,0.0,0.0,0.0
2026-04-08 13:07:35,30.4,38.2,715.5,57.8,0.0,0.0,0.0
2026-04-08 13:07:40,30.3,38.2,734.2,57.8,0.0,0.0,0.0
2026-04-08 13:07:45,30.3,38.2,751.3,57.8,0.0,0.0,0.0
2026-04-08 13:07:50,30.4,38.2,725.2,57.8,0.0,0.0,0.0
2026-04-08 13:07:55,30.4,38.2,754.3,57.8,0.0,0.0,0.0
2026-04-08 13:08:00,30.3,38.2,738.8,57.8,0.0,0.0,0.0
2026-04-08 13:08:05,30.2,38.1,757.1,57.8,0.0,0.0,0.0
2026-04-08 13:08:10,30.5,38.2,728.0,57.8,0.0,0.0,0.0
2026-04-08 13:08:15,30.3,38.1,716.9,57.8,0.0,0.0,0.0
2026-04-08 13:08:20,30.3,38.0,730.0,57.8,0.0,0.0,0.0
2026-04-08 13:08:25,30.3,38.0,736.2,57.8,0.0,0.0,0.0
2026-04-08 13:08:30,30.2,38.0,715.7,57.8,0.0,0.0,0.0
2026-04-08 13:08:35,30.3,38.0,712.5,57.8,0.0,0.0,0.0
2026-04-08 13:08:40,30.3,38.0,714.8,57.8,0.0,0.0,0.0
2026-04-08 13:08:45,30.3,38.1,718.2,57.7,0.0,0.0,0.0
2026-04-08 13:08:50,30.4,38.2,730.2,57.7,0.0,0.0,0.0
2026-04-08 13:08:55,30.4,38.2,738.9,57.7,0.0,0.0,0.0
2026-04-08 13:09:00,30.2,38.2,732.4,57.8,0.0,0.0,0.0
2026-04-08 13:09:05,30.3,38.3,727.0,57.8,0.0,0.0,0.0
2026-04-08 13:09:10,30.4,38.2,739.6,57.8,0.0,0.0,0.0
2026-04-08 13:09:15,30.3,38.2,711.9,57.8,0.0,0.0,0.0
2026-04-08 13:09:20,30.2,38.2,724.7,57.8,0.0,0.0,0.0
2026-04-08 13:09:25,30.4,38.3,733.2,57.8,0.0,0.0,0.0
2026-04-08 13:09:30,30.2,38.4,720.2,57.8,0.0,0.0,0.0
2026-04-08 13:09:35,30.4,38.4,729.4,57.8,0.0,0.0,0.0
2026-04-08 13:09:40,30.4,38.3,738.8,57.7,0.0,0.0,0.0
2026-04-08 13:09:45,30.3,38.4,719.9,57.7,0.0,0.0,0.0
2026-04-08 13:09:50,30.5,38.3,746.2,57.7,0.0,0.0,0.0
2026-04-08 13:09:55,30.5,38.4,756.6,57.7,0.0,0.0,0.0
2026-04-08 13:10:00,30.4,38.5,704.7,57.7,0.0,0.0,0.0
2026-04-08 13:10:05,30.4,38.4,720.3,57.7,0.0,0.0,0.0
2026-04-08 13:10:10,30.3,38.6,724.5,57.7,0.0,0.0,0.0
2026-04-08 13:10:15,30.5,38.4,722.6,57.7,0.0,0.0,0.0
2026-04-08 13:10:20,30.3,38.4,695.2,57.7,0.0,0.0,0.0
2026-04-08 13:10:25,30.3,38.4,722.4,57.7,0.0,0.0,0.0
2026-04-08 13:10:30,30.4,38.4,726.0,57.7,0.0,0.0,0.0
2026-04-08 13:10:35,30.3,38.2,759.8,57.8,0.0,0.0,0.0
2026-04-08 13:10:40,30.3,38.2,713.9,57.8,0.0,0.0,0.0
2026-04-08 13:10:45,30.3,38.3,717.8,57.7,0.0,0.0,0.0
2026-04-08 13:10:50,30.2,38.3,707.6,57.7,0.0,0.0,0.0
2026-04-08 13:10:55,30.3,38.4,738.0,57.7,0.0,0.0,0.0
2026-04-08 13:11:00,30.4,38.5,728.4,57.7,0.0,0.0,0.0
2026-04-08 13:11:05,30.3,38.7,728.6,57.7,0.0,0.0,0.0
2026-04-08 13:11:10,30.2,38.6,724.6,57.7,0.0,0.0,0.0
2026-04-08 13:11:15,30.4,38.5,691.6,57.7,0.0,0.0,0.0
2026-04-08 13:11:20,30.4,38.6,735.2,57.7,0.0,0.0,0.0
2026-04-08 13:11:25,30.3,38.7,695.4,57.7,0.0,0.0,0.0
2026-04-08 13:11:30,30.5,38.7,733.1,57.7,0.0,0.0,0.0
2026-04-08 13:11:35,30.4,38.8,710.0,57.7,0.0,0.0,0.0
2026-04-08 13:11:40,30.3,38.8,738.3,57.7,0.0,0.0,0.0
2026-04-08 13:11:45,30.4,38.8,703.4,57.7,0.0,0.0,0.0
2026-04-08 13:11:50,30.3,38.9,729.0,57.7,0.0,0.0,0.0
2026-04-08 13:11:55,30.4,38.9,717.7,57.7,0.0,0.0,0.0
2026-04-08 13:12:00,30.3,39.0,730.6,57.7,0.0,0.0,0.0
2026-04-08 13:12:05,30.2,39.0,733.4,57.6,0.0,0.0,0.0
2026-04-08 13:12:10,30.2,39.0,697.9,57.6,0.0,0.0,0.0
2026-04-08 13:12:15,30.4,38.8,744.3,57.6,0.0,0.0,0.0
2026-04-08 13:12:20,30.4,38.8,703.1,57.6,0.0,0.0,0.0
2026-04-08 13:12:25,30.5,38.8,727.8,57.7,0.0,0.0,0.0
2026-04-08 13:12:30,30.4,38.7,709.6,57.7,0.0,0.0,0.0
2026-04-08 13:12:35,30.3,38.6,716.0,57.7,0.0,0.0,0.0
2026-04-08 13:12:40,30.4,38.4,716.2,57.7,0.0,0.0,0.0
2026-04-08 13:12:45,30.3,38.4,714.3,57.7,0.0,0.0,0.0
2026-04-08 13:12:50,30.3,38.4,717.9,57.7,0.0,0.0,0.0
2026-04-08 13:12:55,30.4,38.4,707.9,57.6,0.0,0.0,0.0
2026-04-08 13:13:00,30.4,38.4,711.2,57.6,0.0,0.0,0.0
2026-04-08 13:13:05,30.3,38.3,731.0,57.6,0.0,0.0,0.0
2026-04-08 13:13:10,30.4,38.3,725.3,57.6,0.0,0.0,0.0
2026-04-08 13:13:15,30.4,38.4,705.3,57.6,0.0,0.0,0.0
2026-04-08 13:13:20,30.5,38.3,718.9,57.6,0.0,0.0,0.0
2026-04-08 13:13:25,30.4,38.2,730.7,57.7,0.0,0.0,0.0
2026-04-08 13:13:30,30.4,38.2,733.5,57.6,0.0,0.0,0.0
2026-04-08 13:13:35,30.3,38.2,733.9,57.6,0.0,0.0,0.0
2026-04-08 13:13:40,30.3,38.2,707.1,57.6,0.0,0.0,0.0
2026-04-08 13:13:45,30.3,38.3,731.9,57.6,0.0,0.0,0.0
2026-04-08 13:13:50,30.3,38.3,707.8,57.6,0.0,0.0,0.0
2026-04-08 13:13:55,30.5,38.5,704.7,57.6,0.0,0.0,0.0
2026-04-08 13:14:00,30.5,38.3,714.5,57.6,0.0,0.0,0.0
2026-04-08 13:14:05,30.3,38.4,699.7,57.6,0.0,0.0,0.0
2026-04-08 13:14:10,30.4,38.4,708.2,57.6,0.0,0.0,0.0
2026-04-08 13:14:15,30.4,38.5,718.8,57.6,0.0,0.0,0.0
2026-04-08 13:14:20,30.4,38.6,704.5,57.6,0.0,0.0,0.0
2026-04-08 13:14:25,30.3,38.6,726.5,57.6,0.0,0.0,0.0
2026-04-08 13:14:30,30.4,38.5,707.8,57.6,0.0,0.0,0.0
2026-04-08 13:14:35,30.3,38.4,720.1,57.6,0.0,0.0,0.0
2026-04-08 13:14:40,30.5,38.4,730.3,57.6,0.0,0.0,0.0
2026-04-08 13:14:45,30.3,38.3,709.6,57.6,0.0,0.0,0.0
2026-04-08 13:14:50,30.5,38.3,718.8,57.6,0.0,0.0,0.0
2026-04-08 13:14:55,30.4,38.2,726.1,57.6,0.0,0.0,0.0
2026-04-08 13:15:00,30.5,38.1,721.9,57.6,0.0,0.0,0.0
2026-04-08 13:15:05,30.4,38.0,706.2,57.6,0.0,0.0,0.0
2026-04-08 13:15:10,30.3,37.9,732.9,57.6,0.0,0.0,0.0
2026-04-08 13:15:15,30.4,37.8,690.8,57.6,0.0,0.0,0.0
2026-04-08 13:15:20,30.2,37.8,705.7,57.6,0.0,0.0,0.0
2026-04-08 13:15:25,30.5,37.7,719.3,57.6,0.0,0.0,0.0
2026-04-08 13:15:30,30.4,37.7,694.4,57.6,0.0,0.0,0.0
2026-04-08 13:15:35,30.2,37.7,713.7,57.6,0.0,0.0,0.0
2026-04-08 13:15:40,30.3,37.7,713.7,57.6,0.0,0.0,0.0
2026-04-08 13:15:45,30.2,37.7,707.6,57.5,0.0,0.0,0.0
2026-04-08 13:15:50,30.5,37.7,695.7,57.5,0.0,0.0,0.0
2026-04-08 13:15:55,30.3,37.7,708.0,57.5,0.0,0.0,0.0
2026-04-08 13:16:00,30.2,37.8,724.5,57.5,0.0,0.0,0.0
2026-04-08 13:16:05,30.5,37.8,719.3,57.5,0.0,0.0,0.0
2026-04-08 13:16:10,30.3,37.7,736.8,57.5,0.0,0.0,0.0
2026-04-08 13:16:15,30.3,37.7,718.1,57.5,0.0,0.0,0.0
2026-04-08 13:16:20,30.3,37.6,680.7,57.6,0.0,0.0,0.0
2026-04-08 13:16:25,30.4,37.6,696.9,57.6,0.0,0.0,0.0
2026-04-08 13:16:30,30.3,37.6,695.6,57.6,0.0,0.0,0.0
2026-04-08 13:16:35,30.4,37.6,688.2,57.5,0.0,0.0,0.0
2026-04-08 13:16:40,30.4,37.6,697.3,57.5,0.0,0.0,0.0
2026-04-08 13:16:45,30.4,37.4,699.3,57.6,0.0,0.0,0.0
2026-04-08 13:16:50,30.4,37.4,705.0,57.6,0.0,0.0,0.0
2026-04-08 13:16:55,30.4,37.6,715.2,57.6,0.0,0.0,0.0
2026-04-08 13:17:00,30.2,37.6,689.5,57.6,0.0,0.0,0.0
2026-04-08 13:17:05,30.5,37.6,712.7,57.6,0.0,0.0,0.0
2026-04-08 13:17:10,30.2,37.8,679.9,57.5,0.0,0.0,0.0
2026-04-08 13:17:15,30.3,37.8,699.5,57.5,0.0,0.0,0.0
2026-04-08 13:17:20,30.3,37.7,721.8,57.5,0.0,0.0,0.0
2026-04-08 13:17:25,30.3,37.6,684.7,57.5,0.0,0.0,0.0
2026-04-08 13:17:30,30.4,37.5,681.8,57.5,0.0,0.0,0.0
2026-04-08 13:17:35,30.4,37.5,706.0,57.5,0.0,0.0,0.0
2026-04-08 13:17:40,30.5,37.5,691.0,57.5,0.0,0.0,0.0
2026-04-08 13:17:45,30.3,37.5,703.1,57.5,0.0,0.0,0.0
2026-04-08 13:17:50,30.4,37.4,708.5,57.5,0.0,0.0,0.0
2026-04-08 13:17:55,30.5,37.5,694.1,57.5,0.0,0.0,0.0
2026-04-08 13:18:00,30.4,37.5,730.7,57.5,0.0,0.0,0.0
2026-04-08 13:18:05,30.5,37.5,698.0,57.5,0.0,0.0,0.0
2026-04-08 13:18:10,30.3,37.4,690.8,57.5,0.0,0.0,0.0
2026-04-08 13:18:15,30.5,37.5,709.5,57.5,0.0,0.0,0.0
2026-04-08 13:18:20,30.5,37.5,700.4,57.5,0.0,0.0,0.0
2026-04-08 13:18:25,30.4,37.5,689.4,57.5,0.0,0.0,0.0
2026-04-08 13:18:30,30.4,37.4,694.5,57.5,0.0,0.0,0.0
2026-04-08 13:18:35,30.4,37.5,697.8,57.5,0.0,0.0,0.0
2026-04-08 13:18:40,30.4,37.6,708.9,57.5,0.0,0.0,0.0
2026-04-08 13:18:45,30.5,37.5,685.3,57.5,0.0,0.0,0.0
2026-04-08 13:18:50,30.4,37.5,691.2,57.5,0.0,0.0,0.0
2026-04-08 13:18:55,30.5,37.6,695.7,57.5,0.0,0.0,0.0
2026-04-08 13:19:00,30.3,37.5,682.7,57.5,0.0,0.0,0.0
2026-04-08 13:19:05,30.4,37.5,718.3,57.5,0.0,0.0,0.0
2026-04-08 13:19:10,30.3,37.6,693.5,57.5,0.0,0.0,0.0
2026-04-08 13:19:15,30.3,37.6,694.4,57.5,0.0,0.0,0.0
2026-04-08 13:19:20,30.4,37.7,691.7,57.5,0.0,0.0,0.0
2026-04-08 13:19:25,30.5,37.6,680.7,57.5,0.0,0.0,0.0
2026-04-08 13:19:30,30.3,37.7,695.8,57.5,0.0,0.0,0.0
2026-04-08 13:19:35,30.4,37.7,680.8,57.5,0.0,0.0,0.0
2026-04-08 13:19:40,30.4,37.9,701.2,57.5,0.0,0.0,0.0
2026-04-08 13:19:45,30.2,37.9,686.8,57.5,0.0,0.0,0.0
2026-04-08 13:19:50,30.5,37.8,697.1,57.5,0.0,0.0,0.0
2026-04-08 13:19:55,30.4,37.8,688.9,57.5,0.0,0.0,0.0
2026-04-08 13:20:00,30.5,37.8,712.4,57.5,0.0,0.0,0.0
2026-04-08 13:20:05,30.4,37.8,679.8,57.5,0.0,0.0,0.0
2026-04-08 13:20:10,30.4,37.9,684.0,57.5,0.0,0.0,0.0
2026-04-08 13:20:15,30.4,37.9,702.4,57.5,0.0,0.0,0.0
2026-04-08 13:20:20,30.4,38.0,693.4,57.5,0.0,0.0,0.0
2026-04-08 13:20:25,30.4,38.2,686.6,57.5,0.0,0.0,0.0
2026-04-08 13:20:30,30.5,38.1,677.5,57.5,0.0,0.0,0.0
2026-04-08 13:20:35,30.4,38.2,701.4,57.4,0.0,0.0,0.0
2026-04-08 13:20:40,30.4,38.2,675.3,57.4,0.0,0.0,0.0
2026-04-08 13:20:45,30.5,38.3,681.1,57.4,0.0,0.0,0.0
2026-04-08 13:20:50,30.4,38.4,696.0,57.5,0.0,0.0,0.0
2026-04-08 13:20:55,30.5,38.3,679.2,57.5,0.0,0.0,0.0
2026-04-08 13:21:00,30.5,38.2,701.5,57.5,0.0,0.0,0.0
2026-04-08 13:21:05,30.5,38.2,666.2,57.5,0.0,0.0,0.0
2026-04-08 13:21:10,30.5,38.2,697.1,57.4,0.0,0.0,0.0
2026-04-08 13:21:15,30.4,38.1,693.5,57.4,0.0,0.0,0.0
2026-04-08 13:21:20,30.4,38.2,682.4,57.4,0.0,0.0,0.0
2026-04-08 13:21:25,30.4,38.2,665.0,57.4,0.0,0.0,0.0
2026-04-08 13:21:30,30.5,38.2,700.1,57.4,0.0,0.0,0.0
2026-04-08 13:21:35,30.5,38.2,703.5,57.4,0.0,0.0,0.0
2026-04-08 13:21:40,30.5,38.4,698.2,57.4,0.0,0.0,0.0
2026-04-08 13:21:45,30.5,38.4,650.0,57.4,0.0,0.0,0.0
2026-04-08 13:21:50,30.5,38.5,681.0,57.4,0.0,0.0,0.0
2026-04-08 13:21:55,30.4,38.6,692.4,57.4,0.0,0.0,0.0
2026-04-08 13:22:00,30.3,38.5,694.2,57.4,0.0,0.0,0.0
2026-04-08 13:22:05,30.3,38.5,673.1,57.4,0.0,0.0,0.0
2026-04-08 13:22:10,30.5,38.4,691.6,57.4,0.0,0.0,0.0
2026-04-08 13:22:15,30.4,38.4,700.9,57.4,0.0,0.0,0.0
2026-04-08 13:22:20,30.3,38.4,694.4,57.4,0.0,0.0,0.0
2026-04-08 13:22:25,30.4,38.3,672.0,57.4,0.0,0.0,0.0
2026-04-08 13:22:30,30.4,38.4,691.9,57.4,0.0,0.0,0.0
2026-04-08 13:22:35,30.4,38.5,682.6,57.4,0.0,0.0,0.0
2026-04-08 13:22:40,30.6,38.5,705.7,57.4,0.0,0.0,0.0
2026-04-08 13:22:45,30.4,38.4,701.9,57.4,0.0,0.0,0.0
2026-04-08 13:22:50,30.3,38.5,674.0,57.4,0.0,0.0,0.0
2026-04-08 13:22:55,30.4,38.4,693.3,57.4,0.0,0.0,0.0
2026-04-08 13:23:00,30.3,38.5,685.9,57.4,0.0,0.0,0.0
2026-04-08 13:23:05,30.5,38.4,699.8,57.4,0.0,0.0,0.0
2026-04-08 13:23:10,30.6,38.5,669.0,57.4,0.0,0.0,0.0
2026-04-08 13:23:15,30.4,38.5,673.9,57.4,0.0,0.0,0.0
2026-04-08 13:23:20,30.3,38.6,695.4,57.4,0.0,0.0,0.0
2026-04-08 13:23:25,30.5,38.7,673.1,57.4,0.0,0.0,0.0
2026-04-08 13:23:30,30.5,38.6,693.6,57.4,0.0,0.0,0.0
2026-04-08 13:23:35,30.4,38.6,693.9,57.4,0.0,0.0,0.0
2026-04-08 13:23:40,30.5,38.6,680.1,57.4,0.0,0.0,0.0
2026-04-08 13:23:45,30.4,38.5,710.2,57.4,0.0,0.0,0.0
2026-04-08 13:23:50,30.3,38.5,674.4,57.3,0.0,0.0,0.0
2026-04-08 13:23:55,30.5,38.4,684.4,57.3,0.0,0.0,0.0
2026-04-08 13:24:00,30.5,38.3,698.5,57.4,0.0,0.0,0.0
2026-04-08 13:24:05,30.5,38.4,713.4,57.4,0.0,0.0,0.0
2026-04-08 13:24:10,30.2,38.4,687.6,57.4,0.0,0.0,0.0
2026-04-08 13:24:15,30.4,38.4,678.5,57.4,0.0,0.0,0.0
2026-04-08 13:24:20,30.5,38.3,697.1,57.3,0.0,0.0,0.0
2026-04-08 13:24:25,30.5,38.4,698.5,57.3,0.0,0.0,0.0
2026-04-08 13:24:30,30.5,38.4,673.5,57.4,0.0,0.0,0.0
2026-04-08 13:24:35,30.4,38.4,673.4,57.4,0.0,0.0,0.0
2026-04-08 13:24:40,30.4,38.3,693.8,57.4,0.0,0.0,0.0
2026-04-08 13:24:45,30.2,38.3,707.6,57.4,0.0,0.0,0.0
2026-04-08 13:24:50,30.5,38.2,681.1,57.3,0.0,0.0,0.0
2026-04-08 13:24:55,30.4,38.3,671.5,57.4,0.0,0.0,0.0
2026-04-08 13:25:00,30.4,38.3,667.4,57.3,0.0,0.0,0.0
2026-04-08 13:25:05,30.4,38.3,683.3,57.4,0.0,0.0,0.0
2026-04-08 13:25:10,30.4,38.2,641.9,57.3,0.0,0.0,0.0
2026-04-08 13:25:15,30.5,38.3,677.8,57.3,0.0,0.0,0.0
2026-04-08 13:25:20,30.4,38.4,679.6,57.3,0.0,0.0,0.0
2026-04-08 13:25:25,30.4,38.3,689.6,57.3,0.0,0.0,0.0
2026-04-08 13:25:30,30.3,38.4,683.2,57.3,0.0,0.0,0.0
2026-04-08 13:25:35,30.4,38.4,690.8,57.3,0.0,0.0,0.0
2026-04-08 13:25:40,30.5,38.5,652.5,57.3,0.0,0.0,0.0
2026-04-08 13:25:45,30.5,38.5,686.8,57.3,0.0,0.0,0.0
2026-04-08 13:25:50,30.5,38.7,699.9,57.3,0.0,0.0,0.0
2026-04-08 13:25:55,30.4,38.5,675.6,57.3,0.0,0.0,0.0
2026-04-08 13:26:00,30.4,38.6,668.1,57.3,0.0,0.0,0.0
2026-04-08 13:26:05,30.4,38.5,663.9,57.3,0.0,0.0,0.0
2026-04-08 13:26:10,30.4,38.4,664.7,57.3,0.0,0.0,0.0
2026-04-08 13:26:15,30.5,38.2,680.2,57.3,0.0,0.0,0.0
2026-04-08 13:26:20,30.5,38.2,681.1,57.3,0.0,0.0,0.0
2026-04-08 13:26:25,30.5,38.1,685.0,57.3,0.0,0.0,0.0
2026-04-08 13:26:30,30.6,38.1,655.4,57.3,0.0,0.0,0.0
2026-04-08 13:26:35,30.4,38.1,694.4,57.3,0.0,0.0,0.0
2026-04-08 13:26:40,30.5,38.0,704.1,57.3,0.0,0.0,0.0
2026-04-08 13:26:45,30.4,38.0,689.1,57.3,0.0,0.0,0.0
2026-04-08 13:26:50,30.4,38.0,647.1,57.3,0.0,0.0,0.0
2026-04-08 13:26:55,30.6,38.0,667.3,57.3,0.0,0.0,0.0
2026-04-08 13:27:00,30.5,38.1,680.7,57.3,0.0,0.0,0.0
2026-04-08 13:27:05,30.6,38.2,655.2,57.3,0.0,0.0,0.0
2026-04-08 13:27:10,30.3,38.3,671.5,57.3,0.0,0.0,0.0
2026-04-08 13:27:15,30.4,38.3,675.2,57.3,0.0,0.0,0.0
2026-04-08 13:27:20,30.5,38.3,669.7,57.2,0.0,0.0,0.0
2026-04-08 13:27:25,30.5,38.2,674.4,57.2,0.0,0.0,0.0
2026-04-08 13:27:30,30.6,38.3,661.5,57.2,0.0,0.0,0.0
2026-04-08 13:27:35,30.4,38.2,698.7,57.2,0.0,0.0,0.0
2026-04-08 13:27:40,30.5,38.3,699.7,57.2,0.0,0.0,0.0
2026-04-08 13:27:45,30.4,38.4,663.8,57.2,0.0,0.0,0.0
2026-04-08 13:27:50,30.5,38.4,666.4,57.2,0.0,0.0,0.0
2026-04-08 13:27:55,30.5,38.2,668.1,57.2,0.0,0.0,0.0
2026-04-08 13:28:00,30.4,38.2,674.0,57.2,0.0,0.0,0.0
2026-04-08 13:28:05,30.4,38.2,681.2,57.2,0.0,0.0,0.0
2026-04-08 13:28:10,30.5,38.1,645.9,57.2,0.0,0.0,0.0
2026-04-08 13:28:15,30.5,38.1,663.0,57.2,0.0,0.0,0.0
2026-04-08 13:28:20,30.5,38.1,671.8,57.2,0.0,0.0,0.0
2026-04-08 13:28:25,30.5,38.2,668.0,57.2,0.0,0.0,0.0
2026-04-08 13:28:30,30.4,38.1,689.9,57.2,0.0,0.0,0.0
2026-04-08 13:28:35,30.4,38.1,685.6,57.2,0.0,0.0,0.0
2026-04-08 13:28:40,30.4,38.2,654.2,57.2,0.0,0.0,0.0
2026-04-08 13:28:45,30.4,38.2,660.7,57.2,0.0,0.0,0.0
2026-04-08 13:28:50,30.6,38.1,661.1,57.2,0.0,0.0,0.0
2026-04-08 13:28:55,30.5,38.0,670.2,57.2,0.0,0.0,0.0
2026-04-08 13:29:00,30.6,38.0,690.5,57.2,0.0,0.0,0.0
2026-04-08 13:29:05,30.3,38.1,679.8,57.2,0.0,0.0,0.0
2026-04-08 13:29:10,30.4,38.1,677.4,57.2,0.0,0.0,0.0
2026-04-08 13:29:15,30.5,38.2,652.9,57.2,0.0,0.0,0.0
2026-04-08 13:29:20,30.4,38.2,688.2,57.2,0.0,0.0,0.0
2026-04-08 13:29:25,30.5,38.2,672.6,57.2,0.0,0.0,0.0
2026-04-08 13:29:30,30.5,38.2,685.1,57.2,0.0,0.0,0.0
2026-04-08 13:29:35,30.3,38.2,697.8,57.2,0.0,0.0,0.0
2026-04-08 13:29:40,30.5,38.2,653.1,57.2,0.0,0.0,0.0
2026-04-08 13:29:45,30.4,38.2,667.4,57.2,0.0,0.0,0.0
2026-04-08 13:29:50,30.4,38.1,648.9,57.1,0.0,0.0,0.0
2026-04-08 13:29:55,30.6,38.1,664.0,57.1,0.0,0.0,0.0
