model,na,nb,nk,alpha,n_params,val_FIT_1step,val_FIT_12,val_FIT_sim,val_block_FIT_sim,val_block_mean_FIT_sim,val_block_std_FIT_sim,val_robust_score
ARX_na3_nb3_nk1_alpha0.1,3,3,1,0.1,52,93.09790577009919,90.5779174721939,75.55558761475935,"[77.52959091824701, 63.17680334193715, 83.31996180035217, 84.7867166806007]",77.20326818528426,8.5406503614981,72.9329430045352
ARX_na3_nb3_nk1_alpha0.01,3,3,1,0.01,52,93.09585735329841,90.57945129858257,75.4942078026745,"[77.42118380409534, 63.20006309655637, 83.3612673733055, 84.80128387173835]",77.19594953642388,8.540898988026443,72.92550004241066
ARX_na3_nb3_nk1_alpha0.001,3,3,1,0.001,52,93.09558462139647,90.57955585584368,75.48644608094193,"[77.40697956998748, 63.20400327369096, 83.36578013425226, 84.80317984255721]",77.19498570512198,8.540431088575701,72.92477016083413
ARX_na3_nb3_nk1_alpha0,3,3,1,0.0,52,93.09555325840732,90.57956671632425,75.48555910892041,"[77.40534840238465, 63.204466808237, 83.3662856577476, 84.80339885205022]",77.19487493010487,8.540371261529536,72.9246892993401
ARX_na8_nb8_nk1_alpha0,8,8,1,0.0,137,93.52093991528568,91.2041478236774,69.25311815680386,"[79.84459389320988, 53.3213332367841, 81.46061110306539, 89.52812225009735]",76.03866512078918,13.619152081048748,69.2290890802648
ARX_na8_nb8_nk1_alpha0.001,8,8,1,0.001,137,93.52099029098288,91.20415775574212,69.25256764935604,"[79.8441570727205, 53.32149626435771, 81.4598992248353, 89.52766310703764]",76.0383039172378,13.618869035366425,69.22886939955458
ARX_na8_nb8_nk1_alpha0.01,8,8,1,0.01,137,93.52142520130583,91.20423934668821,69.24776269403779,"[79.84035805327925, 53.32286287717476, 81.45372055202512, 89.5236408336415]",76.03514557903016,13.616422864273318,69.2269341468935
ARX_na8_nb8_nk1_alpha0.1,8,8,1,0.1,137,93.52454505569818,91.2045433621797,69.21129014864009,"[79.81195074329163, 53.33122179399579, 81.4083987270952, 89.49168705819598]",76.01081458064465,13.59853303181278,69.21154806473825
ARX_na5_nb5_nk1_alpha0.1,5,5,1,0.1,86,93.44204732355706,91.13449957517196,70.04433232887732,"[79.17858778324526, 51.97560672971036, 83.14762474496835, 90.1172511966606]",76.10476761364615,14.470800842855562,68.86936719221836
ARX_na5_nb5_nk1_alpha0.01,5,5,1,0.01,86,93.44035322395845,91.13505589797632,70.01631606783228,"[79.13591649748354, 51.97123851929596, 83.10954296023976, 90.12646642212303]",76.08579109978558,14.467969491288422,68.85180635414137
ARX_na5_nb5_nk1_alpha0.001,5,5,1,0.001,86,93.4401199407431,91.13508292349229,70.01318463930694,"[79.13040877722145, 51.9716084330043, 83.10496649235617, 90.12743315146425]",76.08360421351153,14.467204447109872,68.8500019899566
ARX_na5_nb5_nk1_alpha0,5,5,1,0.0,86,93.44009296981328,91.13508546202137,70.01283142975265,"[79.12977636706154, 51.97166273924913, 83.10444550644057, 90.12754109508676]",76.0833564269595,14.46711151021423,68.84980067185238
ARX_na12_nb8_nk1_alpha0,12,8,1,0.0,141,93.50328070856906,91.1659895114749,67.54242619180877,"[79.54810062521322, 52.411349256863225, 80.90974440969678, 88.35345204477765]",75.30566158413772,13.636333874767505,68.48749464675397
ARX_na12_nb8_nk1_alpha0.001,12,8,1,0.001,141,93.50333131521818,91.16599867139257,67.54174939629985,"[79.54771933740224, 52.41145279479878, 80.90891762308189, 88.35282998160751]",75.30522993422261,13.636027012628059,68.48721642790858
ARX_na12_nb8_nk1_alpha0.01,12,8,1,0.01,141,93.50376790149362,91.16607331981501,67.53583046035668,"[79.5443886730967, 52.41229535344463, 80.90173643733533, 88.34737865991526]",75.30144978094798,13.633372581622892,68.48476349013653
ARX_na2_nb2_nk1_alpha0.1,2,2,1,0.1,35,92.3666559868107,88.45757396165111,72.3636620227469,"[68.90603538699446, 75.55347489855035, 68.15117778610174, 67.70317181803408]",70.07846497242016,3.1900931918921316,68.4834183764741
ARX_na12_nb8_nk1_alpha0.1,12,8,1,0.1,141,93.50687940735678,91.16630929176172,67.48980913585665,"[79.51868997519676, 52.4160167755663, 80.84856225574198, 88.30376120314824]",75.27175755241333,13.61391926773802,68.46479791854432
ARX_na2_nb2_nk1_alpha0.01,2,2,1,0.01,35,92.36640115310087,88.45912292933735,72.3245374693103,"[68.85219048361795, 75.61840662381007, 68.12112632071725, 67.6373774064539]",70.0572752086498,3.239714096201339,68.43741816054913
ARX_na2_nb2_nk1_alpha0.001,2,2,1,0.001,35,92.36637027432705,88.45925528856378,72.32037260652918,"[68.84612984259854, 75.62555877523924, 68.11867839402193, 67.63016294394416]",70.05513248895096,3.2450604064422484,68.43260228572984
ARX_na2_nb2_nk1_alpha0,2,2,1,0.0,35,92.36636676747403,88.45926968778979,72.31990675959088,"[68.84544822733878, 75.62636177959519, 68.11841460513067, 67.62935210776568]",70.05489417995757,3.2456593403271854,68.43206450979397
ARX_na12_nb5_nk1_alpha0.1,12,5,1,0.1,93,93.41878631798805,91.08281319493526,65.00759328997646,"[79.09411510535736, 48.1042748025025, 81.26276246009556, 86.78907152075098]",73.8125559721766,15.105513232519835,66.25979935591668
ARX_na12_nb5_nk1_alpha0.01,12,5,1,0.01,93,93.41697529243133,91.0832016140052,64.97895073106199,"[79.05438108924565, 48.11153457196428, 81.21626356585662, 86.7998883030577]",73.79551688253106,15.095560253392955,66.24773675583458
ARX_na12_nb5_nk1_alpha0.001,12,5,1,0.001,93,93.41672561316209,91.08320924891726,64.97568805352726,"[79.04930675174852, 48.11303958855044, 81.21076505357213, 86.8009086178559]",73.79350500293175,15.09402242099888,66.24649379243232
ARX_na12_nb5_nk1_alpha0,12,5,1,0.0,93,93.41669673657374,91.0832095896028,64.97531913982598,"[79.04872483707452, 48.113219489492984, 81.21014046494084, 86.80102062373558]",73.79327635381097,15.093842648159258,66.24635502973133
ARX_na5_nb8_nk1_alpha0,5,8,1,0.0,134,93.45999446122097,91.13671521113773,64.90212607302705,"[78.37670546517245, 49.66291157453742, 78.71213813729382, 85.78865867327778]",73.13510346257037,13.871138731335384,66.19953409690268
ARX_na5_nb8_nk1_alpha0.001,5,8,1,0.001,134,93.46004550712192,91.13672628008067,64.90086613963258,"[78.37593741638013, 49.66278541330909, 78.71068722905726, 85.78751044797013]",73.13423012667916,13.870711850401953,66.19887420147818
ARX_na5_nb8_nk1_alpha0.01,5,8,1,0.01,134,93.4604862895466,91.13681782647323,64.88979066489055,"[78.36920746899472, 49.661546066500605, 78.69802443223205, 85.77740253883327]",73.12654512664015,13.867022609815821,66.19303382173224
ARX_na5_nb8_nk1_alpha0.1,5,8,1,0.1,134,93.46365151807548,91.1372057874116,64.79920258137737,"[78.31540648128754, 49.64394686400729, 78.60010747754822, 85.69330366204174]",73.0631911212212,13.840375295655077,66.14300347339366
ARX_na8_nb5_nk1_alpha0.1,8,5,1,0.1,89,93.43802049276417,91.11022097060894,64.68609071573795,"[79.43396916590375, 46.97264003378102, 80.6944934299225, 86.10298488304939]",73.30102187816416,15.405765246677507,65.59813925482541
ARX_na8_nb5_nk1_alpha0.01,8,5,1,0.01,89,93.43621316381561,91.11054897619064,64.65348949848708,"[79.39627644949839, 46.97813439059032, 80.64242253557971, 86.11007678123627]",73.28172753922617,15.3949106526264,65.58427221291296
ARX_na8_nb5_nk1_alpha0.001,8,5,1,0.001,89,93.4359640330042,91.11054762078051,64.64972260520334,"[79.39148796207624, 46.97941231575378, 80.6361723701185, 86.11060364548855]",73.27941907335926,15.39325224038071,65.5827929531689
ARX_na8_nb5_nk1_alpha0,8,5,1,0.0,89,93.43593522172988,91.11054689131967,64.64929589190567,"[79.39093926443755, 46.979566161391894, 80.63546093409721, 86.11065876767947]",73.27915628190152,15.393058548505444,65.5826270076488
ARX_na8_nb3_nk1_alpha0.1,8,3,1,0.1,57,93.10736992741256,90.7232003976654,62.48320898887159,"[78.01031902738507, 46.424242929759295, 79.31161009060253, 83.53474966551903]",71.82023042831648,14.803919312925998,64.41827077185349
ARX_na8_nb3_nk1_alpha0.01,8,3,1,0.01,57,93.10531087484543,90.72356611300856,62.35516747401056,"[77.89792463988846, 46.45780515808888, 79.09796303809881, 83.5355386688388]",71.74730787622875,14.75113174330009,64.3717420045787
ARX_na8_nb3_nk1_alpha0.001,8,3,1,0.001,57,93.10503696287837,90.72353589477859,62.338675762428466,"[77.88314967433936, 46.46260893237254, 79.07052887786861, 83.534755275818]",71.73776069009963,14.743962092113971,64.36577964404265
ARX_na8_nb3_nk1_alpha0,8,3,1,0.0,57,93.10500546696792,90.72353151778054,62.33678745613362,"[77.88145268763358, 46.46316535114098, 79.06738815798893, 83.5346538668048]",71.73666501589207,14.743136060106883,64.36509698583863
ARX_na12_nb3_nk1_alpha0.1,12,3,1,0.1,61,93.09005232749293,90.68990228455121,61.98777722211701,"[77.20059656797332, 45.785651465855935, 79.28883811404671, 83.81252309157031]",71.52190230986157,15.049807531732723,63.99699854399521
ARX_na12_nb3_nk1_alpha0.01,12,3,1,0.01,61,93.08800250013715,90.69041624962986,61.877735961975056,"[77.09610428724179, 45.83268462976111, 79.08607544203589, 83.82696835930005]",71.4604581795847,14.996865479410898,63.962025439879255
ARX_na12_nb3_nk1_alpha0.001,12,3,1,0.001,61,93.08772907665703,90.69040309188253,61.863359607505416,"[77.08206851214403, 45.839184966532365, 79.06000667698817, 83.82781132931183]",71.45226787124409,14.989633390770944,63.957451175858615
ARX_na12_nb3_nk1_alpha0,12,3,1,0.0,61,93.08769762507765,90.6904006372257,61.86171097597164,"[77.08045218183446, 45.83993548214745, 79.05702184705697, 83.82789489881928]",71.45132610246455,14.98879959214648,63.95692630639131
ARX_na3_nb2_nk1_alpha0.1,3,2,1,0.1,36,92.41335611094448,89.48507046850511,61.519883097505065,"[70.68563325108369, 46.683595240703404, 79.59902017545868, 80.24395014085877]",69.30304970202613,13.594682488019169,62.50570845801654
ARX_na3_nb2_nk1_alpha0.01,3,2,1,0.01,36,92.41302041943766,89.4897141725088,61.49333819232281,"[70.6692158781942, 46.63488229477291, 79.58030074922931, 80.26237123936946]",69.28669254039147,13.61469583798452,62.47934462139921
ARX_na3_nb2_nk1_alpha0.001,3,2,1,0.001,36,92.41298029116196,89.49014924121676,61.490683252848925,"[70.66730785506044, 46.630679692407284, 79.57814135331921, 80.26446218554054]",69.28514777158188,13.61640878059399,62.47694338128488
ARX_na3_nb2_nk1_alpha0,3,2,1,0.0,36,92.41297573990823,89.49019716707706,61.49038790947293,"[70.66709341160406, 46.63022102252145, 79.57789756455807, 80.26469762179038]",69.28497740511848,13.616595507460703,62.47667965138813
ARX_na3_nb8_nk1_alpha0,3,8,1,0.0,132,93.27764817830737,90.89499705179777,57.16612955563431,"[74.74032949345344, 43.91139728771039, 73.36629895229349, 78.87176162080826]",67.72244683856638,13.89583610714216,60.774528784995304
ARX_na3_nb8_nk1_alpha0.001,3,8,1,0.001,132,93.27771098799936,90.8950045816163,57.163803834682426,"[74.73896640979657, 43.91101572823288, 73.36357022279067, 78.86953979874401]",67.72077303989104,13.895104728897243,60.773220675442424
ARX_na3_nb8_nk1_alpha0.01,3,8,1,0.01,132,93.27825436303405,90.8950631168244,57.14325867228435,"[74.72692456930002, 43.907381625455464, 73.33966591636833, 78.84988926584951]",67.70596534424334,13.888773145664915,60.76157877141088
ARX_na3_nb8_nk1_alpha0.1,3,8,1,0.1,132,93.2822294957552,90.89505440697374,56.9673265831512,"[74.62365372202426, 43.85995009196634, 73.14793825853509, 78.67953603252163]",67.57776952626183,13.842465839613313,60.65653660645518
ARX_na5_nb3_nk1_alpha0.1,5,3,1,0.1,54,93.12134795943943,90.72544461398444,59.31811023979194,"[75.98803774146694, 41.146080856024845, 75.52722746806954, 80.12959515365397]",68.19773530480381,15.720778887310248,60.33734586114869
ARX_na5_nb3_nk1_alpha0.01,5,3,1,0.01,54,93.11934795641909,90.7254625987834,59.17249599136349,"[75.87827823553235, 41.15632289392822, 75.2754899487242, 80.1210119616443]",68.10777575995726,15.67207302052028,60.27173924969712
ARX_na5_nb3_nk1_alpha0.001,5,3,1,0.001,54,93.11908170198365,90.72539399214043,59.15430421778667,"[75.86381665864906, 41.15879476829356, 75.24374323496453, 80.11952752140135]",68.09647054582712,15.665307592437197,60.263816749608516
ARX_na5_nb3_nk1_alpha0,5,3,1,0.0,54,93.1190510849902,90.72538529360645,59.15222796447741,"[75.86215462921761, 41.159092335663374, 75.24011649197365, 80.11935148016308]",68.09517873425443,15.66452625209613,60.26291560820637
ARX_na2_nb3_nk1_alpha0.1,2,3,1,0.1,51,92.9775588364916,90.62510823525723,56.02574641401294,"[72.72329426504322, 39.65727329784271, 77.50631019280839, 78.55862026929088]",67.1113745062463,16.002464185460212,59.1101424135162
ARX_na2_nb3_nk1_alpha0.01,2,3,1,0.01,51,92.97554746690592,90.62483041138142,55.93599292665867,"[72.63239827460374, 39.749775646892715, 77.2605688423759, 78.63127194488852]",67.06850367719022,15.928320898861031,59.104343227759706
ARX_na2_nb3_nk1_alpha0.001,2,3,1,0.001,51,92.97527946174398,90.62469685949759,55.92246762497113,"[72.619014520425, 39.76070200356793, 77.22809385960556, 78.63771666770376]",67.06138176282556,15.918448117472034,59.10215770408954
ARX_na2_nb3_nk1_alpha0,2,3,1,0.0,51,92.97524864542777,90.62468042381747,55.92089591551104,"[72.61745936618271, 39.76194286260339, 77.22436603614977, 78.6384186584026]",67.06054673083462,15.917312841947947,59.10189030986064
ARX_na3_nb5_nk1_alpha0,3,5,1,0.0,84,93.30728310985934,90.92377516498344,54.898572389375474,"[73.94356347431332, 37.34717735002604, 72.95347844971688, 77.54981359446923]",65.44850821713138,16.314234048467327,57.29139119289771
ARX_na3_nb5_nk1_alpha0.001,3,5,1,0.001,84,93.30731813824349,90.92377271547892,54.898377260809305,"[73.94384132122744, 37.34648981529391, 72.95390582876364, 77.54897728822282]",65.44830356337695,16.314460362576853,57.29107338208853
ARX_na3_nb5_nk1_alpha0.01,3,5,1,0.01,84,93.30762167139498,90.92374666838509,54.896591113961826,"[73.94613741684701, 37.34046062053906, 72.95762352641421, 77.54146980110977]",65.44642284122752,16.3163917343317,57.288226974061665
ARX_na3_nb5_nk1_alpha0.1,3,5,1,0.1,84,93.3098623137898,90.92320138071976,54.87723075311056,"[73.95608332817564, 37.290975124887105, 72.98669884938572, 77.46867265914278]",65.42560749039781,16.328901352808106,57.26115681399376
ARX_na2_nb1_nk1_alpha0,2,1,1,0.0,19,90.9952883930101,82.95748888189677,61.27534910663339,"[59.448415559734656, 70.98844658096203, 57.987289190428456, 52.289481804282126]",60.178408283851816,6.790176382905561,56.78332009239904
ARX_na2_nb1_nk1_alpha0.001,2,1,1,0.001,19,90.99529352216278,82.95732483560948,61.27480363700164,"[59.447394680042656, 70.98760709541396, 57.987322015803365, 52.28899431786031]",60.17782952728007,6.790008657170591,56.78282519869477
ARX_na2_nb1_nk1_alpha0.01,2,1,1,0.01,19,90.99533960440496,82.95584878115014,61.26989613513704,"[59.43820842712044, 70.98003990082206, 57.98761998913493, 52.28461243917422]",60.17262018906291,6.788493455807944,56.77837346115894
ARX_na2_nb1_nk1_alpha0.1,2,1,1,0.1,19,90.99579252069707,82.9411240858522,61.220994158749306,"[59.34651362647996, 70.90323224747993, 57.9908466248608, 52.24133196372145]",60.12048111563554,6.772796358742216,56.734082936264436
ARX_na12_nb2_nk1_alpha0,12,2,1,0.0,45,92.43585131675232,89.69036993573533,45.998953168387956,"[65.29149438241939, 32.520412536362805, 70.48851302835011, 67.80137238242399]",59.025448082389076,15.412648627065236,51.31912376885646
ARX_na12_nb2_nk1_alpha0.001,12,2,1,0.001,45,92.4358539760994,89.6903385123035,45.99819025088977,"[65.29119724393578, 32.51976164456506, 70.48826051078908, 67.80029085474229]",59.02487756350805,15.412697356740523,51.31852888513779
ARX_na12_nb2_nk1_alpha0.01,12,2,1,0.01,45,92.43587741899314,89.69005389201716,45.991344420456045,"[65.28849528249539, 32.51399144711375, 70.48595197140435, 67.79060277826412]",59.0197603698194,15.41309548717665,51.31321262623108
ARX_na12_nb2_nk1_alpha0.1,12,2,1,0.1,45,92.43607095113244,89.68706255828134,45.92483671826192,"[65.25882283232296, 32.46407172184114, 70.4599193517785, 67.69775289317411]",58.97014169977918,15.413512283850297,51.26338555785403
ARX_na8_nb2_nk1_alpha0,8,2,1,0.0,41,92.45391402088498,89.70877892874506,44.809730895800804,"[65.18221092481342, 31.395821278691027, 68.80098607978984, 65.58188248195098]",57.74022519131131,15.274511364237403,50.10296950919261
ARX_na8_nb2_nk1_alpha0.001,8,2,1,0.001,41,92.45391686196808,89.7087508631793,44.80916256473441,"[65.18198647229832, 31.39530736046806, 68.80089879821382, 65.58099075258468]",57.73979584589122,15.274575370243607,50.10250816076942
ARX_na8_nb2_nk1_alpha0.01,8,2,1,0.01,41,92.45394186573049,89.70849600330749,44.80405781452612,"[65.1799410703681, 31.390766191309982, 68.80006319877285, 65.57300908217965]",57.735944885657645,15.275108910430983,50.09839043044215
ARX_na8_nb2_nk1_alpha0.1,8,2,1,0.1,41,92.4541453724548,89.70576633793885,44.754132193697096,"[65.15701624488929, 31.352779010987508, 68.78765743125548, 65.49698242358483]",57.698608777679276,15.276716103313651,50.06025072602245
ARX_na2_nb8_nk1_alpha0,2,8,1,0.0,131,92.97841333983233,90.46421218965372,43.344559055047846,"[66.93818717426046, 31.52935706800861, 63.4299934941108, 65.59223006637092]",56.8724419506877,14.68525932103019,49.52981229017261
ARX_na2_nb8_nk1_alpha0.001,2,8,1,0.001,131,92.97848407108448,90.46419441518793,43.340724911662406,"[66.93570464224017, 31.52815113349471, 63.425518791481664, 65.58858076876277]",56.86948883399483,14.684312974390028,49.52733234679982
ARX_na2_nb8_nk1_alpha0.01,2,8,1,0.01,131,92.97909641408883,90.46402500938504,43.306827258241995,"[66.9136882694116, 31.51716452336979, 63.386220122936024, 65.55626085208044]",56.84333344194946,14.676097477002052,49.50528470344844
ARX_na2_nb8_nk1_alpha0.1,2,8,1,0.1,131,92.98357291271104,90.46176151122974,43.01470698994905,"[66.71942667823794, 31.402098913171837, 63.064619189857964, 65.27317647978744]",56.61483031526379,14.614645285160227,49.30750767268368
ARX_na12_nb8_nk2_alpha0,12,8,2,0.0,141,92.4343429530203,89.75454119696458,39.87129906887876,"[57.75424839863168, 30.222762861207375, 64.38291022661916, 59.01653099227355]",52.844113119682945,13.295464424411104,46.19638090747739
ARX_na12_nb8_nk2_alpha0.001,12,8,2,0.001,141,92.43437811334219,89.75455712917524,39.87039832346322,"[57.75318555260414, 30.222135302675035, 64.3821668846231, 59.01592713395419]",52.843353718464115,13.295401865941367,46.19565278549343
ARX_na12_nb8_nk2_alpha0.01,12,8,2,0.01,141,92.43468166381814,89.75469419273439,39.86247083847403,"[57.74382916794585, 30.21671997103008, 64.37557024256152, 59.01058572996662]",52.83667627787602,13.294790376882679,46.18928108943469
ARX_na12_nb8_nk2_alpha0.1,12,8,2,0.1,141,92.43682747350773,89.75564774269135,39.797680718077984,"[57.66656691701475, 30.179464749552043, 64.31833583627511, 58.96517486744612]",52.78238559257201,13.28582222792923,46.1394744786074
ARX_na2_nb5_nk1_alpha0,2,5,1,0.0,83,93.00674755306717,90.46993958479558,40.57571286229354,"[65.39744344333856, 24.60879039635572, 62.11636255837614, 63.713744674362104]",53.959085268108126,16.98506991247032,45.466550311872965
ARX_na2_nb5_nk1_alpha0.001,2,5,1,0.001,83,93.00678832816185,90.46992285300823,40.57422345223315,"[65.39646966777946, 24.607549826645926, 62.11532270694544, 63.71157831366276]",53.95773012875839,16.98500601334843,45.46522712208418
ARX_na2_nb5_nk1_alpha0.01,2,5,1,0.01,83,93.00714107968552,90.4697685519925,40.56091154518644,"[65.38761058081381, 24.596581437146003, 62.10599179354349, 63.69221765338313]",53.945600366221605,16.984353436616118,45.453423647913546
ARX_na2_nb5_nk1_alpha0.1,2,5,1,0.1,83,93.00969935517385,90.4679678946251,40.43701087330659,"[65.29579533907517, 24.500301711568596, 62.01861492738637, 63.51090371164473]",53.831403922418716,16.974016670098543,45.34439558736945
ARX_na8_nb8_nk2_alpha0,8,8,2,0.0,137,92.448638976973,89.72864460952813,38.230413370608616,"[57.313281046410445, 29.85062343943563, 62.95582163371052, 56.157029417670536]",51.56918888430678,12.800335599890156,45.1690210843617
ARX_na8_nb8_nk2_alpha0.001,8,8,2,0.001,137,92.44867314911097,89.7286602732768,38.22956679784454,"[57.31230447092741, 29.84998397265831, 62.955086292281, 56.15639636970838]",51.56844277639377,12.800277035164028,45.16830425881176
ARX_na8_nb8_nk2_alpha0.01,8,8,2,0.01,137,92.44896835014215,89.7287949076645,38.22210803621072,"[57.30368599665796, 29.844460612921598, 62.94855550312831, 56.15079359483719]",51.561873926886264,12.799698706725314,45.16202457352361
ARX_na8_nb8_nk2_alpha0.1,8,8,2,0.1,137,92.45106497701903,89.7297231884905,38.16061340021791,"[57.23113642554553, 29.806010755044852, 62.89161513930931, 56.10287236346822]",51.507908670841985,12.790916438792287,45.11245045144584
ARX_na5_nb2_nk1_alpha0,5,2,1,0.0,38,92.4584612519376,89.62560609349966,36.980671773404694,"[60.55051688784899, 21.15240206165786, 60.799398461304044, 56.8792167143547]",49.8453835312914,16.638451837028875,41.526157612776956
ARX_na5_nb2_nk1_alpha0.001,5,2,1,0.001,38,92.45846418620826,89.62557603245094,36.979987169545545,"[60.55008766450718, 21.151826622962044, 60.79918403507419, 56.87815989005127]",49.84481455314867,16.63848390122491,41.525572602536215
ARX_na5_nb2_nk1_alpha0.01,5,2,1,0.01,38,92.45848995344458,89.62530292190321,36.97382895553577,"[60.54621817673003, 21.146722596844846, 60.79718582637735, 56.86870012037632]",49.83970668008213,16.638733591036573,41.520339884563846
ARX_na5_nb2_nk1_alpha0.1,5,2,1,0.1,38,92.45869565769348,89.62237334505349,36.912859685824685,"[60.506624997125805, 21.10234969669519, 60.77181651884314, 56.778490710888384]",49.789820480888125,16.637808055709495,41.470916453033375
ARX_na12_nb5_nk2_alpha0.1,12,5,2,0.1,93,92.39597067657269,89.3635891873177,32.00683920899523,"[52.334431702713104, 20.26555032856138, 60.50379295936812, 51.43504395986438]",46.13470473762674,15.347752738403287,38.4608283684251
ARX_na12_nb5_nk2_alpha0,12,5,2,0.0,93,92.3940798361687,89.36224885708624,31.993400609834044,"[52.39625527930581, 20.24121338017083, 60.472074980607495, 51.449691494910724]",46.13980878374871,15.358133638026402,38.46074196473551
ARX_na12_nb5_nk2_alpha0.001,12,5,2,0.001,93,92.39410660975474,89.3622677387982,31.993524618925328,"[52.3954642357255, 20.241445148131866, 60.472426982911664, 51.449504396067766]",46.139710190709195,15.35802132466991,38.46069952837424
ARX_na12_nb5_nk2_alpha0.01,12,5,2,0.01,93,92.39433777432026,89.36243083383626,31.994652830586347,"[52.3885501685428, 20.243540974382825, 60.47555595622903, 51.44786594395106]",46.13887826077642,15.357022576774112,38.460366972389366
ARX_na8_nb5_nk2_alpha0.1,8,5,2,0.1,89,92.40718806403687,89.3394198459338,30.462202641998772,"[51.913363148763956, 19.901198031762657, 58.16351983904755, 49.113382615308254]",44.772865908720604,14.728681727998568,37.40852504472132
ARX_na8_nb5_nk2_alpha0.01,8,5,2,0.01,89,92.40554420883034,89.33808597575992,30.442333324365766,"[51.96066891561423, 19.87450614604255, 58.127649846190586, 49.12328895598726]",44.77152846595865,14.738294155781201,37.40238138806805
ARX_na8_nb5_nk2_alpha0.001,8,5,2,0.001,89,92.40531080944753,89.33790293836678,30.44032369433719,"[51.96672702777374, 19.87193383610255, 58.123680930648135, 49.1246660373003]",44.771751957956184,14.739322211610087,37.40209085215114
ARX_na8_nb5_nk2_alpha0,8,5,2,0.0,89,92.40528376866044,89.33788180338871,30.440100078966836,"[51.96742030908443, 19.87164908895175, 58.123234539562176, 49.1248245539233]",44.77178212288041,14.739437693272768,37.40206327624403
ARX_na5_nb8_nk2_alpha0,5,8,2,0.0,134,92.35459704279216,89.18544194223217,27.872582244658428,"[48.59340118087668, 22.233172433614367, 54.898411283257076, 44.54879295990417]",42.568444464413076,12.306230677173575,36.41532912582629
ARX_na5_nb8_nk2_alpha0.001,5,8,2,0.001,134,92.35463300002291,89.18543900213955,27.871163308962345,"[48.591903148088136, 22.23209666141618, 54.897071297329525, 44.54764408154648]",42.56717879709508,12.306109872544113,36.414123860823025
ARX_na5_nb8_nk2_alpha0.01,5,8,2,0.01,134,92.35494340828315,89.18540908900097,27.858604825812982,"[48.5786510120445, 22.222719084360243, 54.88514119215081, 44.53743819165303]",42.55598737005215,12.304963001263898,36.4035058694202
ARX_na5_nb8_nk2_alpha0.1,5,8,2,0.1,134,92.35713747637703,89.18490723423923,27.75025482685729,"[48.464315256036805, 22.150756740492096, 54.77810568742749, 44.446656962717036]",42.45995866166836,12.290236949252176,36.31484018704227
ARX_na5_nb5_nk2_alpha0,5,5,2,0.0,86,92.38760248925952,89.2238547087698,27.8360939497597,"[49.46708938271074, 16.34040716414833, 56.442921095920404, 46.43625170635066]",42.17166733728253,15.34871776922591,34.49730845266957
ARX_na5_nb5_nk2_alpha0.001,5,5,2,0.001,86,92.38762732025381,89.22387070476044,27.836192023485008,"[49.46627519062019, 16.340615346149058, 56.443322501987026, 46.43592349113126]",42.17153413247188,15.348603945615993,34.49723215966389
ARX_na5_nb5_nk2_alpha0.01,5,5,2,0.01,86,92.38784165087009,89.22400769116624,27.837067192286558,"[49.459133471934734, 16.34249087103753, 56.44686424459853, 46.4330224822448]",42.1703777674539,15.34758863266724,34.49658345112028
ARX_na5_nb5_nk2_alpha0.1,5,5,2,0.1,86,92.38935074761746,89.22489516322986,27.845246991235882,"[49.40132604177134, 16.36166889773072, 56.47681678425827, 46.40814875545461]",42.16199011980374,15.337932433559395,34.49302390302404
ARX_na12_nb1_nk1_alpha0,12,1,1,0.0,29,91.23282199980699,86.10276908066822,25.002969953842946,"[45.829447432926294, 14.640847287012615, 57.81084954613503, 41.16286170683377]",39.86100149322693,15.776330453075934,31.97283626668896
ARX_na12_nb1_nk1_alpha0.001,12,1,1,0.001,29,91.23282338179614,86.10266994257717,25.002026446176796,"[45.82812791711453, 14.641323621801504, 57.80959071576051, 41.16179552038361]",39.86020944376504,15.775635227844935,31.972391829842568
ARX_na12_nb1_nk1_alpha0.01,12,1,1,0.01,29,91.23283576961195,86.10177775901377,24.9935346081261,"[45.81625539754296, 14.645600966385997, 57.79826158382304, 41.152200876549664]",39.85307970607542,15.769382654214937,31.96838837896795
ARX_na12_nb1_nk1_alpha0.1,12,1,1,0.1,29,91.23295470742787,86.09286012321668,24.908594413062644,"[45.69783979722519, 14.6874309960195, 57.68500993827854, 41.056359052200385]",39.781659945930905,15.707293762639782,31.928013064611015
ARX_na12_nb3_nk2_alpha0.1,12,3,2,0.1,61,92.26879458446732,88.58114905887687,24.363833374576917,"[46.00992241226513, 10.510079518666348, 55.48464068612707, 43.67098371282351]",38.91890658247051,16.987861431662047,30.42497586663949
ARX_na12_nb3_nk2_alpha0.01,12,3,2,0.01,61,92.26740082060904,88.58017516160427,24.33014612948434,"[46.07857904407487, 10.425525077216735, 55.43896498139621, 43.68344063035345]",38.90662743326032,17.020180745579083,30.396537060470777
ARX_na12_nb3_nk2_alpha0.001,12,3,2,0.001,61,92.26721043122123,88.58003880877816,24.327638674981056,"[46.088143163755305, 10.41617830393038, 55.4356488330904, 43.68550258019397]",38.90636822024251,17.024438725076514,30.394148857704256
ARX_na12_nb3_nk2_alpha0,12,3,2,0.0,61,92.26718846361466,88.58002310112309,24.32737774026701,"[46.089249362785935, 10.415125151561021, 55.43530773830355, 43.68574492593235]",38.90635679464571,17.02493022300448,30.393891683143472
ARX_na5_nb3_nk2_alpha0.1,5,3,2,0.1,54,92.29315975644306,88.55628982694195,24.167154528364676,"[46.3002244626982, 11.232081287891038, 53.183118114305714, 42.18163055358383]",38.22426360461969,16.07192530012695,30.18830095455622
ARX_na5_nb3_nk2_alpha0.01,5,3,2,0.01,54,92.29187624365441,88.55498511434298,24.111602670256772,"[46.35287156290179, 11.12527088646772, 53.11079102127045, 42.18047865773492]",38.19235303209372,16.106566491749067,30.13906978621919
ARX_na5_nb3_nk2_alpha0.001,5,3,2,0.001,54,92.29170006459243,88.55481501709671,24.106787566151777,"[46.360592286299486, 11.113745517482943, 53.10447885440901, 42.181381777543336]",38.19004960893369,16.11098183766151,30.134558690102935
ARX_na5_nb3_nk2_alpha0,5,3,2,0.0,54,92.29167972814668,88.55479555134019,24.106268338233228,"[46.361489725483516, 11.11245154356203, 53.103799757831936, 42.18149838410679]",38.189809852746066,16.111489356720252,30.13406517438594
ARX_na8_nb3_nk2_alpha0.1,8,3,2,0.1,57,92.28635421631994,88.54647136708867,22.5945799057525,"[45.606657648779326, 10.652357894810649, 52.92187985858669, 40.99642576528705]",37.54433029186593,16.09786706095396,29.495396761388953
ARX_na8_nb3_nk2_alpha0.01,8,3,2,0.01,57,92.28498240461178,88.54526349922011,22.554421023533067,"[45.66627587960066, 10.567225574648976, 52.8706151402057, 41.00631865997878]",37.52760881360853,16.129239220557416,29.462989203329823
ARX_na8_nb3_nk2_alpha0.001,8,3,2,0.001,57,92.28479447692696,88.54510062395488,22.551108846957046,"[45.67464944125016, 10.557845751557027, 52.866670100545655, 41.008108947052236]",37.52681856010127,16.133374340609542,29.460131389796498
ARX_na8_nb3_nk2_alpha0,8,3,2,0.0,57,92.28477278223136,88.5450819258441,22.550756140633887,"[45.675618847783184, 10.556789638130448, 52.866258333388984, 41.0083208930908]",37.526746928098355,16.13385165740713,29.459821099394787
ARX_na8_nb1_nk1_alpha0,8,1,1,0.0,25,91.25470781423937,86.06311064751426,21.66315961638674,"[43.777311732087774, 11.551502166675998, 52.621407745431156, 36.68943598334246]",36.15991440688435,15.287738968115985,28.516044922826353
ARX_na8_nb1_nk1_alpha0.001,8,1,1,0.001,25,91.25470897940365,86.0630145948514,21.66243617676239,"[43.776191619088465, 11.552118690010483, 52.620355543117036, 36.68859584275078]",36.15931542374169,15.28706081659767,28.51578501544285
ARX_na8_nb1_nk1_alpha0.01,8,1,1,0.01,25,91.25471941762926,86.06215017563471,21.655924366931856,"[43.766112979768124, 11.557657572756142, 52.610885998581594, 36.68103472159932]",36.1539228181763,15.2809619065624,28.5134418648951
ARX_na8_nb1_nk1_alpha0.1,8,1,1,0.1,25,91.2548190401972,86.05351144113035,21.590726509555513,"[43.66556264485554, 11.612086954188772, 52.51622297933469, 36.60544062857891]",36.09982830173948,15.220409574735323,28.489623514371818
ARX_na3_nb2_nk2_alpha0.1,3,2,2,0.1,36,91.93825020716413,86.5596388364168,19.773725038219236,"[38.6919948551616, 9.2734012514467, 53.597528846657205, 34.72384976097668]",34.07169367856055,15.95294672490529,26.095220316107905
ARX_na3_nb2_nk2_alpha0.01,3,2,2,0.01,36,91.93689653321879,86.55647477196915,19.679953958161732,"[38.75596025643533, 9.134364473341794, 53.46555268996187, 34.71134344388681]",34.01680521590645,15.971314985506945,26.03114772315298
ARX_na3_nb2_nk2_alpha0.001,3,2,2,0.001,36,91.93670677430038,86.55605593973027,19.668577603227998,"[38.764348316995964, 9.119618897383063, 53.448540536783916, 34.71050623587719]",34.01075349676003,15.972495611742218,26.024505690888923
ARX_na3_nb2_nk2_alpha0,3,2,2,0.0,36,91.93668484627553,86.55600776113255,19.667284481414924,"[38.7653103011859, 9.117968363103335, 53.446594270807736, 34.71041961502937]",34.010073137531585,15.972617189557154,26.023764542753007
ARX_na3_nb1_nk1_alpha0.1,3,1,1,0.1,20,91.25121336161766,85.97089564552999,18.79656637363403,"[42.16624854155704, 6.457865396100059, 48.94400069866642, 32.589225991304986]",32.53933515690713,16.140291716940766,24.469189298436746
ARX_na3_nb1_nk1_alpha0.01,3,1,1,0.01,20,91.2510226792357,85.97941632735912,18.764286823846057,"[42.19399327478022, 6.305649507837496, 48.94221029683714, 32.56296253397847]",32.50120390335833,16.20546004627998,24.39847388021834
ARX_na3_nb1_nk1_alpha0.001,3,1,1,0.001,20,91.25100324794921,85.9802670955388,18.761031465735446,"[42.19676489889408, 6.290329080616641, 48.942015273638425, 32.560313793952645]",32.49735576177545,16.21201387282832,24.39134882536129
ARX_na3_nb1_nk1_alpha0,3,1,1,0.0,20,91.25100108483184,85.98036161060979,18.760669446125355,"[42.197072823085676, 6.288625687714577, 48.94199341906008, 32.56001923361463]",32.496927790868746,16.21274249488582,24.390556543425838
ARX_na5_nb1_nk1_alpha0,5,1,1,0.0,22,91.25832604686323,86.03717405847583,17.512790445083215,"[41.13859475107493, 4.586365377301571, 48.225707694918775, 31.44027391158741]",31.347735433720672,16.55978837793894,23.0678412447512
ARX_na5_nb1_nk1_alpha0.001,5,1,1,0.001,22,91.25832723307867,86.03706644687817,17.511550962585098,"[41.13710087086887, 4.586504574899886, 48.22400314988826, 31.438914930488526]",31.346630881536385,16.559075106941986,23.06709332806539
ARX_na5_nb1_nk1_alpha0.01,5,1,1,0.01,22,91.25833786012024,86.03609801150918,17.500396920354568,"[41.123659823904156, 4.58774892300714, 48.2086648374578, 31.426686069546882]",31.336689913479,16.552660369883064,23.060359728537467
ARX_na5_nb1_nk1_alpha0.1,5,1,1,0.1,22,91.25843930653748,86.02642053904111,17.388989586144078,"[40.989633296206286, 4.5993716479413305, 48.05554308264097, 31.30459536911593]",31.23728584897613,16.48897404830277,22.992798824824746
ARX_na3_nb8_nk2_alpha0,3,8,2,0.0,132,92.15224805676138,87.78077958475481,11.126367849040463,"[33.540669533510226, 7.49657636753197, 41.147997847280685, 25.371258909069827]",26.889125664348175,12.509330112847968,20.63446060792419
ARX_na3_nb8_nk2_alpha0.001,3,8,2,0.001,132,92.15228694026864,87.7807376354604,11.124240592447832,"[33.53838042807292, 7.494834777620318, 41.14581898234969, 25.36947286070822]",26.887126762187783,12.50913407211558,20.632559726129994
ARX_na3_nb8_nk2_alpha0.01,3,8,2,0.01,132,92.15262301002234,87.78036032837795,11.105378272173771,"[33.51809812427599, 7.47958008964329, 41.12641109417176, 25.353577218574653]",26.869416631666425,12.507301736852906,20.61576576323997
ARX_na3_nb8_nk2_alpha0.1,3,8,2,0.1,132,92.15502224165937,87.77668513156215,10.939868764667482,"[33.3406681561248, 7.357287799509161, 40.9509486736672, 25.20984366333834]",26.714687073159872,12.485473859624882,20.47195014334743
ARX_na3_nb3_nk2_alpha0.1,3,3,2,0.1,52,92.19679091857905,87.92408664899524,12.81334901618909,"[37.55461604989914, 0.40433423927921375, 43.43208713866421, 29.925178959386955]",27.82905409680738,16.541993487123356,19.5580573532457
ARX_na3_nb3_nk2_alpha0.01,3,3,2,0.01,52,92.19555600774409,87.92338866399079,12.792804039356298,"[37.63888032076211, 0.32364409479485046, 43.39099942377065, 29.961707103113355]",27.82880773561024,16.57937439173238,19.53912053974405
ARX_na2_nb1_nk2_alpha0.1,2,1,2,0.1,19,91.61282273333919,84.18936508385231,13.976752614514377,"[32.085119670050354, 1.5607243534535797, 53.70812001891467, 27.869561012418487]",28.80588126370927,18.534091360411406,19.53883558350357
ARX_na3_nb3_nk2_alpha0.001,3,3,2,0.001,52,92.19538280887303,87.92327643635305,12.791556680706783,"[37.649972484683516, 0.3144146353467048, 43.38809313782255, 29.96640791101841]",27.829722042217796,16.584313357038972,19.53756536369831
ARX_na3_nb3_nk2_alpha0,3,3,2,0.0,52,92.19536276658675,87.92326340014883,12.791435289367293,"[37.6512478557304, 0.313370885452402, 43.387798028671334, 29.966947030811518]",27.829840950166414,16.584883247128193,19.53739932660232
ARX_na2_nb1_nk2_alpha0.01,2,1,2,0.01,19,91.61268112020076,84.18819464104573,13.986812728163356,"[32.1510806292637, 1.3849518783457526, 53.76652036109873, 27.872621326515556]",28.793793548805933,18.62123533067483,19.48317588346852
ARX_na2_nb1_nk2_alpha0.001,2,1,2,0.001,19,91.61266658098936,84.18807008057372,13.987749054400533,"[32.157678895484544, 1.3671328675542993, 53.77230752244601, 27.87286887361432]",28.792497039774794,18.63002748666169,19.47748329644395
ARX_na2_nb1_nk2_alpha0,2,1,2,0.0,19,91.61266496122789,84.18805615449321,13.987852293366277,"[32.15841205519686, 1.365150227617551, 53.77294993118227, 27.872895711541478]",28.792351981384538,18.631005274970704,19.476849343899186
ARX_na12_nb2_nk2_alpha0.1,12,2,2,0.1,45,91.91414715745722,86.70128695112984,13.69035206656286,"[34.23447036315209, 0.29452546287902504, 47.05528289208476, 29.913879218463578]",27.874539484144865,17.12575340264021,19.31166278282476
ARX_na12_nb2_nk2_alpha0.01,12,2,2,0.01,45,91.91273408693161,86.69865318857072,13.621136480079032,"[34.312146432784864, 0.1851326552412269, 46.94660906653554, 29.914863146904835]",27.839687825366614,17.146777641976968,19.26629900437813
ARX_na12_nb2_nk2_alpha0.001,12,2,2,0.001,45,91.91253670517541,86.69828654756607,13.612420103125189,"[34.32207259748979, 0.1735991116170621, 46.9321652645705, 29.915073903884704]",27.835727719390515,17.148350040620333,19.261552699080347
ARX_na12_nb2_nk2_alpha0,12,2,2,0.0,45,91.912513906136,86.69824415912466,13.611425480197125,"[34.3232080436471, 0.1723089741823447, 46.93050797920763, 29.915099187209492]",27.83528104606164,17.148517105745352,19.261022493188968
ARX_na8_nb2_nk2_alpha0.1,8,2,2,0.1,41,91.93038229212398,86.64528042886582,11.964618665905679,"[33.812018166228, 1.5142134510045202, 44.22237276927154, 27.1664465147601]",26.678762725316037,15.749237776932375,18.80414383684985
ARX_na8_nb2_nk2_alpha0.01,8,2,2,0.01,41,91.92898793659633,86.64207617735781,11.882483056094406,"[33.8754559931176, 1.4014067873129976, 44.09739844807565, 27.161476387074877]",26.63393440389528,15.766824044613092,18.750522381588738
ARX_na8_nb2_nk2_alpha0.001,8,2,2,0.001,41,91.92879291484714,86.64164088547041,11.872215994461833,"[33.88363403774785, 1.3894510374632962, 44.08093684765279, 27.161122728576803]",26.628786162860184,15.767988148490609,18.74479208861488
ARX_na8_nb2_nk2_alpha0,8,2,2,0.0,41,91.92877038499904,86.6415906990105,11.871045268236601,"[33.88457042231655, 1.3881128447892577, 44.07904965136588, 27.16108580139086]",26.628204679965634,15.768108892162035,18.744150233884618
ARX_na3_nb5_nk2_alpha0,3,5,2,0.0,84,92.18270781380585,87.78850347977082,9.780997185524964,"[33.79330979213564, -0.12888609174308563, 40.84316880984559, 26.171446141924193]",25.169759663040583,15.500372769228633,17.419573278426267
ARX_na3_nb5_nk2_alpha0.001,3,5,2,0.001,84,92.18273519194342,87.78849278838815,9.780280145391696,"[33.79154740916748, -0.12894060736998725, 40.84251885164806, 26.170373006474236]",25.16887466497995,15.499968256625454,17.41889053666722
ARX_na3_nb5_nk2_alpha0.01,3,5,2,0.01,84,92.18297209472016,87.78839055243338,9.773892771841574,"[33.77598167696132, -0.12944934922787255, 40.836706597440696, 26.160824172694007]",25.16101577446704,15.496387992727477,17.4128217781033
ARX_na3_nb5_nk2_alpha0.1,3,5,2,0.1,84,92.18467359821666,87.78698361346991,9.715790684163327,"[33.64296046267307, -0.13534814788955796, 40.78240046789215, 26.07442045245011]",25.091108308781443,15.46521769178173,17.358499462890578
ARX_na5_nb2_nk2_alpha0.1,5,2,2,0.1,38,91.9448988003098,86.56249296236267,8.170573439617668,"[31.22242913728718, -3.935667812403554, 38.29213758368898, 22.47154045547929]",22.01260984101297,15.995058029609273,14.015080826208333
ARX_na5_nb2_nk2_alpha0.01,5,2,2,0.01,38,91.94357341465656,86.55884377031546,8.082613950027785,"[31.275362400232943, -4.061630845273978, 38.15298615541229, 22.465494998857928]",21.9580531773073,16.018501483894788,13.948802435359905
ARX_na5_nb2_nk2_alpha0.001,5,2,2,0.001,38,91.94338660034687,86.55836116745661,8.071962112353038,"[31.282479939155472, -4.074980571661668, 38.135066809255015, 22.465445105896197]",21.952002820661253,16.020431102206526,13.94178726955799
ARX_na5_nb2_nk2_alpha0,5,2,2,0.0,38,91.9433650027278,86.55830568686163,8.070751578673562,"[31.283298322755794, -4.076474819533149, 38.133017110684854, 22.465448056256708]",21.95132216754105,16.02063959104207,13.941002372020016
ARX_na2_nb2_nk2_alpha0.1,2,2,2,0.1,35,91.84622808431286,85.7777461076894,3.6607939249913124,"[26.257887165665828, -7.152147402252251, 36.846749934161494, 17.541775219046862]",18.373566229155486,16.24557605554453,10.250778201383222
ARX_na2_nb2_nk2_alpha0.01,2,2,2,0.01,35,91.84492253221113,85.77630226948197,3.611544265486888,"[26.360056541703415, -7.243861481312597, 36.740065352931005, 17.585781511915478]",18.360510481309326,16.26333947124357,10.228840745687542
ARX_na2_nb2_nk2_alpha0.001,2,2,2,0.001,35,91.84473633162918,85.77602273824093,3.6044053820927235,"[26.372261248854343, -7.254082987933086, 36.724672242806044, 17.590659458876466]",18.358377490650945,16.264460016831,10.226147482235445
ARX_na2_nb2_nk2_alpha0,2,2,2,0.0,35,91.84471477760212,85.77598953201611,3.603579871254692,"[26.373647193618655, -7.255233940790062, 36.72289252479706, 17.591208810255278]",18.358128646970233,16.264574994047827,10.22584114994632
ARX_na3_nb1_nk2_alpha0.1,3,1,2,0.1,20,91.60993761642844,84.14699219413693,4.131145368597943,"[25.56414781687889, -9.595126009559385, 40.41862431633724, 17.109944635044137]",18.37439768967522,18.176451330971293,9.286172024189574
ARX_na3_nb1_nk2_alpha0.01,3,1,2,0.01,20,91.60973797885535,84.1455820914832,4.092836893169249,"[25.58809910697615, -9.817318151350939, 40.4329358447652, 17.06355318186675]",18.31681749556429,18.269472400341307,9.182081295393637
ARX_na3_nb1_nk2_alpha0.001,3,1,2,0.001,20,91.6097176413641,84.14543318362249,4.0889501327077244,"[25.590493352133027, -9.839752038187545, 40.43433400396053, 17.05886615208606]",18.31098536749802,18.27885123853726,9.17155974822939
ARX_na3_nb1_nk2_alpha0,3,1,2,0.0,20,91.6097153774031,84.14541654788313,4.088517630107735,"[25.59075936487559, -9.842247134258542, 40.43448897119919, 17.05834482377955]",18.310336506398947,18.279894201700948,9.170389405548473
ARX_na12_nb1_nk2_alpha0.1,12,1,2,0.1,29,91.60180233772019,84.38546857771921,-0.3222159290182436,"[21.38224686531094, -16.750906543104115, 36.694796984718614, 14.196752451108985]",13.880722439508606,19.462473090295976,4.149485894360618
ARX_na12_nb1_nk2_alpha0.01,12,1,2,0.01,29,91.60167860657317,84.38458866889191,-0.3113595491798016,"[21.439834046935637, -16.915598708259914, 36.76317720695344, 14.207661229292945]",13.873768443730528,19.55292175260662,4.097307567427219
ARX_na12_nb1_nk2_alpha0.001,12,1,2,0.001,29,91.60166587721352,84.38449333884574,-0.31030925719315317,"[21.445610184913345, -16.93226039670048, 36.769999083191706, 14.208730479306542]",13.873019837677777,19.562040889756492,4.091999392799531
ARX_na12_nb1_nk2_alpha0,12,1,2,0.0,29,91.60166445879295,84.38448266160377,-0.3101929657050251,"[21.446252170863524, -16.934113886240688, 36.77075687550683, 14.208849035437176]",13.87293604889171,19.563054969325204,4.091408564229107
ARX_na2_nb8_nk2_alpha0,2,8,2,0.0,131,91.89151064317768,85.6542026324416,-5.8759157340625645,"[16.419302907058952, -8.797728690599182, 25.774437421767804, 5.049408316916814]",9.611354988786097,12.916066622088033,3.1533216777420803
ARX_na2_nb8_nk2_alpha0.001,2,8,2,0.001,131,91.89155977156827,85.65409609809451,-5.878433288823182,"[16.416400841035006, -8.800034304508419, 25.771622327545817, 5.047279952848182]",9.608817204230146,12.915812986344529,3.1509107110578816
ARX_na2_nb8_nk2_alpha0.01,2,8,2,0.01,131,91.89198283745607,85.65314472168312,-5.900762637721235,"[16.39069853601276, -8.82024304811997, 25.74653536329581, 5.028333378211269]",9.586331057349968,12.91345164100002,3.129605236849958
ARX_na2_nb8_nk2_alpha0.1,2,8,2,0.1,131,91.89490450369821,85.64429109557923,-6.09737572095761,"[16.166233426347397, -8.983348433391459, 25.518410677170568, 4.856474867115401]",9.389442634310477,12.885803738635166,2.9465407649928936
ARX_na8_nb1_nk2_alpha0.1,8,1,2,0.1,25,91.61837350286028,84.27300168904937,-2.5116258370997846,"[20.41971384557807, -16.414675511366504, 32.701011093292095, 10.89913625104476]",11.901296419637104,18.083073282416148,2.85975977842903
ARX_na8_nb1_nk2_alpha0.01,8,1,2,0.01,25,91.61825250888471,84.27174660337174,-2.5099376148669306,"[20.466612432659236, -16.57893083093431, 32.75926380743586, 10.89872574697054]",11.88641778903283,18.169665989339876,2.801584794362892
ARX_na8_nb1_nk2_alpha0.001,8,1,2,0.001,25,91.61824006612815,84.27161371894496,-2.509808130667124,"[20.471313089481757, -16.595546091282998, 32.7650712305496, 10.898654518651608]",11.884873186849994,18.178397413312982,2.7956744801935027
ARX_na8_nb1_nk2_alpha0,8,1,2,0.0,25,91.61823867969905,84.27159886951296,-2.5097941959718817,"[20.47183550281226, -16.597394390630527, 32.7657162872949, 10.898646257915045]",11.88470091434792,18.179368389695206,2.7950167195003175
ARX_na2_nb5_nk2_alpha0,2,5,2,0.0,83,91.91761700814773,85.66941374699965,-6.652866756933662,"[17.126002418441132, -15.144838762087787, 25.415715857288856, 6.386732323771582]",8.445902959353447,15.199358169712134,0.8462238744973796
ARX_na2_nb5_nk2_alpha0.001,2,5,2,0.001,83,91.91765386238477,85.66935868561772,-6.6539021627142425,"[17.123655855947383, -15.145207667131476, 25.4146576342428, 6.385344645082347]",8.444612617035263,15.198917930633684,0.8451536517184213
ARX_na2_nb5_nk2_alpha0.01,2,5,2,0.01,83,91.91797102473893,85.6688594237259,-6.663164613366512,"[17.102907581566605, -15.148516391394296, 25.405114445893695, 6.372982871062649]",8.433122126782163,15.19499549248759,0.8356243805383672
ARX_na2_nb5_nk2_alpha0.1,2,5,2,0.1,83,91.92014329952731,85.66368675961347,-6.750309763686491,"[16.9237681751352, -15.180304591118476, 25.310307680102728, 6.259898890186733]",8.328417538576547,15.15918394005926,0.7488255685469172
ARX_na2_nb3_nk2_alpha0,2,3,2,0.0,51,91.89941324790077,85.6403100396274,-7.550205440276936,"[18.539093066016555, -19.887291575474286, 21.92255045195305, 6.249494720977433]",6.7059616658681875,16.423893060476942,-1.5059848643702836
ARX_na2_nb3_nk2_alpha0.001,2,3,2,0.001,51,91.8994360228241,85.64029252721149,-7.550618807742704,"[18.53725159258409, -19.886140674262776, 21.92188740087865, 6.2485984122442435]",6.705399182861052,16.42294815229271,-1.5060748932853034
ARX_na2_nb3_nk2_alpha0.01,2,3,2,0.01,51,91.89963161183074,85.64013579736319,-7.554055832176632,"[18.52118154234241, -19.875990583778513, 21.91642485206612, 6.2407614308993775]",6.700594310382348,16.414734939188072,-1.5067731592116882
ARX_na2_nb3_nk2_alpha0.1,2,3,2,0.1,51,91.90095845519642,85.63853771278505,-7.571406670297742,"[18.395397226416897, -19.78941504812537, 21.89140363742442, 6.178171413935695]",6.668889307412911,16.351747643013145,-1.506984514093661
ARX_na5_nb1_nk2_alpha0.1,5,1,2,0.1,22,91.62764347911333,84.0712463695457,-7.602217728304295,"[16.50275165855075, -23.176430716268513, 24.667987415194624, 4.697781322703953]",5.6730224200452035,18.10617140651633,-3.3800632832129622
ARX_na5_nb1_nk2_alpha0.01,5,1,2,0.01,22,91.62756224952493,84.07024577515145,-7.5998484020365575,"[16.545401687353532, -23.332661025442626, 24.72851205093043, 4.697946889942783]",5.65979990069603,18.19065736232579,-3.435528780466865
ARX_na5_nb1_nk2_alpha0.001,5,1,2,0.001,22,91.62755378962096,84.07013878132507,-7.599646040687724,"[16.54967701373633, -23.348462741881093, 24.734554448318747, 4.69793462706628]",5.658425836810066,18.19917692769591,-3.4411626270378886
ARX_na5_nb1_nk2_alpha0,5,1,2,0.0,22,91.62755284580321,84.07012681360942,-7.599623954583379,"[16.55015216269531, -23.35022052255915, 24.735225701585193, 4.697932932834004]",5.658272568638838,18.200124350991636,-3.4417896068569798
ARX_na12_nb8_nk3_alpha0.1,12,8,3,0.1,141,89.27533245621841,72.48076898284035,-36.986621432087155,"[-25.564064989730696, -33.32406261936374, -2.03716974849506, -38.08040484530408]",-24.751425550723393,13.854147347030066,-31.678499224238426
ARX_na12_nb5_nk3_alpha0.1,12,5,3,0.1,93,89.29988551761396,71.97335473658414,-35.635000671972136,"[-24.207955917321634, -37.45241956164358, -2.0352020462091502, -35.330334670997445]",-24.756478049042954,14.04947182707384,-31.781213962579873
ARX_na12_nb8_nk3_alpha0.01,12,8,3,0.01,141,89.27122752909172,72.40476119750767,-37.14835771986866,"[-25.74121564593841, -33.46679060351163, -2.1846041060237686, -38.32439380220769]",-24.929251039420375,13.877118595830535,-31.86781033733564
ARX_na12_nb8_nk3_alpha0.001,12,8,3,0.001,141,89.27064895400501,72.39706385661017,-37.16504020933537,"[-25.75930766456811, -33.482333722588706, -2.19953391496841, -38.34883077641808]",-24.94750151963583,13.879553720682066,-31.887278379976863
ARX_na12_nb8_nk3_alpha0,12,8,3,0.0,141,89.27058176868374,72.39620765824759,-37.16690019436373,"[-25.761322812634834, -33.484082941112426, -2.2011928180530216, -38.351544035257554]",-24.94953565176446,13.87982732439385,-31.889449313961386
ARX_na12_nb5_nk3_alpha0.01,12,5,3,0.01,93,89.2983419252125,71.91329773778632,-35.81014478124842,"[-24.394179491984612, -37.5497983809598, -2.2599525181631774, -35.54077023303292]",-24.936175156035127,14.018432152256104,-31.94539123216318
ARX_na12_nb5_nk3_alpha0.001,12,5,3,0.001,93,89.2981447734442,71.9072154724583,-35.82938503983275,"[-24.414691268194886, -37.55862927429079, -2.2853867082224033, -35.56281310400446]",-24.955380088678133,14.014104230022902,-31.962432203689584
ARX_na12_nb5_nk3_alpha0,12,5,3,0.0,93,89.29812219430903,71.90653859532642,-35.83154958547603,"[-24.417000217038165, -37.55959710825098, -2.288258085615147, -35.56527753011094]",-24.957533235253806,14.013604681148074,-31.964335575827842
ARX_na12_nb3_nk3_alpha0.1,12,3,3,0.1,61,89.30821059509199,71.78760033014863,-34.961599677455936,"[-22.60979325826242, -41.330892951296995, 0.23111888573840167, -34.89590581541589]",-24.651368284809223,15.862402786916213,-32.58256967826733
ARX_na12_nb3_nk3_alpha0.01,12,3,3,0.01,61,89.30738157586043,71.74168259413075,-35.04438006869026,"[-22.697069930369796, -41.44892959400115, 0.16639032714177437, -35.03332719855472]",-24.753234098945974,15.887432571262378,-32.696950384577164
ARX_na12_nb3_nk3_alpha0.001,12,3,3,0.001,61,89.30726709199878,71.73702491478325,-35.05377773722127,"[-22.70711846118545, -41.460307735599876, 0.15815344200728054, -35.047616941095306]",-24.76422242396834,15.88917841682521,-32.70881163238094
ARX_na12_nb3_nk3_alpha0,12,3,3,0.0,61,89.30725385690279,71.73650642710167,-35.05484180478469,"[-22.708258703335904, -41.46156516690449, 0.15720660788262064, -35.04921408043431]",-24.765457835698022,15.889358968770809,-32.710137320083426
ARX_na12_nb1_nk3_alpha0.1,12,1,3,0.1,29,89.29182366106996,70.02267881559511,-35.22506908058585,"[-23.7341612317276, -39.61856602167779, -2.399360590384747, -36.162478919000506]",-25.47864169069766,14.575478261327335,-32.76638082136133
ARX_na8_nb5_nk3_alpha0.1,8,5,3,0.1,89,89.31302463974895,71.6849057895777,-37.61446940653552,"[-24.66485843999726, -36.734862930112385, -7.240286479725544, -37.88680824480737]",-26.63170402366064,12.335383524956775,-32.79939578613903
ARX_na12_nb1_nk3_alpha0.01,12,1,3,0.01,29,89.29133182103908,69.9944874702591,-35.25410962242355,"[-23.725144743755333, -39.83292867418775, -2.3733388129629107, -36.229170739012375]",-25.54014574247959,14.650376029681823,-32.8653337573205
ARX_na12_nb1_nk3_alpha0.001,12,1,3,0.001,29,89.29128129299413,69.99164485114615,-35.25706546739815,"[-23.7242364613834, -39.85462001512872, -2.370773471648735, -36.2358952279991]",-25.54638129403999,14.657936529167642,-32.87534955862381
ARX_na12_nb1_nk3_alpha0,12,1,3,0.0,29,89.29127566354573,69.99132873758143,-35.2573944887973,"[-23.724135469957197, -39.857033067877, -2.37048886320137, -36.23664302346117]",-25.547075106124183,14.65877738693818,-32.876463799593274
ARX_na8_nb5_nk3_alpha0.01,8,5,3,0.01,89,89.31147733169253,71.62488251138694,-37.78613361908529,"[-24.847371981570188, -36.82852611276963, -7.473649811243854, -38.08880046057408]",-26.809587091539438,12.301712807376203,-32.96044349522754
ARX_na8_nb5_nk3_alpha0.001,8,5,3,0.001,89,89.31127908480116,71.61881793570575,-37.8049184219968,"[-24.86738335403389, -36.83695139127394, -7.499953121107117, -38.109924212571]",-26.828553019746487,12.297137212100195,-32.977121625796585
ARX_na8_nb5_nk3_alpha0,8,5,3,0.0,89,89.31125637400285,71.61814324264746,-37.807030735221424,"[-24.86963466126937, -36.83787362319546, -7.502921368983895, -38.112285525697295]",-26.830678794786508,12.29661030496755,-32.97898394727028
ARX_na8_nb8_nk3_alpha0.1,8,8,3,0.1,137,89.28371755694614,71.89151283227942,-39.762167852753926,"[-27.814206297235188, -33.06690030719148, -5.709373700842191, -41.83118361523492]",-27.105415980125944,13.329296087524623,-33.77006402388825
ARX_na8_nb8_nk3_alpha0.01,8,8,3,0.01,137,89.2796676222136,71.81619002179379,-39.91910669872216,"[-27.985008494768838, -33.205654920854435, -5.8587616231452255, -42.05793575847376]",-27.276840199310566,13.349786722650238,-33.95173356063569
ARX_na8_nb8_nk3_alpha0.001,8,8,3,0.001,137,89.27909797042525,71.80841825755499,-39.93589248207279,"[-28.003117637240592, -33.221359919366456, -5.874695418384457, -42.0813512394659]",-27.29513105361435,13.351861328662933,-33.971061717945815
ARX_na8_nb8_nk3_alpha0,8,8,3,0.0,137,89.27903184412892,71.80755138853516,-39.937773722905035,"[-28.005145600682656, -33.2231364522759, -5.876479429599457, -42.08396302679256]",-27.297181127337645,13.352092910609688,-33.97322758264249
ARX_na8_nb3_nk3_alpha0.1,8,3,3,0.1,57,89.3179933883862,71.36342062897498,-37.519879738043784,"[-23.735081697109763, -41.1171204827832, -5.954072470119587, -37.87040855207129]",-27.16917080052096,13.8828595297663,-34.11060056540411
ARX_na8_nb1_nk3_alpha0.1,8,1,3,0.1,25,89.30491264863511,69.65327128237787,-37.7454440222335,"[-24.780924077104196, -39.19685803731012, -8.656181914730965, -38.81540620500687]",-27.86234255853804,12.518112786234662,-34.12139895165537
ARX_na8_nb1_nk3_alpha0.01,8,1,3,0.01,25,89.30445612263553,69.6246436307261,-37.779657959258195,"[-24.78048884300057, -39.40171922246143, -8.639897170525712, -38.884769914153324]",-27.926718787535258,12.586051509760367,-34.21974454241544
ARX_na8_nb3_nk3_alpha0.01,8,3,3,0.01,57,89.31717235813342,71.3165930521992,-37.60282550116458,"[-23.825617754758156, -41.22868881939512, -6.030140295378583, -38.00332232662862]",-27.27194229904012,13.901839769948134,-34.22286218401419
ARX_na8_nb1_nk3_alpha0.001,8,1,3,0.001,25,89.3044091606996,69.62175782900637,-37.78313130152906,"[-24.780443565325626, -39.422444616337174, -8.63830320041934, -38.89176301427726]",-27.93323859908985,12.592912300464965,-34.229694749322334
ARX_na8_nb1_nk3_alpha0,8,1,3,0.0,25,89.30440392787995,69.62143692254877,-37.78351782382976,"[-24.780438518161098, -39.42475016155142, -8.638126494436227, -38.89254067157728]",-27.933963961431505,12.593675369834141,-34.230801646348574
ARX_na8_nb3_nk3_alpha0.001,8,3,3,0.001,57,89.31705759512482,71.31184506488708,-37.612186913996325,"[-23.835933053842396, -41.23936801676835, -6.039653760199037, -38.01711717230161]",-27.283018000777847,13.902908955343094,-34.23447247844939
ARX_na8_nb3_nk3_alpha0,8,3,3,0.0,57,89.31704431125468,71.3113165420489,-37.6132461418393,"[-23.837101841562426, -41.240547045156006, -6.0407448534768315, -38.01865878752275]",-27.284263131929507,13.903013167710824,-34.23576971578492
ARX_na5_nb3_nk3_alpha0.1,5,3,3,0.1,54,89.33775926323266,71.46597636956538,-37.811428834618944,"[-23.002853486035903, -42.41178862478379, -7.153594125408347, -38.4152990585789]",-27.74588382370174,13.923576380469648,-34.70767201393656
ARX_na5_nb3_nk3_alpha0.01,5,3,3,0.01,54,89.33702354155196,71.42124421450198,-37.891139530564935,"[-23.088870059595923, -42.52106710975356, -7.2243944885547196, -38.540416621836826]",-27.843687069935257,13.942820906277968,-34.81509752307424
ARX_na5_nb3_nk3_alpha0.001,5,3,3,0.001,54,89.33692068253491,71.41671749837228,-37.900093290149314,"[-23.0986376137011, -42.53148271483358, -7.233228217716259, -38.553387508190816]",-27.854184013610435,13.943951126575278,-34.82615957689808
ARX_na5_nb3_nk3_alpha0,5,3,3,0.0,54,89.33690877751671,71.41621374182827,-37.90110572849328,"[-23.09974380885209, -42.53263184633842, -7.234241203247871, -38.55483693569235]",-27.855363448532685,13.94406272698129,-34.82739481202333
ARX_na5_nb1_nk3_alpha0.1,5,1,3,0.1,22,89.3250701765474,69.55180991345468,-38.556472194640065,"[-24.59455583239354, -40.73317847514468, -11.169636297228426, -39.91762669937295]",-29.1037493260349,12.187583869176663,-35.19754126062323
ARX_na5_nb1_nk3_alpha0.01,5,1,3,0.01,22,89.32461472818964,69.52301948610807,-38.59181657228721,"[-24.59614766401903, -40.93753741357355, -11.151604947887495, -39.98761182341055]",-29.168225462222658,12.258449485877678,-35.297450205161496
ARX_na5_nb1_nk3_alpha0.001,5,1,3,0.001,22,89.32456787924316,69.52011740517514,-38.59540288227681,"[-24.59630653926601, -40.958210679592796, -11.149832035996088, -39.99466850846256]",-29.17475444082936,12.265606326731366,-35.30755760419504
ARX_na5_nb1_nk3_alpha0,5,1,3,0.0,22,89.32456265903745,69.51979468988854,-38.59580195572787,"[-24.59632419217852, -40.960510411379694, -11.14963539903755, -39.99545324745859]",-29.17548081251359,12.26640232875163,-35.3086819768894
ARX_na5_nb5_nk3_alpha0.1,5,5,3,0.1,86,89.30711616559267,70.34189912202706,-42.1433421984939,"[-29.178315504937547, -41.66810061238091, -13.12480764555235, -43.800956721931314]",-31.94304512120053,12.216347279140098,-38.05121876077058
ARX_na5_nb5_nk3_alpha0.01,5,5,3,0.01,86,89.3057243334901,70.2840499504131,-42.29746210769303,"[-29.341723247860863, -41.744729846815055, -13.341676179306305, -43.98140148105079]",-32.102382688758254,12.1826854127747,-38.193725395145606
ARX_na5_nb5_nk3_alpha0.001,5,5,3,0.001,86,89.30554313790238,70.2781803545242,-42.314525523528076,"[-29.359893411564176, -41.75149214332734, -13.366420438182613, -44.000444574086316]",-32.11956264179011,12.178110877520433,-38.20861808055033
ARX_na5_nb5_nk3_alpha0,5,5,3,0.0,86,89.30552234635253,70.2775270899718,-42.31644666998599,"[-29.36194083809127, -41.75222975656459, -13.369216379192018, -44.002575317817325]",-32.1214905729163,12.177584059600749,-38.210282602716674
ARX_na5_nb8_nk3_alpha0.1,5,8,3,0.1,134,89.27588990022981,70.0520558850126,-45.49027666969481,"[-34.64946517606264, -38.161038363367815, -12.142953776865761, -49.333242664461885]",-33.571674995189525,13.507784757731875,-40.32556737405546
ARX_na5_nb8_nk3_alpha0.01,5,8,3,0.01,134,89.27203380617729,69.99455307128453,-45.57821051241666,"[-34.737892122751134, -38.23603477655841, -12.217968585670658, -49.471597220030425]",-33.66587317625266,13.526539889688383,-40.42914312109685
ARX_na5_nb8_nk3_alpha0.001,5,8,3,0.001,134,89.27148542827578,69.98874917164369,-45.587595382597755,"[-34.74715583658332, -38.24492895750251, -12.225939869337822, -49.48545440975876]",-33.6758697682956,13.528362936072256,-40.440051236331726
ARX_na5_nb8_nk3_alpha0,5,8,3,0.0,134,89.27142170117042,69.98810389949416,-45.58864641474349,"[-34.74819142727663, -38.24594189809189, -12.226830911607145, -49.48699280645854]",-33.676989260858555,13.52856521958689,-40.441271870652
ARX_na12_nb2_nk3_alpha0.1,12,2,3,0.1,45,89.29490945567629,67.82519281362347,-42.78229380504279,"[-31.830187472805726, -48.55214672789512, -10.674972438807572, -44.115144346934464]",-33.793112746610724,14.685663990271301,-41.13594474174637
ARX_na3_nb1_nk3_alpha0.1,3,1,3,0.1,20,89.29391166060583,68.41764684764175,-43.94998750826205,"[-28.996042160986192, -47.763612003627884, -19.070345151357127, -45.15543046302888]",-35.24635744475002,11.78559719144283,-41.139156040471434
ARX_na3_nb1_nk3_alpha0.01,3,1,3,0.01,20,89.29349565591399,68.38685879374557,-43.997053444001466,"[-29.010783136954576, -47.97538691004313, -19.078425290311827, -45.23145766396623]",-35.32401325031894,11.853171652748607,-41.25059907669325
ARX_na3_nb1_nk3_alpha0.001,3,1,3,0.001,20,89.29345283965075,68.38375634109381,-44.001814479276405,"[-29.01226391551537, -47.99679233594429, -19.079271054423753, -45.23911890370249]",-35.331861552396475,11.859998231069964,-41.26186066793146
ARX_na3_nb1_nk3_alpha0,3,1,3,0.0,20,89.29344806851775,68.38341135542734,-44.002344105915505,"[-29.012428525003276, -47.99917331050243, -19.079365465155675, -45.239970819008235]",-35.3327345299174,11.860757524514334,-41.263113292174566
ARX_na12_nb2_nk3_alpha0.01,12,2,3,0.01,45,89.29408204328114,67.77490259247757,-42.8487291437095,"[-31.920201647110158, -48.72758211611112, -10.696299187322357, -44.240397464654095]",-33.89612010379943,14.740355184365704,-41.26629769598229
ARX_na12_nb2_nk3_alpha0.001,12,2,3,0.001,45,89.29398664657319,67.76981432837852,-42.8549912071911,"[-31.92998885626064, -48.74473525438885, -10.697507086057012, -44.25294195781311]",-33.906293288629904,14.746067567836915,-41.27932707254836
ARX_na12_nb2_nk3_alpha0,12,2,3,0.0,45,89.29397585912294,67.76924815665531,-42.85568149813383,"[-31.931088293045672, -48.74663511864226, -10.697628001517256, -44.254335953550175]",-33.907421841688844,14.746705621221857,-41.28077465229977
ARX_na8_nb2_nk3_alpha0.1,8,2,3,0.1,41,89.30718558445147,67.37957847073778,-45.23074099813451,"[-32.72288112701338, -48.16185408808744, -17.050975825855108, -46.55488624530479]",-36.12264932156518,12.540545964460085,-42.39292230379522
ARX_na8_nb2_nk3_alpha0.01,8,2,3,0.01,41,89.30638449602604,67.3284889412675,-45.298132987724735,"[-32.81677000160717, -48.32624683967999, -17.078885565130484, -46.67970312804221]",-36.225401383614965,12.58899044404464,-42.519896605637285
ARX_na8_nb2_nk3_alpha0.001,8,2,3,0.001,41,89.30629106150849,67.32332379937915,-45.30445238397864,"[-32.82694817071068, -48.3421866596198, -17.080643768369463, -46.69226389927643]",-36.2355106244941,12.594071183957574,-42.53254621647288
ARX_na8_nb2_nk3_alpha0,8,2,3,0.0,41,89.3062804811399,67.32274912471836,-45.30514849862737,"[-32.828091102030776, -48.34395017264439, -17.080824251057525, -46.693660641385]",-36.236631541779424,12.594638967711262,-42.533951025635055
ARX_na5_nb2_nk3_alpha0.1,5,2,3,0.1,38,89.32738350653193,67.33250284660545,-46.206456949697674,"[-32.51017475751987, -50.18459259061419, -20.212419388085557, -47.60474169521118]",-37.6279821078577,12.11092456834953,-43.68344439203246
ARX_na5_nb2_nk3_alpha0.01,5,2,3,0.01,38,89.32665197094587,67.28231172729753,-46.27409564435212,"[-32.60000844877538, -50.34787942614252, -20.24206360170302, -47.72756321449523]",-37.729378672779035,12.158401238267565,-43.80857929191282
ARX_na5_nb2_nk3_alpha0.001,5,2,3,0.001,38,89.32656709592457,67.27724163786091,-46.28045057811778,"[-32.609667271924955, -50.3636961883565, -20.244004278387063, -47.73997024096319]",-37.73933449490793,12.163339269048855,-43.82100412943235
ARX_na5_nb2_nk3_alpha0,5,2,3,0.0,38,89.32655749082498,67.27667760028645,-46.28115081490649,"[-32.61075080573956, -50.36544584784697, -20.244205200100506, -47.74135060912843]",-37.74043811570387,12.163890507079346,-43.82238336924354
ARX_na2_nb1_nk3_alpha0.1,2,1,3,0.1,19,89.26319777369338,66.66728285999281,-48.22409754000463,"[-33.49209942937135, -52.28258396380443, -25.702344941506404, -49.71741895495041]",-40.29861182240815,11.087257707621662,-45.84224067621898
ARX_na2_nb1_nk3_alpha0.01,2,1,3,0.01,19,89.26292539549743,66.6434314870324,-48.249937482982205,"[-33.48546913779988, -52.4678175715887, -25.67815602565271, -49.76916604528818]",-40.350152195082366,11.15736282864424,-45.928833609404485
ARX_na2_nb1_nk3_alpha0.001,2,1,3,0.001,19,89.26289700162032,66.64102244858098,-48.25257566984189,"[-33.48481289578591, -52.486567467939715, -25.675774065469348, -49.77439942847166]",-40.355388464416656,11.164443101903403,-45.93761001536836
ARX_na2_nb1_nk3_alpha0,2,1,3,0.0,19,89.2628938336434,66.64075450588204,-48.25286942190709,"[-33.48474006004807, -52.48865336820157, -25.67550983132383, -49.774981584019095]",-40.35597121089814,11.165230590819592,-45.938586506307935
ARX_na2_nb2_nk3_alpha0.1,2,2,3,0.1,35,89.32718275002112,66.34823856965099,-48.90971130390129,"[-35.02124064986813, -53.02580783515436, -25.163532778424003, -50.865226053935885]",-41.018951829345596,11.494352525510228,-46.76612809210071
ARX_na2_nb2_nk3_alpha0.01,2,2,3,0.01,35,89.32668875874576,66.32547175884112,-48.916250742962085,"[-35.04167711060979, -53.12539677993067, -25.11412126863659, -50.915408042934665]",-41.049150800527926,11.54549322512568,-46.82189741309077
ARX_na2_nb2_nk3_alpha0.001,2,2,3,0.001,35,89.32662860360723,66.3231703214374,-48.916476677780295,"[-35.04430585547649, -53.13481310568993, -25.108114176364783, -50.920541650057906]",-41.051943696897276,11.550783208559258,-46.8273353011769
ARX_na2_nb2_nk3_alpha0,2,2,3,0.0,35,89.32662175893537,66.32291425928054,-48.916495674744766,"[-35.04460698115399, -53.13585118911135, -25.10743143861418, -50.92111379321904]",-41.05225085052464,11.551373336794233,-46.82793751892176
ARX_na3_nb2_nk3_alpha0.1,3,2,3,0.1,36,89.32537828438464,66.06309138152015,-49.50121937011678,"[-35.67291185923969, -53.627212645297305, -25.992269746392683, -51.57271270615957]",-41.71627673927231,11.432261140213289,-47.43240730937895
ARX_na3_nb2_nk3_alpha0.01,3,2,3,0.01,36,89.32469658351037,66.01346081108034,-49.56251861391217,"[-35.75415016643972, -53.78206560888579, -26.019287723788832, -51.688714908298515]",-41.811054601853215,11.477578905532331,-47.54984405461938
ARX_na3_nb2_nk3_alpha0.001,3,2,3,0.001,36,89.3246170108853,66.00843925779412,-49.56827578357248,"[-35.76294251619538, -53.79704797984206, -26.02098905335737, -51.70050985635179]",-41.82037235143665,11.482278138859995,-47.56151142086665
ARX_na3_nb2_nk3_alpha0,3,2,3,0.0,36,89.32460799961214,66.00788050990832,-49.56891010489042,"[-35.76392964580051, -53.79870501833817, -26.02116367336236, -51.70182323185904]",-41.82140539234002,11.482802508669842,-47.56280664667494
ARX_na3_nb5_nk3_alpha0.1,3,5,3,0.1,84,89.28759901484689,66.15740082410375,-51.50253836211516,"[-40.265070703225845, -50.438428790720316, -24.645373484185363, -55.68248103191462]",-42.75783850251154,11.835467164728088,-48.67557208487558
ARX_na3_nb5_nk3_alpha0.01,3,5,3,0.01,84,89.28623702331714,66.1103998157605,-51.6118382294062,"[-40.37524993817525, -50.47253842147208, -24.810563857481082, -55.8098767192613]",-42.86705723409743,11.80684099343309,-48.77047773081397
ARX_na3_nb5_nk3_alpha0.001,3,5,3,0.001,84,89.28605846045161,66.10563335308227,-51.62442269479477,"[-40.388070190946635, -50.47500992314551, -24.830193172621563, -55.82359612737409]",-42.87921735352195,11.802818462871869,-48.780626584957886
ARX_na3_nb5_nk3_alpha0,3,5,3,0.0,84,89.28603795726706,66.10510295108705,-51.625846421190616,"[-40.389522950130385, -50.475270204222575, -24.832421934177894, -55.82513514754772]",-42.88058755901964,11.802353600663668,-48.78176435935147
ARX_na2_nb5_nk3_alpha0.1,2,5,3,0.1,83,89.28732726920363,66.09471898673995,-51.62429737037613,"[-40.40685172233045, -50.55753112370955, -24.803020920998264, -55.83510490503254]",-42.9006271680177,11.828685053310993,-48.814969694673195
ARX_na2_nb5_nk3_alpha0.01,2,5,3,0.01,83,89.28608184514329,66.07481687162664,-51.68091819487397,"[-40.455726765001955, -50.540078123893984, -24.90000665443248, -55.89647586707625]",-42.94807185260117,11.803009861667187,-48.84957678343476
ARX_na2_nb5_nk3_alpha0.001,2,5,3,0.001,83,89.28591494514845,66.07273559043381,-51.688286224461024,"[-40.46247425693015, -50.53744682741965, -24.91288183850009, -55.903656779905745]",-42.95411492568891,11.799278807351003,-48.85375432936441
ARX_na2_nb5_nk3_alpha0,2,5,3,0.0,83,89.28589573632783,66.0725029142856,-51.68913160018569,"[-40.46325369425434, -50.53714139276697, -24.91436176004125, -55.9044708669171]",-42.95480692849491,11.79884625123573,-48.854230054112776
ARX_na2_nb3_nk3_alpha0.1,2,3,3,0.1,51,89.31675865783103,66.22876141761458,-51.05459946682125,"[-37.68914994974162, -56.08708171536061, -25.465622008188337, -54.00598687142468]",-43.31196013617881,12.526708647409126,-49.57531445988337
ARX_na2_nb3_nk3_alpha0.01,2,3,3,0.01,51,89.31620966174891,66.21099356616817,-51.054961546799895,"[-37.687227286641644, -56.11832712794238, -25.433709870933008, -54.0381493325635]",-43.319353404520136,12.553121163062677,-49.59591398605147
ARX_na2_nb3_nk3_alpha0.001,2,3,3,0.001,51,89.31612871950703,66.20915450355125,-51.0558834600602,"[-37.688121887729075, -56.12098769389809, -25.43212689488086, -54.04182650643386]",-43.32076574573547,12.555047814766107,-49.59828965311853
ARX_na2_nb3_nk3_alpha0,2,3,3,0.0,51,89.31611930517819,66.20894903139451,-51.05600239805914,"[-37.6882413497504, -56.1212764480516, -25.431980893776274, -54.04224380803928]",-43.320935624904386,12.555249106610628,-49.5985601782097
ARX_na3_nb3_nk3_alpha0.1,3,3,3,0.1,52,89.31655510796828,66.1842139614455,-51.137781666315554,"[-37.78615294664165, -56.167309628414564, -25.577318809678886, -54.10852749913626]",-43.40982722096784,12.518382619180514,-49.6690185305581
ARX_na3_nb3_nk3_alpha0.01,3,3,3,0.01,52,89.31587710626327,66.13871091157458,-51.18968241160013,"[-37.84448053260221, -56.248199541280464, -25.61456519580918, -54.20438085122177]",-43.47790653022841,12.539657960324877,-49.74773551039085
ARX_na3_nb3_nk3_alpha0.001,3,3,3,0.001,52,89.31578310099995,66.13408201194726,-51.19577630795713,"[-37.85143071787096, -56.25583935548324, -25.619919416951163, -54.214458334560064]",-43.48541195621635,12.541070731930795,-49.755947322181754
ARX_na3_nb3_nk3_alpha0,3,3,3,0.0,52,89.3157722336016,66.13356639758226,-51.19647005882866,"[-37.85222332369005, -56.256681473773675, -25.62054437486756, -54.215587078224445]",-43.486259062638936,12.541214935537981,-49.756866530407926
ARX_na3_nb8_nk3_alpha0.1,3,8,3,0.1,132,89.25618398907429,65.7602316571527,-55.45925771221012,"[-46.37962976717678, -47.7677323910473, -23.92679771391011, -62.26884328933209]",-45.08575079036657,13.709732959039655,-51.940617269886395
ARX_na3_nb8_nk3_alpha0.01,3,8,3,0.01,132,89.25238067849058,65.70985199817505,-55.514346205874965,"[-46.42603005984629, -47.8049609979978, -23.966606041531247, -62.36708839198706]",-45.1411713728406,13.728083179499942,-52.005212962590576
ARX_na3_nb8_nk3_alpha0.001,3,8,3,0.001,132,89.25183878949542,65.70466086796233,-55.52073869017653,"[-46.43140236300707, -47.81034634887607, -23.971465189216623, -62.37726298262434]",-45.14761922093102,13.729788223453452,-52.01251333265775
ARX_na3_nb8_nk3_alpha0,3,8,3,0.0,132,89.25177580458711,65.70408211254313,-55.52146200202592,"[-46.43201074220711, -47.81097392589611, -23.97201707544767, -62.378397484895686]",-45.14834980711164,13.729975997202954,-52.01333780571312
ARX_na2_nb8_nk3_alpha0.01,2,8,3,0.01,131,89.25227080812176,65.68338576266986,-55.5684363673018,"[-46.48882196046622, -47.85853055408158, -24.034065248532556, -62.43584226414099]",-45.20431500680533,13.727707608458852,-52.06816881103476
ARX_na2_nb8_nk3_alpha0.001,2,8,3,0.001,131,89.25174069777198,65.68102113624633,-55.56905710569053,"[-46.48749168364223, -47.85819193653216, -24.031728563874033, -62.43867521019186]",-45.20402184856007,13.72945003543313,-52.06874686627663
ARX_na2_nb8_nk3_alpha0,2,8,3,0.0,131,89.25167901879595,65.68075567595378,-55.56914061799603,"[-46.48735710609677, -47.8581851100551, -24.03148276732456, -62.43899594482727]",-45.20400523207593,13.729641976816517,-52.06882622048418
ARX_na2_nb8_nk3_alpha0.1,2,8,3,0.1,131,89.25595602399807,65.70528385339041,-55.571480531308296,"[-46.50994836670239, -47.87903683434458, -24.066719437319883, -62.4115785644056]",-45.216820800693114,13.708993903141808,-52.071317752264015
ARX_na2_nb2_nk4_alpha0.1,2,2,4,0.1,35,88.55698829092637,49.018892351408304,-71.25781259831699,"[-59.33560786747789, -79.99161907211212, -47.876610071402645, -81.10194821362062]",-67.07644630615331,14.07187516383169,-74.11238388806916
ARX_na2_nb2_nk4_alpha0.01,2,2,4,0.01,35,88.55571244280256,48.98266253818711,-71.28957319048561,"[-59.306698175396, -80.16612631573439, -47.888095877774894, -81.16135959591058]",-67.13056999120397,14.126876563997882,-74.19400827320291
ARX_na2_nb2_nk4_alpha0.001,2,2,4,0.001,35,88.55557810138774,48.97904386854465,-71.2925832133408,"[-59.30271254190056, -80.18426497349212, -47.889127905267806, -81.16710195864236]",-67.1358018448257,14.132688338276406,-74.20214601396391
ARX_na2_nb2_nk4_alpha0,2,2,4,0.0,35,88.55556308594007,48.97864184308279,-71.29291597039844,"[-59.302254663525275, -80.18629032528723, -47.88924202493294, -81.16773736777836]",-67.13638109538095,14.133338150444194,-74.20305017060305
ARX_na2_nb1_nk4_alpha0.1,2,1,4,0.1,19,88.51018760169285,48.90423478600333,-71.8969788226425,"[-58.65009490674859, -81.02397460263695, -53.35541057857856, -79.3149922070441]",-68.08611807375206,12.242426458630572,-74.20733130306735
ARX_na2_nb1_nk4_alpha0.01,2,1,4,0.01,19,88.50909717628427,48.85808625932163,-71.95888335199649,"[-58.65517577858714, -81.30134000540478, -53.36257386985768, -79.4025448939776]",-68.1804086369568,12.332816693053939,-74.34681698348376
ARX_na2_nb1_nk4_alpha0.001,2,1,4,0.001,19,88.50898629043134,48.85343327970101,-71.96516018672602,"[-58.655695926241556, -81.3293920640102, -53.36335366746412, -79.41138208675238]",-68.18995593611706,12.341955227818254,-74.36093355002619
ARX_na2_nb1_nk4_alpha0,2,1,4,0.0,19,88.5089739489496,48.85291584880961,-71.96585859954385,"[-58.65575386113957, -81.3325125504953, -53.363441042205295, -79.41236492960311]",-68.19101809586081,12.342971750882898,-74.36250397130226
ARX_na2_nb5_nk4_alpha0.1,2,5,4,0.1,83,88.52835064736604,48.378715703097654,-72.45790519018973,"[-64.3758105761238, -72.72375001754119, -46.33953245884683, -86.64399327384946]",-67.52077158159032,14.588559413089804,-74.81505128813522
ARX_na2_nb5_nk4_alpha0.01,2,5,4,0.01,83,88.52614506764175,48.34386280306309,-72.44029351954605,"[-64.30555437134504, -72.82169540750904, -46.28630927500077, -86.6829840331165]",-67.52413577174283,14.633268135771534,-74.8407698396286
ARX_na2_nb5_nk4_alpha0.001,2,5,4,0.001,83,88.5258944330981,48.34036747295604,-72.43686382932783,"[-64.29649052586315, -72.831906242841, -46.27818716843848, -86.68609730605115]",-67.52317031079843,14.638657890797349,-74.84249925619712
ARX_na2_nb5_nk4_alpha0,2,5,4,0.0,83,88.52586625527337,48.33997894584846,-72.43645754601282,"[-64.29545363875076, -72.83304790826777, -46.27724205409323, -86.68643141088259]",-67.52304375299857,14.639270801769099,-74.84267915388313
ARX_na2_nb3_nk4_alpha0.1,2,3,4,0.1,51,88.53668578797503,48.25649371007,-75.01135632412448,"[-63.611618600596145, -82.03186502176143, -48.895809928572234, -86.32652162393349]",-70.21645379371583,14.977749586758666,-77.70532858709517
ARX_na2_nb3_nk4_alpha0.01,2,3,4,0.01,51,88.53541616990691,48.21623456160559,-75.06604054322604,"[-63.61746143807607, -82.18528700918641, -48.94654423522782, -86.40473519415785]",-70.28850696916204,15.010399805928996,-77.79370687212653
ARX_na2_nb3_nk4_alpha0.001,2,3,4,0.001,51,88.5352809527278,48.212186146340464,-75.07133671120792,"[-63.617251596163186, -82.20112421423427, -48.95142675386561, -86.41242533660396]",-70.29555697521675,15.013890524302338,-77.80250223736792
ARX_na2_nb3_nk4_alpha0,2,3,4,0.0,51,88.5352658250592,48.21173608355971,-75.07192222823977,"[-63.61721691389233, -82.20289053566998, -48.951965490247495, -86.41327771844922]",-70.29633766456476,15.014281830067342,-77.80347857959843
ARX_na2_nb8_nk4_alpha0,2,8,4,0.0,131,88.47359707423456,47.42969359134024,-83.71730772959998,"[-79.76502868268575, -70.09595806967994, -54.945125042717805, -101.82660094230944]",-76.65817818434823,17.011918128969935,-85.1641372488332
ARX_na2_nb8_nk4_alpha0.001,2,8,4,0.001,131,88.47365872066672,47.43007002318571,-83.71829667738508,"[-79.76616910380582, -70.09696668733415, -54.94647705537508, -101.82643189194928]",-76.65901118461608,17.01137899827973,-85.16470068375594
ARX_na2_nb8_nk4_alpha0.01,2,8,4,0.01,131,88.47419769003422,47.433462629997216,-83.72688125949257,"[-79.77617759486589, -70.10574457574619, -54.95822598834952, -101.82476506785174]",-76.66622830670333,17.00662420922217,-85.16954041131441
ARX_na2_nb8_nk4_alpha0.1,2,8,4,0.1,131,88.47850411978015,47.46772946459139,-83.78916928859262,"[-79.85662008857204, -70.17147761352082, -55.044391011680084, -101.79722381462301]",-76.71742813209899,16.96629514531285,-85.20057570475541
ARX_na3_nb1_nk4_alpha0.1,3,1,4,0.1,20,88.69792314182227,29.832446111659305,-93.1772251754781,"[-79.45569149293243, -103.76346524869705, -87.7485787969671, -102.68160174338318]",-93.41233432049494,10.24611189300902,-98.53539026699944
ARX_na3_nb1_nk4_alpha0.01,3,1,4,0.01,20,88.69705896742614,29.703020574905025,-93.32477253434513,"[-79.53287208276616, -104.12830570694945, -87.88448348122782, -102.8572635654457]",-93.60073120909729,10.333118655040973,-98.76729053661778
ARX_na5_nb1_nk4_alpha0.1,5,1,4,0.1,22,88.71142374726206,29.41287590165028,-94.07420200874965,"[-80.95420305271601, -103.59353865084309, -84.81366407836752, -104.43082332572669]",-93.44805727691333,10.655996922793173,-98.77605573830992
ARX_na3_nb1_nk4_alpha0.001,3,1,4,0.001,20,88.69697125029671,29.690011014329045,-93.33965146390344,"[-79.54062542064742, -104.16515068626082, -87.89817811783645, -102.87494340489785]",-93.61972440741063,10.341931810799776,-98.79069031281051
ARX_na3_nb1_nk4_alpha0,3,1,4,0.0,20,88.6969614892721,29.688564749216606,-93.34130609238565,"[-79.54148730546655, -104.16924867884143, -87.89970093260344, -102.87690912183783]",-93.62183650968731,10.342912329193458,-98.79329267428405
ARX_na5_nb1_nk4_alpha0.01,5,1,4,0.01,22,88.71059987213205,29.29566051792911,-94.21511241999416,"[-81.02348488249793, -103.94946568006458, -84.92339462346365, -104.60412729934517]",-93.62511812134284,10.743043646516647,-98.99663994460116
ARX_na5_nb1_nk4_alpha0.001,5,1,4,0.001,22,88.71051622296915,29.283887435924594,-94.22931746789438,"[-81.0304366551393, -103.98541186726287, -84.93445464528611, -104.62156007268266]",-93.64296581009273,10.751857755989874,-99.01889468808767
ARX_na5_nb1_nk4_alpha0,5,1,4,0.0,22,88.71050691436815,29.282578732049082,-94.23089710556086,"[-81.03120934502277, -103.98940991056635, -84.93568453194725, -104.62349820978804]",-93.64495049933109,10.752838345525277,-99.02136967209373
ARX_na12_nb1_nk4_alpha0.1,12,1,4,0.1,29,88.68935377881266,30.143653591179476,-93.73202754684442,"[-84.39106866247997, -102.58445142553087, -75.20999447585164, -108.51073197575296]",-92.67406163490386,13.440773485964298,-99.39444837788601
ARX_na12_nb1_nk4_alpha0.01,12,1,4,0.01,29,88.68845699730682,30.02220002186484,-93.88774898507712,"[-84.46639212934464, -102.98573684784999, -75.33446293014805, -108.71442326284964]",-92.87525379254808,13.523030870239749,-99.63676922766795
ARX_na12_nb1_nk4_alpha0.001,12,1,4,0.001,29,88.68836602200152,30.010036388703433,-93.90344767854646,"[-84.47394764832777, -103.0262701093747, -75.34702069323167, -108.73490515436744]",-92.89553590132539,13.53136106088444,-99.66121643176761
ARX_na12_nb1_nk4_alpha0,12,1,4,0.0,29,88.6883558989806,30.00868424492059,-93.90519341971756,"[-84.4747874167993, -103.030778410746, -75.34841726876141, -108.73718219921753]",-92.89779132388105,13.53228782532249,-99.6639352365423
ARX_na8_nb1_nk4_alpha0.1,8,1,4,0.1,25,88.70111783427254,28.87305142117633,-95.16703441363568,"[-83.5621862344723, -103.77902558403687, -83.4327802619242, -107.34886827075618]",-94.53071508779738,11.105281183542855,-100.0833556795688
ARX_na8_nb1_nk4_alpha0.01,8,1,4,0.01,25,88.70026537983489,28.74665677004079,-95.3249151224131,"[-83.64139747917001, -104.165508969407, -83.5723493996374, -107.5411204000468]",-94.7300940620653,11.187089748518082,-100.32363893632434
ARX_na8_nb1_nk4_alpha0.001,8,1,4,0.001,25,88.70017887176851,28.73396127882335,-95.34082861726264,"[-83.64934568418587, -104.20453499142863, -83.58641323545967, -107.56045291073364]",-94.75018670545195,11.195379976037655,-100.34787669347078
ARX_na8_nb1_nk4_alpha0,8,1,4,0.0,25,88.70016924549927,28.73255003446826,-95.3425982120446,"[-83.6502291285534, -104.20887551351021, -83.58797710543291, -107.56260218505984]",-94.7524209831391,11.196302355973376,-100.3505721611258
ARX_na3_nb2_nk4_alpha0.1,3,2,4,0.1,36,88.7641515325848,29.8229209706794,-94.82109346976077,"[-82.60908072616164, -105.44991253472902, -83.74431974229766, -107.14773798479081]",-94.73776274699478,11.583591359521996,-100.52955842675577
ARX_na3_nb2_nk4_alpha0.01,3,2,4,0.01,36,88.76328025761212,29.706171769927348,-94.93253666442133,"[-82.68100040717776, -105.66822453016131, -83.87361141820146, -107.3073841567199]",-94.88255512806512,11.627358041020882,-100.69623414857556
ARX_na3_nb2_nk4_alpha0.001,3,2,4,0.001,36,88.7631891860434,29.6945007666347,-94.94332676140147,"[-82.68790173163072, -105.6896314781551, -83.88599492545833, -107.3233279262531]",-94.89671401537433,11.631840276856169,-100.71263415380241
ARX_na3_nb2_nk4_alpha0,3,2,4,0.0,36,88.76317901547063,29.693204074352884,-94.94452114369338,"[-82.68866546017375, -105.69200393305644, -83.88736371944587, -107.32509931972535]",-94.89828310810034,11.632339396017946,-100.71445280610932
ARX_na3_nb5_nk4_alpha0.1,3,5,4,0.1,84,88.73265459816969,29.19040462618254,-96.93443925394305,"[-88.20149593164011, -99.88816912041749, -83.17836641584802, -114.55567196783227]",-96.45592585893448,12.08108336617482,-102.49646754202189
ARX_na3_nb5_nk4_alpha0.01,3,5,4,0.01,84,88.73040024153607,29.066873851201603,-97.04447310399438,"[-88.26296762108865, -100.09265063714845, -83.30859695724749, -114.73209638666195]",-96.59907790053663,12.11547593141939,-102.65681586624632
ARX_na3_nb5_nk4_alpha0.001,3,5,4,0.001,84,88.7301301564747,29.054340755683626,-97.05464971731637,"[-88.26848402850919, -100.11299970692873, -83.31981094750869, -114.74978188758973]",-96.6127691426341,12.11953667593221,-102.6725374806002
ARX_na3_nb5_nk4_alpha0,3,5,4,0.0,84,88.73009947275204,29.052945588138467,-97.05576803697633,"[-88.26908907620819, -100.11525881053554, -83.3210290462637, -114.75174766973164]",-96.61428115068476,12.119997097523603,-102.67427969944656
ARX_na3_nb3_nk4_alpha0.1,3,3,4,0.1,52,88.74341029787726,28.843678691955688,-98.80629236629991,"[-87.29633347197725, -107.19738083512888, -83.92618511050274, -113.71360106337964]",-98.03337512024713,12.690009453284354,-104.3783798468893
ARX_na3_nb3_nk4_alpha0.01,3,3,4,0.01,52,88.74243989579213,28.717961218521037,-98.9714647585814,"[-87.42326860204761, -107.43884861819417, -84.14365944732889, -113.90937936814555]",-98.22878900892906,12.70685108563845,-104.58221455174828
ARX_na3_nb3_nk4_alpha0.001,3,3,4,0.001,52,88.74232919236952,28.70523455664644,-98.98865306188524,"[-87.43657674020355, -107.46333379951723, -84.16675684961147, -113.92923768850687]",-98.24897626945979,12.708185061510518,-104.60306880021504
ARX_na3_nb3_nk4_alpha0,3,3,4,0.0,52,88.74231668178162,28.703818289924456,-98.99057375280506,"[-87.4380665132854, -107.46605844860437, -84.16934465822597, -113.93144863332041]",-98.25122956335905,12.70832718235591,-104.605393154537
ARX_na3_nb8_nk4_alpha0.1,3,8,4,0.1,132,88.67776036869517,27.962594480243187,-109.50656221679114,"[-105.61706381434944, -99.44405279901906, -92.78883068402352, -131.92099674589093]",-107.44273601082074,14.84279456531469,-114.86413329347809
ARX_na3_nb8_nk4_alpha0.01,3,8,4,0.01,132,88.67378873866487,27.83812184728832,-109.60213820472732,"[-105.69137671281527, -99.51118012735247, -92.9213228781013, -132.11719561014382]",-107.56026883210322,14.879700754355913,-115.00011920928118
ARX_na3_nb8_nk4_alpha0.001,3,8,4,0.001,132,88.67327626540718,27.82543632350847,-109.6106862079563,"[-105.6983227699328, -99.51658445014111, -92.9328749241189, -132.13694202063516]",-107.571181041207,14.884058106116964,-115.01321009426547
ARX_na3_nb8_nk4_alpha0,3,8,4,0.0,132,88.67321743417953,27.824023055561543,-109.61162103264725,"[-105.69908873329462, -99.51716604096359, -92.93413260160071, -132.13913796505685]",-107.57238133522895,14.884552192677734,-115.01465743156783
ARX_na5_nb2_nk4_alpha0.1,5,2,4,0.1,38,88.79264588508383,10.30724373764398,-119.25544849993219,"[-103.13657774668413, -136.8825780097781, -119.71997405287595, -133.00201487098334]",-123.18528617008039,13.20930603443066,-129.78993918729572
ARX_na5_nb2_nk4_alpha0.01,5,2,4,0.01,38,88.79178092894237,10.158960693173857,-119.46656904896673,"[-103.27675408859211, -137.20205308795124, -119.96645379269468, -133.25648297987146]",-123.42543598727737,13.27006597370582,-130.0604689741303
ARX_na5_nb2_nk4_alpha0.001,5,2,4,0.001,38,88.79168906588933,10.144094193457809,-119.4875544023978,"[-103.29099660498069, -137.23298688153102, -119.99065496818378, -133.28228058815844]",-123.44922976071348,13.275889353421967,-130.08717443742447
ARX_na5_nb2_nk4_alpha0,5,2,4,0.0,38,88.79167878734987,10.1424418444235,-119.48988458491216,"[-103.29258337938944, -137.23640968583751, -119.99333754309443, -133.28515206477073]",-123.45187066827303,13.276532438132769,-130.0901368873394
ARX_na12_nb2_nk4_alpha0.1,12,2,4,0.1,45,88.7671844838942,11.94285786027356,-120.5279616425579,"[-108.68406464498986, -135.95650453704584, -109.95122014089192, -140.86960371637684]",-123.86534825982612,14.657891196007668,-131.19429385782996
ARX_na12_nb2_nk4_alpha0.01,12,2,4,0.01,45,88.76626841597714,11.788075409902799,-120.74820507287924,"[-108.83746919477808, -136.32204441208668, -110.17666759299311, -141.1759530309751]",-124.12803355770825,14.728946244572391,-131.49250667999445
ARX_na12_nb2_nk4_alpha0.001,12,2,4,0.001,45,88.7661717123289,11.772618696687797,-120.76998079369825,"[-108.85288358526735, -136.35778134334672, -110.19869280578965, -141.20686243051193]",-124.1540550412289,14.736071038102768,-131.52209056028028
ARX_na12_nb2_nk4_alpha0,12,2,4,0.0,45,88.76616089759791,11.770900650537087,-120.77239722114435,"[-108.85459866094291, -136.3617403965319, -110.20113306835091, -141.21030054913626]",-124.1569431687405,14.736862423091138,-131.52537438028605
ARX_na8_nb2_nk4_alpha0.1,8,2,4,0.1,41,88.78006356200937,10.310984637929298,-121.51638103104396,"[-106.99016388165661, -138.3799278948514, -117.82668047507485, -138.47097987975454]",-125.41693803283434,13.561020703799707,-132.1974483847342
ARX_na8_nb2_nk4_alpha0.01,8,2,4,0.01,41,88.7791341723217,10.151982787449132,-121.73989086509577,"[-107.14994154462167, -138.76432942732873, -118.04614336438215, -138.77105851593606]",-125.68286821306714,13.640145620711339,-132.5029410234228
ARX_na8_nb2_nk4_alpha0.001,8,2,4,0.001,41,88.77903540366981,10.136044836342606,-121.76201715826403,"[-107.16602181800359, -138.8019557361565, -118.06743485295965, -138.8013954445023]",-125.70920196290551,13.648002289487998,-132.5332031076495
ARX_na8_nb2_nk4_alpha0,8,2,4,0.0,41,88.77902435252182,10.134273454355135,-121.76447280662042,"[-107.16781108883984, -138.80612478411706, -118.06979158600863, -138.80477072954665]",-125.71212454712804,13.648873955313402,-132.53656152478473
ARX_na5_nb3_nk4_alpha0.1,5,3,4,0.1,54,88.76802828956784,-8.499235368953384,-163.6971323727868,"[-142.14380466995397, -195.98821988179827, -167.06418238979214, -178.02771779335401]",-170.80598118372458,19.505255998233146,-180.55860918284117
ARX_na5_nb3_nk4_alpha0.01,5,3,4,0.01,54,88.76711541432498,-8.747810144951895,-164.22222456385578,"[-142.4067939521232, -196.40825169957287, -167.8271731476965, -178.28387142804326]",-171.23152255685898,19.53239545577303,-180.9977202847455
ARX_na5_nb3_nk4_alpha0.001,5,3,4,0.001,54,88.76701204934527,-8.77289401409358,-164.27305482949996,"[-142.4377057570402, -196.45171575471713, -167.89542699353368, -178.3057218390336]",-171.27264258608113,19.534003023594284,-181.03964409787827
ARX_na5_nb3_nk4_alpha0,5,3,4,0.0,54,88.76700038330551,-8.775684138033334,-164.27873120196685,"[-142.44118269745024, -196.45646378439653, -167.90304387311835, -178.3081567764689]",-171.2772117828585,19.534139994876686,-181.04428178029684
ARX_na5_nb5_nk4_alpha0.1,5,5,4,0.1,86,88.75876148220246,-8.200768374671409,-166.4311847626796,"[-146.65912660389125, -196.66150514301987, -164.8311915720244, -182.58545706220687]",-172.68432009528559,18.787763570462555,-182.07820188051687
ARX_na5_nb5_nk4_alpha0.01,5,5,4,0.01,86,88.75656408224037,-8.435177197632227,-166.75063724937002,"[-146.56179610643284, -197.13632575301094, -164.76436199314884, -182.73509756146962]",-172.79939535351554,18.999853519091584,-182.29932211306132
ARX_na5_nb5_nk4_alpha0.001,5,5,4,0.001,86,88.7562980651715,-8.458738718599612,-166.78656044892256,"[-146.57168465181266, -197.1876292203988, -164.7787854643143, -182.74321170022478]",-172.82032775918765,19.012408275041178,-182.32653189670825
ARX_na5_nb5_nk4_alpha0,5,5,4,0.0,86,88.7562677977056,-8.461359303626592,-166.79066864752045,"[-146.57318241806271, -197.19337179649082, -164.7803836369016, -182.7441100820368]",-172.82276198337297,19.013679599050796,-182.32960178289838
ARX_na5_nb8_nk4_alpha0.1,5,8,4,0.1,134,88.7067278619407,-9.770758866324591,-174.23617374250404,"[-160.79490655114245, -192.78753709617703, -175.00943806937715, -197.09327614777393]",-181.42128946611766,14.50312261400029,-188.6728507731178
ARX_na5_nb8_nk4_alpha0.01,5,8,4,0.01,134,88.70290774983289,-9.989291978273517,-174.64731315001174,"[-161.1868827475244, -193.08922107290147, -175.33932897648407, -197.24257716861908]",-181.71450249138226,14.426809554472566,-188.92790726861855
ARX_na5_nb8_nk4_alpha0.001,5,8,4,0.001,134,88.70241613638208,-10.01037465346224,-174.69148908052654,"[-161.2425719067538, -193.11884691071515, -175.37097203870462, -197.25751328047076]",-181.74747603416108,14.413363829032868,-188.9541579486775
ARX_na5_nb8_nk4_alpha0,5,8,4,0.0,134,88.70235970458432,-10.012707341884685,-174.69638998887027,"[-161.24878944243713, -193.12212836773793, -175.374477967011, -197.25918683402085]",-181.75114565280174,14.411862216013668,-188.95707676080858
ARX_na12_nb3_nk4_alpha0.1,12,3,4,0.1,61,88.74331042453892,-11.646068918203078,-173.78461437184507,"[-150.88534515207326, -213.92586622910525, -168.17074310108939, -190.75675772711313]",-180.93467805234525,23.72115189890205,-192.79525400179628
ARX_na12_nb3_nk4_alpha0.01,12,3,4,0.01,61,88.74236389085304,-11.905145077430856,-174.05821712181697,"[-151.11033009082448, -214.53207394682133, -168.2583413139505, -190.8027990857704]",-181.17588610934166,23.854314823258346,-193.10304352097083
ARX_na12_nb3_nk4_alpha0.001,12,3,4,0.001,61,88.7422583457062,-11.931066152207892,-174.1129564199462,"[-151.1372212375327, -214.61018296638184, -168.27146977756536, -190.80995847068317]",-181.2072081130408,23.872101816038594,-193.1432590210601
ARX_na12_nb3_nk4_alpha0,12,3,4,0.0,61,88.7422464565929,-11.933949325395798,-174.11924143245318,"[-151.14023954570027, -214.61889323898586, -168.27297076745782, -190.81075667358166]",-181.2107150564314,23.87407533945909,-193.14775272616095
ARX_na8_nb3_nk4_alpha0.1,8,3,4,0.1,57,88.7578097400465,-13.874194407843277,-176.62608784676556,"[-152.16727282420308, -217.47783932341002, -176.97199552481428, -185.5606507167874]",-183.04443959730366,23.357356122017602,-194.72311765831247
ARX_na8_nb3_nk4_alpha0.01,8,3,4,0.01,57,88.75686081908005,-14.140636229152225,-177.05326863107524,"[-151.91297908104957, -218.90754546827233, -177.83288364200754, -185.72251062785386]",-183.59397970479586,23.91889733656361,-195.55342837307765
ARX_na8_nb3_nk4_alpha0.001,8,3,4,0.001,57,88.7567542675347,-14.167479490370294,-177.0763560489982,"[-151.92492091420098, -219.045223979309, -177.92988107287812, -185.73252135609465]",-183.65813683062066,23.9601696282216,-195.63822164473146
ARX_na8_nb3_nk4_alpha0,8,3,4,0.0,57,88.75674225665846,-14.170464177714216,-177.07780130997062,"[-151.92838596375086, -219.06060148124035, -177.9407341655002, -185.73362491618443]",-183.66583663166898,23.964075719150433,-195.6478744912442
ARX_na12_nb5_nk4_alpha0.001,12,5,4,0.001,93,88.72103414791171,-35.29754648979342,-209.8119699086566,"[-192.53579130573195, -257.66522919508174, -195.41529793533678, -228.0883065297906]",-218.42615624148527,26.612368322565697,-231.73234040276813
ARX_na12_nb5_nk4_alpha0,12,5,4,0.0,93,88.72100199420858,-35.3010957872347,-209.81473054620477,"[-192.5575593401332, -257.66600447741496, -195.39845166223105, -228.09259182091267]",-218.42865182517295,26.611393825353787,-231.73434873784984
ARX_na12_nb5_nk4_alpha0.01,12,5,4,0.01,93,88.72131630494673,-35.26573200622296,-209.83319266171344,"[-192.4692903857109, -257.65928667413493, -195.6031542514387, -228.05565730452938]",-218.44684715395348,26.582947573140608,-231.73832094052378
ARX_na12_nb5_nk4_alpha0.1,12,5,4,0.1,93,88.72361836245709,-34.95643428648538,-210.47804665945864,"[-192.29030238202003, -257.63054463554005, -198.97186490651796, -227.75387028059]",-219.161645551167,25.90067011081804,-232.11198060657603
ARX_na8_nb5_nk4_alpha0.1,8,5,4,0.1,89,88.73311314347009,-36.03656808901101,-216.17960466438245,"[-182.2682136028049, -271.7097756512243, -227.73184334795678, -225.75099078736224]",-226.86520584733705,31.63036394792166,-242.68038782129787
ARX_na8_nb5_nk4_alpha0.01,8,5,4,0.01,89,88.73091740809467,-36.34495021296256,-216.5908771037735,"[-183.21684893471408, -272.2575198414147, -227.85029773673213, -225.80487930795005]",-227.28238645520275,31.49222035150516,-243.02849663095535
ARX_na8_nb5_nk4_alpha0.001,8,5,4,0.001,89,88.73064828405766,-36.376724271407326,-216.63747097412516,"[-183.3255697775154, -272.31190931653526, -227.86474769915043, -225.81469478031423]",-227.32923039337882,31.473576805027633,-243.06601879589263
ARX_na8_nb5_nk4_alpha0,8,5,4,0.0,89,88.73061761929513,-36.38026961793612,-216.6428981157209,"[-183.33863112050017, -272.31800186981343, -227.86638083112632, -225.81585717721632]",-227.33471774966407,31.47118162694921,-243.07030856313867
ARX_na12_nb8_nk4_alpha0.1,12,8,4,0.1,141,88.67990737701615,-51.77906599645068,-224.26566787594547,"[-208.35510568538473, -270.86731757419204, -208.65874745182924, -235.67548689146074]",-230.88916440071668,25.608284079837674,-243.69330644063552
ARX_na12_nb8_nk4_alpha0.01,12,8,4,0.01,141,88.67611253907764,-52.10637177183046,-224.33440836038682,"[-208.44619119027453, -271.13987239686776, -208.5009255046049, -235.83937721454458]",-230.98159157657295,25.73669664776472,-243.84993990045533
ARX_na12_nb8_nk4_alpha0.001,12,8,4,0.001,141,88.67561772629897,-52.13945528163462,-224.35429362961332,"[-208.47731374033773, -271.1607919727195, -208.51724518256205, -235.8501937517008]",-231.00138616183003,25.7349919572142,-243.86888214043714
ARX_na12_nb8_nk4_alpha0,12,8,4,0.0,141,88.67556083711347,-52.14313808341582,-224.35440025008134,"[-208.4730110855222, -271.1631008115168, -208.51929313398526, -235.85141116941776]",-231.0017040501105,25.736444277834668,-243.86992618902784
ARX_na8_nb8_nk4_alpha0,8,8,4,0.0,137,88.6793924081184,-44.80997964761333,-223.60298283865365,"[-199.42915435955672, -275.0256154182735, -224.98490357860166, -239.191349667141]",-234.65775575589322,27.31636868737968,-248.31594009958306
ARX_na8_nb8_nk4_alpha0.1,8,8,4,0.1,137,88.68376194052354,-44.47096206483827,-223.61433144335567,"[-198.9188374632955, -274.7328900715569, -225.90664514017448, -239.1186387880293]",-234.66925286576407,27.293623599864233,-248.3160646656962
ARX_na8_nb8_nk4_alpha0.001,8,8,4,0.001,137,88.67944943975864,-44.80660072315803,-223.602795604452,"[-199.42282971055457, -275.03181458785485, -224.98876248725108, -239.19046898299158]",-234.658468942163,27.32032008405467,-248.31862898419035
ARX_na8_nb8_nk4_alpha0.01,8,8,4,0.01,137,88.67994569000044,-44.776188224145905,-223.60163090485688,"[-199.3670145219518, -275.0605731894756, -225.0430593106708, -239.1833131506031]",-234.6634900431753,27.34386128251999,-248.3354206844353
