rank,na,nb,nk,order,n_params,rank_x_train,sigma2_train,val_FIT_1step,val_FIT_12step,val_FIT_sim,val_RMSE_sim,test_FIT_1step,test_FIT_12step,test_FIT_sim,test_RMSE_sim,test_Bias_sim
1,1,5,2,"(1,5,2)",82,77,0.014174631973658772,86.60572955902877,70.33469565873914,68.95594283365008,0.9320483787930359,86.15143141923123,67.89778723272188,66.83374279146224,0.9661128722675418,0.016188200669347796
2,5,1,2,"(5,1,2)",22,21,0.014878042708581085,86.29823048184699,69.80509948963034,68.84107198659018,0.9354853379208526,85.84919283120026,67.16010134795975,66.41757488973361,0.9782128165768166,0.0033488796640770203
3,2,5,2,"(2,5,2)",83,78,0.014156542127768736,86.61864687473167,69.93614660982976,68.79523200462317,0.936873465502752,86.15968919830792,67.28102529847165,66.40197582319377,0.978689981081518,0.016888421144233924
4,5,3,2,"(5,3,2)",54,51,0.014690531140804278,86.37635717418685,69.8777332507588,68.78755294643855,0.9370921415098559,85.93464690021972,67.29980119124714,66.49222223827536,0.9760384353989463,0.007940548956960041
5,4,5,2,"(4,5,2)",85,80,0.01411471471533921,86.6511765234739,69.70689068597981,68.67691269303567,0.9404258144097941,86.18028474973569,66.94626689636306,66.15709096005307,0.9858233279954046,0.017034976816482778
6,5,5,2,"(5,5,2)",86,81,0.014106170645048051,86.65457930381773,69.47846002951827,68.60195472793025,0.9426763079416085,86.18127427828783,66.55452044020005,65.87885577643591,0.9939281494324486,0.016028797880731176
7,3,5,2,"(3,5,2)",84,79,0.014126853584401506,86.6436725380487,69.35489631141638,68.51688087994404,0.9452305147473855,86.172867468367,66.38918811931298,65.74748251115561,0.9977549726359554,0.0161163361353306
8,5,2,2,"(5,2,2)",38,36,0.014795467938570873,86.34210546108389,68.8095920443339,68.3246986435588,0.9509884287554,85.88460065859348,65.6503217694371,65.29752329679496,1.0108384777624624,0.012393892093793445
9,1,1,2,"(1,1,2)",18,17,0.015902334299082752,85.78760110531199,69.02902816012816,68.25214916263313,0.9531060328918882,85.47429114456484,66.70172298083006,66.26345701580551,0.9826352142247682,0.02486630672807125
10,1,3,2,"(1,3,2)",50,47,0.015876843629196162,85.79481093595267,69.00429641909211,68.2398097308059,0.9535210198277186,85.47398082607529,66.56932225200862,66.16944624211062,0.9854172508447013,0.021881086357961994
11,1,2,2,"(1,2,2)",34,32,0.01588832889170239,85.79260846670806,68.99365116502787,68.23053478251828,0.9537775801741539,85.46795690090613,66.58554895233594,66.17979935552258,0.985092998057206,0.03593192648499562
12,3,1,2,"(3,1,2)",20,19,0.01587123073597684,85.81035535572566,68.75458141759687,68.17677007356254,0.9553916952892663,85.4828937950171,66.17841455524574,65.87835493837217,0.9938732766770725,0.02107217336162617
13,2,1,2,"(2,1,2)",19,18,0.01588531337232832,85.80056564032867,68.76050850909749,68.15954878440277,0.9558859999388398,85.4758154743099,66.25734135203496,65.9516786753371,0.9917162980963535,0.02271989570758802
14,2,2,2,"(2,2,2)",35,33,0.01587874632307362,85.79943009808264,68.6094265081553,68.06410052743246,0.9587742415906165,85.47168067594774,66.04456136639803,65.81576482690376,0.9956963610875792,0.03560265612702215
15,2,3,2,"(2,3,2)",51,48,0.01586513804574552,85.80291977538843,68.57983643221637,68.04666686186935,0.9593196559127001,85.47843573190718,65.96472739062229,65.75026518497,0.99762716759303,0.021457416799705656
16,4,1,2,"(4,1,2)",21,20,0.01565431857683498,85.91483912985714,68.68986378158237,67.98676686635257,0.9611180048623993,85.5746300936392,66.50311925793486,66.21287742054498,0.9841521863482696,0.03646475702214214
17,3,2,2,"(3,2,2)",36,34,0.01585172470606101,85.8176584294889,68.25147438510311,67.91059448948596,0.9633827742307622,85.48690205467874,65.44240807638286,65.35543861892886,1.009104446068067,0.031873637473660475
18,1,4,2,"(1,4,2)",66,62,0.0156480927191801,85.88778533905655,68.47512408615502,67.88544742670611,0.9641760799112018,85.57602755425464,66.28237547215981,66.17329224288125,0.9853284556420029,0.03562497690318761
19,5,4,2,"(5,4,2)",70,66,0.014344601454017173,86.53051328808247,67.97723939438775,67.83023031746379,0.9658338646744115,86.0728236905978,64.38091284956502,64.20641762805357,1.04262098143508,0.0073555727475291925
20,4,3,2,"(4,3,2)",53,50,0.01557615796683968,85.93930961710917,68.52824553202173,67.79598922595642,0.9668456308208401,85.60838742217949,66.34075256631904,66.10939992090576,0.9871662816524291,0.0321627700009647
21,4,4,2,"(4,4,2)",69,65,0.015573315689717567,85.934434696094,68.486495819378,67.75813683611449,0.9679983292135285,85.60789204835584,66.32385473076074,66.10605509537555,0.9872869872020128,0.03677039467962762
22,2,4,2,"(2,4,2)",67,63,0.015641361147374393,85.89311417880575,68.12469932049234,67.7540817969441,0.9681200737641417,85.57882543566731,65.79392411388135,65.85811542917848,0.9945091505334396,0.03539097192224966
23,3,3,2,"(3,3,2)",52,49,0.015837841393805493,85.82434024943232,67.86344549253856,67.70012731281285,0.9697236472435552,85.49125176743529,64.96261041563523,65.03861824935325,1.0183560380657453,0.019867753495608664
24,4,2,2,"(4,2,2)",37,35,0.01561293778413795,85.9340180486007,67.84893854060623,67.62133589408083,0.9720891643675472,85.59169744307631,65.35578845584075,65.48672574035932,1.0053035513985078,0.04607538438003355
25,3,4,2,"(3,4,2)",68,64,0.01562797335939723,85.90570915663845,67.59854088964286,67.55880951505566,0.9739827387611651,85.58591209648267,65.07405429567159,65.39539252014464,1.007987673262349,0.03419994800614381
26,2,1,1,"(2,1,1)",19,18,0.015502895711098582,86.0971594784792,68.73415288616815,66.08895641250707,1.0180475015605797,85.77780907110535,66.7059737484241,65.14959332886602,1.0150784222661424,-0.13338249378368877
27,4,1,1,"(4,1,1)",21,20,0.014729976579184408,86.46630549993324,69.80905842089827,64.79103791198301,1.0570618485810896,86.12704856586502,68.07822510646669,64.84664731903838,1.0239477723230914,-0.20882154936730699
28,3,1,1,"(3,1,1)",20,19,0.014962066445350305,86.34716590354014,70.04849512076063,61.3373265858733,1.1607243256867255,86.03278219776438,69.32552993404619,63.942172871837144,1.050269139515309,-0.2194307959042652
29,1,5,3,"(1,5,3)",82,77,0.06000138962644283,72.6133147813008,53.34725938188476,53.363388265535036,1.4001989668677193,71.68221336563563,49.339502450277095,49.445560301287536,1.4726505500157798,0.005135929232956619
30,1,2,1,"(1,2,1)",34,32,0.005573544172572399,91.62177457710735,72.56243901023416,52.361573630433234,1.430158904390137,91.33610955636962,72.59124650795013,56.43105661281667,1.269020896387316,-0.4349784894108959
31,1,1,3,"(1,1,3)",18,17,0.06593849876968448,71.24341474458232,49.97579628253865,50.37957657889882,1.489696066767669,70.52055483197252,45.46218479425631,46.0150140032457,1.5724398641112998,0.011901898615599833
32,1,2,3,"(1,2,3)",34,32,0.06593010232901118,71.23472216819138,49.96769807866558,50.37578568927793,1.4898440795427152,70.51783472260192,45.44929117235792,46.01118415861525,1.572587633756113,0.014647120326813076
33,1,5,1,"(1,5,1)",82,77,0.005560157640954236,91.63086279298295,72.53890148396336,50.18622668880519,1.4955602625058415,91.34018588110854,72.56054880216054,53.431786069777345,1.3564721297542266,-0.536943788279485
34,5,4,1,"(5,4,1)",70,66,0.005555525297809092,91.63452226683594,72.53422610969047,49.830601096964635,1.5062372192616418,91.34525254668257,72.6105546520558,53.49575327502307,1.3546088474032194,-0.5195161854796553
35,5,3,1,"(5,3,1)",54,51,0.005554893414891967,91.63616048516943,72.52867135201467,49.80916997202398,1.5068806465049829,91.34470826969547,72.59655948792789,53.56525968127139,1.3525842152569987,-0.5127854165461541
36,5,5,1,"(5,5,1)",86,81,0.005555208151584293,91.63434571366022,72.54359581665781,49.80847809380607,1.5069014187834195,91.34388545967386,72.59990618939763,53.07062395696804,1.3669923172169245,-0.5410391683133078
37,5,2,1,"(5,2,1)",38,36,0.005554875752597523,91.63703404917656,72.49285432849548,49.765298725850485,1.508197794114617,91.34583029773758,72.58475521769242,53.77748483699507,1.3464023696443823,-0.49961211771634817
38,1,4,1,"(1,4,1)",66,62,0.005560537399208821,91.63009806428121,72.52341550532692,49.65229854291713,1.5115649885102957,91.34159531353546,72.58611318946527,53.32949029188065,1.3594198221296023,-0.5256467793351396
39,1,3,3,"(1,3,3)",50,47,0.06509187991686369,71.40596342874674,48.728954116782774,49.51489086544488,1.5157157960756844,70.67089924356084,44.10212947430947,45.1007182432237,1.599145411893525,0.005487594579254866
40,2,5,1,"(2,5,1)",83,78,0.005555450563386421,91.63383556035365,72.52980388847278,49.45697186566608,1.5174546997714982,91.34450290532357,72.58546760006467,52.6679061517084,1.3787229685107236,-0.5521203287585011
41,3,5,1,"(3,5,1)",84,79,0.005555518089223468,91.6338698265711,72.52998452649004,49.40949187340071,1.5188801928625866,91.34449263277354,72.58800830428791,52.62083827294306,1.3800939952339626,-0.5528892969931621
42,1,3,1,"(1,3,1)",50,47,0.00555986658981498,91.63175185993924,72.51432806971918,49.34798608420735,1.5206663043534145,91.34083802067886,72.57754551595563,53.12697933498667,1.3652871235237705,-0.5242211962612119
43,4,5,1,"(4,5,1)",85,80,0.00555530806430783,91.63413745224426,72.53397476424395,49.3051606462492,1.5220125321152567,91.34437641646352,72.60073968561096,52.539758826713204,1.3824557351381708,-0.5529858981345576
44,4,4,1,"(4,4,1)",69,65,0.0055558868233512426,91.63314680407257,72.51478479970088,49.00702678588308,1.5309376742095349,91.34582647529035,72.60895158146603,52.67510193463367,1.3784808632404861,-0.5377425125279298
45,4,3,1,"(4,3,1)",53,50,0.0055552160907254506,91.63482061645637,72.51069515847661,48.98758137280047,1.5315214745569619,91.3452606239732,72.59867764335726,52.77993896423918,1.3754271675120653,-0.5292662909129858
46,2,4,1,"(2,4,1)",67,63,0.005555757035341812,91.63310572776955,72.5142508669594,48.97283030570874,1.5319643387973092,91.34589150601865,72.60851879933792,52.641529822750414,1.3794587525896767,-0.5386971591509933
47,4,2,1,"(4,2,1)",37,35,0.005555232615604027,91.63565543715691,72.47412083304864,48.939379653112425,1.5329686117600083,91.34635096461223,72.58627650467785,53.00329962057074,1.368921112497882,-0.5155930505602893
48,3,4,1,"(3,4,1)",68,64,0.005555808161920153,91.63315525677072,72.51453551082669,48.92390728458512,1.5334331312887723,91.3458575924869,72.61148939469659,52.59508604007856,1.3808115683007895,-0.5393299574877644
49,2,3,1,"(2,3,1)",51,48,0.005554996891022034,91.63476790491674,72.50945212263542,48.88977187258578,1.5344227349061497,91.34529640043748,72.60092102845205,52.684954479508846,1.378162138508921,-0.5310697382236952
50,3,3,1,"(3,3,1)",52,49,0.005555081810886042,91.63477329901309,72.50831000422787,48.832749338692835,1.5361346558975641,91.34525928946911,72.60115138566286,52.62572272916752,1.3798874027418948,-0.5323872924084594
51,3,2,1,"(3,2,1)",36,34,0.005555088026096942,91.63560329322848,72.4719589988421,48.80907476779923,1.536845409911961,91.34635281418693,72.58866079072149,52.877743080235874,1.3725467164516176,-0.5179960285956772
52,2,2,1,"(2,2,1)",35,33,0.005555096475790116,91.63451524776328,72.47239740075202,48.73863804125443,1.5389234876847282,91.34610603655283,72.58710935233941,52.735885882363064,1.3766491404554022,-0.523058259575977
53,1,4,3,"(1,4,3)",66,62,0.06487787476422008,71.43442311608878,47.633231915820005,48.736220330011406,1.5391133470791174,70.71683981121525,42.90651563922925,44.26291437023334,1.6235873572051411,0.01579623561366541
54,5,1,1,"(5,1,1)",22,21,0.014187279759511838,86.73532026331642,68.99672295704534,47.079570115315136,1.5888314967795183,86.36817977587769,68.67575281172745,53.51819309000664,1.3539552044770027,-0.4715366452144817
55,1,1,4,"(1,1,4)",18,17,0.10210406241022789,64.12050963564431,30.901672219535193,31.237985369727316,2.0644091159385183,63.5645888011905,27.150607831845043,27.70533817521067,2.1058007922651236,-0.002829119730601775
56,1,2,4,"(1,2,4)",34,32,0.097425357942842,64.94324690526116,27.698531802284478,29.470669909343037,2.117503983602845,64.35074741092693,23.087841804105324,25.350442194377397,2.1744455308836015,-0.011662818383560394
57,5,2,4,"(5,2,4)",38,36,0.03519854166443347,79.05546769836472,29.872175783194265,29.441097830702102,2.118391826919166,78.27931687040348,25.082270743148893,24.619869086664924,2.195726185126532,-0.028315279216462645
58,3,2,4,"(3,2,4)",36,34,0.03543767364893069,78.97609955991229,28.186199662071964,28.688371009439294,2.140990964618899,78.2313091520095,23.702279456717978,24.13593808658633,2.2098224722487805,-0.02529631971297389
59,3,3,4,"(3,3,4)",52,49,0.03500918570220566,79.12308633505238,28.250723540680212,28.641794430731103,2.1424164843540416,78.32930165713346,24.286605265058803,24.5902598222702,2.1966398023742393,-0.014793541790280662
60,4,3,4,"(4,3,4)",53,50,0.0350054893078751,79.12237358653,27.981140372567005,28.17517090146081,2.156426112722929,78.33107525750394,24.21810190697171,24.149340391661145,2.209483516841804,-0.013942420198695316
61,4,2,4,"(4,2,4)",37,35,0.035420897447202025,78.97795867541578,27.690005406751183,27.75691548614936,2.168956078970334,78.23622276360112,23.647577222264594,23.388886500945137,2.2315831233428804,-0.02329265312511168
62,3,1,4,"(3,1,4)",20,19,0.03567600134789295,78.91611857936547,27.07122359604347,27.567219478105244,2.1746147666875086,78.16853864366993,22.789844715277574,23.246880392008883,2.235666866677379,-0.024284529009514895
63,1,3,4,"(1,3,4)",50,47,0.0939972451471985,65.5638797338544,21.966899576801612,27.151114953397403,2.1871717617555713,64.87874916562444,16.028769477799987,22.14707185321515,2.267808379866476,-0.028541228544309648
64,1,4,4,"(1,4,4)",66,62,0.09398143677479517,65.55955982394751,21.60762773643208,27.000497221341703,2.191707857219769,64.87604573308391,15.617604087478842,21.98107197880632,2.272690943600322,-0.03477546346229604
65,1,5,4,"(1,5,4)",82,77,0.09397759085913733,65.55728973957528,20.85373961419642,26.717937502447253,2.2002031213831366,64.87265789109664,14.696452788972103,21.60074505291767,2.283811996503246,-0.027838252621933537
66,4,1,4,"(4,1,4)",21,20,0.035438384266043246,78.97651198229482,25.963072578014636,24.90963142771079,2.254402263129305,78.22981300962545,22.24417336338108,20.538386134679897,2.3145599579370324,-0.018761868550481807
67,5,1,4,"(5,1,4)",22,21,0.035319375132168186,79.01536172843777,26.140419691139492,23.74708959430918,2.2893431901000083,78.25226778817004,22.45376211591019,19.449598240777675,2.346329519758081,-0.020717505905875698
68,5,3,4,"(5,3,4)",54,51,0.03496657687715173,79.1401093137228,21.993471116381226,19.29703075768042,2.422978132111599,78.34871002652575,19.10053799345889,15.174813438946833,2.470906020955333,-0.012047806802366532
69,3,4,4,"(3,4,4)",68,64,0.03246693977799678,79.97603877277191,21.37196537365229,17.980147856846507,2.462531216619572,79.04194446344619,18.66397330985501,16.649486905150603,2.4279999874344087,-0.019326997456883363
70,3,5,4,"(3,5,4)",84,79,0.03240044972593295,79.97972908559265,20.712441315249574,17.827157142703086,2.467137784960519,79.05580089554407,17.759542551810213,16.30403276771887,2.4381080426471553,-0.0022147612455067638
71,4,5,4,"(4,5,4)",85,80,0.03240062380783529,79.98056552707347,20.360086488505512,17.375379068717223,2.480701861825705,79.0555028452957,17.345616892339542,15.872437203535961,2.4506806509938017,-0.0023887117785609518
72,4,4,4,"(4,4,4)",69,65,0.03246640004247121,79.97766698371169,20.80151219515194,17.14838695511619,2.4875036730646243,79.04159795447478,17.982730834591088,15.872558833508021,2.4506318978827464,-0.019648522229334348
73,5,4,4,"(5,4,4)",70,66,0.03246558235995994,79.97900773870155,20.493241206025036,16.37640938882766,2.510681218571504,79.04382744784239,17.845207263959573,15.28499380163394,2.4677476640254663,-0.019279976922019788
74,5,5,4,"(5,5,4)",86,81,0.03239870192159169,79.98250196405013,19.9473083156261,16.25358082894035,2.5143824639348717,79.05863169418306,17.161512182335937,15.03500933774733,2.475075370144961,-0.0018765317491714745
75,1,2,5,"(1,2,5)",34,32,0.10988192209496465,62.71998848841033,-22.10605842256619,8.070262209590673,2.760043979151528,62.196651968780856,-31.784347762883193,1.2275990467281006,2.8771798815201284,-0.2545435886968804
76,1,1,5,"(1,1,5)",18,17,0.12052964261512752,60.909002825422284,-3.096043273436533,7.143467040744412,2.7878341987941186,60.63973737471762,-9.62410039846715,2.482315925576639,2.840564613522432,-0.07496102472874801
77,3,1,5,"(3,1,5)",20,19,0.036328484080616806,78.73205524451645,8.2899512679681,4.686877482517183,2.8615884534983245,78.00795246918639,2.7300459508134534,-0.24988029870227635,2.9201499726862457,-0.05462240065694936
78,1,3,5,"(1,3,5)",50,47,0.10809416046774652,63.03596185256007,-32.46184438528119,4.54323753059207,2.8659556348392954,62.426854782898204,-41.65922911985389,-2.8972371411830844,2.997395951258593,-0.6908655568118066
79,3,2,5,"(3,2,5)",36,34,0.03596922717563568,78.85771123353095,6.986076560255494,4.107280032020844,2.8790262079883373,78.08693253363882,2.013776913934817,0.18689878610869126,2.907494846263807,-0.04374608533986923
80,2,2,5,"(2,2,5)",35,33,0.036587281342289286,78.70100999474134,4.601937705283166,-1.052427923261412,3.033938222516489,77.86997636965364,-0.9732153240637365,-5.5449422993972375,3.0744598860535164,-0.04415900126913813
81,2,1,5,"(2,1,5)",19,18,0.03704285872640543,78.54594148709512,6.034124528702378,-2.334811325272068,3.0724008063592065,77.7634219073618,-0.1480880550661201,-7.56968835737859,3.133366559468434,-0.055010272429560164
82,5,2,5,"(5,2,5)",38,36,0.03569323368800424,78.9566312120919,1.6731287494458291,-5.119345713662704,3.1560409526112148,78.15664687959958,-3.458791839707631,-9.16209734877338,3.179825409579947,-0.04382262350529316
83,2,1,4,"(2,1,4)",19,18,0.03708607990772595,78.5327272365781,2.623162924917055,-5.550410794942651,3.1688895592684427,77.7730516158317,-3.3182575394884672,-10.47037540695519,3.2177839716241006,-0.030773510284304233
84,2,3,4,"(2,3,4)",51,48,0.03652279240740802,78.70816178055755,1.9790665884864889,-5.617258438459505,3.1709899892477775,77.89920861594697,-3.571174172838587,-10.132079934802407,3.208080411534064,-0.020498800523526973
85,2,2,4,"(2,2,4)",35,33,0.036950352510042854,78.56280221917824,2.4851075349557106,-8.893235559849355,3.269304554417272,77.8075012041426,-3.718157074155326,-14.024097722967287,3.3213751962515508,-0.03342268948281787
86,3,5,5,"(3,5,5)",84,79,0.03278633251251886,79.88387402794991,-0.4100756823904206,-12.570600310256562,3.37983639168603,78.93456731665724,-4.532417760370411,-13.689649294816997,3.311874758472351,-0.01806553572823611
87,4,1,5,"(4,1,5)",21,20,0.036156723590632725,78.78953740851111,2.600254936593527,-17.65807161917774,3.532451464325499,78.04671092266811,-4.0158694405633355,-22.77305973664785,3.57622119815359,-0.05706155364575126
88,3,4,5,"(3,4,5)",68,64,0.03284693684692102,79.8559797700624,-0.642599245221942,-19.08189337333863,3.5752862920442925,78.93247395925684,-4.475270754140248,-18.34180380111119,3.4473596897220187,-0.030594336619750702
89,4,2,5,"(4,2,5)",37,35,0.035731273495744474,78.93837287146106,0.09511694790921288,-20.93032571907074,3.630740448305462,78.13952072586814,-5.947284037585399,-25.451257560696796,3.654318725488876,-0.04656863727703329
90,2,5,5,"(2,5,5)",83,78,0.032955164786261,79.86164549770074,-3.1837544940960028,-24.091553685441845,3.7257432037404152,78.8558989702292,-7.498216503429567,-24.161630314979178,3.6169323413481727,-0.024336806277910277
91,5,5,5,"(5,5,5)",86,81,0.03264712682727532,79.94011971516801,-5.884491404119108,-24.596645295634325,3.7409081491218803,78.96675785628557,-10.480326458128797,-28.81382692583596,3.7524547272691007,-0.02803610911048208
92,4,5,5,"(4,5,5)",85,80,0.03265056383855488,79.93686722015329,-6.321491711173244,-25.61276955213243,3.7714164144337987,78.96278247167345,-11.166971086526246,-31.09303293808572,3.818849908432462,-0.03266952769298926
93,2,5,4,"(2,5,4)",83,78,0.03299702720724773,79.83371441465444,-3.0981102486499434,-32.3201906090826,3.972749762738151,78.86142441606836,-7.121607836923749,-27.65224061790248,3.7185776663370476,-0.03994811732932589
94,4,4,5,"(4,4,5)",69,65,0.03271448653164221,79.90735568023798,-6.714855608682901,-32.50691929873253,3.978356060266053,78.96049565236052,-11.208030397834357,-35.670506359868746,3.952154012247654,-0.06264963513666297
95,2,4,4,"(2,4,4)",67,63,0.03307290055444405,79.82887698589558,-1.774301245387755,-32.78774638361581,3.986766156119095,78.84542673460773,-5.576139702843075,-25.77527478879249,3.663833061942104,-0.07245594672010928
96,2,4,5,"(2,4,5)",67,63,0.03302630367348304,79.83038665146536,-3.524592399629767,-33.12793869596966,3.997001398151927,78.85083491814264,-7.590719715563288,-28.57484712905185,3.7454536847333597,-0.06365158255535132
97,5,4,5,"(5,4,5)",70,66,0.0327127920292208,79.9093508712889,-6.343296728084513,-33.21071060895806,3.999486522275255,78.96343532340758,-10.665962339988022,-34.29374358463135,3.9120481803166167,-0.06059367118624885
98,3,3,5,"(3,3,5)",52,49,0.03304860998412812,79.81980266744326,-3.303436982055774,-33.2704847103098,4.001259698449163,78.8869700254579,-6.832734815226549,-26.91936038434688,3.6971602690400234,-0.08836281436615032
99,2,3,5,"(2,3,5)",51,48,0.03312485973431961,79.81319549123923,-4.6328579912815915,-37.845212705242574,4.138609500975059,78.83951104381977,-8.445684000116337,-30.49801241817953,3.80140638307762,-0.11316172498518268
100,5,3,5,"(5,3,5)",54,51,0.032849124910537764,79.8927011063745,-10.195515448363658,-48.98469900837088,4.473056979747422,78.93092253273699,-14.46340689460499,-47.01371192424355,4.282508618735865,-0.16817921101772199
101,4,3,5,"(4,3,5)",53,50,0.03284930434781987,79.89169131142016,-10.416858883187906,-49.48099583957981,4.4879575971909675,78.92936288478843,-14.77190548906906,-48.42884104480354,4.323731322224538,-0.1728112122454244
102,5,1,5,"(5,1,5)",22,21,0.03592622027561561,78.8678823013196,-1.1825705996487024,-64.51782271083928,4.939323037891962,78.08688372406003,-8.813099982751549,-56.10145485998741,4.547034448195508,-0.2068401588066205
103,1,1,1,"(1,1,1)",18,17,0.03056761620010375,80.43664676232231,38.34367125199771,-112.66783603905904,6.384374742090155,80.03977297097967,38.58452183360897,-207.74716551326074,8.963531713227628,-7.4043498597034505
104,1,4,5,"(1,4,5)",66,62,0.10429185197209563,63.70704664187119,-54.438157105824736,-114.3459329050705,6.435471035620287,62.952860404029295,-60.09460869444134,-179.07895331299704,8.129718349721534,-5.39312088599472
105,2,5,3,"(2,5,3)",83,78,0.02867804244416953,81.18993018629827,-141.33301799469012,-120.22223267242799,6.611864181405753,80.31075422493792,-154.1791371442938,-131.2663134010722,6.73678643576945,-1.4705669295299553
106,2,4,3,"(2,4,3)",67,63,0.029561055820927436,80.86634413753325,-148.27517853728241,-126.82094172448598,6.809937563179464,80.03286095689135,-168.90043234989272,-136.63755702249225,6.8931079097620485,-1.5681333652415004
107,2,2,3,"(2,2,3)",35,33,0.030455169860650954,80.55166677437036,-149.11644495413512,-127.15477483667952,6.819759287496942,79.77991988998593,-169.95441376767303,-139.76029554626882,6.983744132294021,-1.6025637302837765
108,5,2,3,"(5,2,3)",38,36,0.02982707925839627,80.77846691082429,-151.89091061171433,-127.53024228162305,6.831146613787005,79.95890418154808,-175.1921172098478,-140.65152730753482,7.009869226777501,-1.6517650791602887
109,2,1,3,"(2,1,3)",19,18,0.030622240537591223,80.49071687906792,-150.1047666015116,-128.20842208578998,6.851235143630158,79.74866591810822,-172.40044957046234,-142.47552358489824,7.062670709576122,-1.6675701944070813
110,3,5,3,"(3,5,3)",84,79,0.028496544576666675,81.27451256005223,-150.3132987948514,-129.907394814891,6.902647613594958,80.37376620697755,-169.20272168215723,-138.92035464422614,6.959748615031051,-1.5580977671997494
111,2,3,3,"(2,3,3)",51,48,0.03027205292308783,80.60234408064608,-149.8554625864159,-129.99258262801607,6.905073524559747,79.84146720295251,-171.77928592788643,-143.3542889106009,7.088597193313268,-1.703962971640661
112,4,5,3,"(4,5,3)",85,80,0.028495418156970202,81.27625234087562,-151.0276355351246,-131.1606690157531,6.940275416644643,80.37358430097635,-170.2151911533135,-141.6397322691745,7.038964070269945,-1.555633576778174
113,4,2,3,"(4,2,3)",37,35,0.030159675984329126,80.65507913647109,-154.84215101842196,-131.18960816712902,6.940895161037876,79.88092619271174,-179.34084547605056,-143.86184648986213,7.103214214987912,-1.7458629723894195
114,5,5,3,"(5,5,3)",86,81,0.02849430929449914,81.2764527955589,-151.2676775992619,-132.9916836369391,6.9952490668639555,80.3722399238573,-170.66799632115845,-143.1606380503945,7.083268047301126,-1.615821070955679
115,4,1,3,"(4,1,3)",21,20,0.03017061975947598,80.65694399219197,-156.80661142158766,-133.23117574775728,7.002188169204016,79.883897947439,-181.67978238942842,-146.47725063150023,7.179395774933553,-1.8065942391225032
116,5,4,3,"(5,4,3)",70,66,0.029417656840160077,80.93219641385298,-156.5711103739029,-133.36433611488715,7.006392559402946,80.08382180512137,-180.72303614505776,-145.54745770052168,7.1526478898552375,-1.743512180840394
117,5,1,3,"(5,1,3)",22,21,0.029858286906717615,80.77427801355462,-155.856535598132,-134.79352142895527,7.049212239941774,79.95679174765404,-180.53814247565535,-146.21235519349486,7.171848985266143,-1.8133658152490926
118,4,4,3,"(4,4,3)",69,65,0.029419144714678238,80.93113414694888,-157.08945071963063,-135.11523693385908,7.058960568184964,80.08152873913899,-181.3612181943756,-147.4804759129272,7.208955533059905,-1.819117329589277
119,4,3,3,"(4,3,3)",53,50,0.03015056916436656,80.6548094735053,-156.39510799862825,-135.89374476936166,7.082244275028009,79.88472544242903,-180.9042366563288,-147.24450227117512,7.2019141010719245,-1.8258837079064973
120,3,4,3,"(3,4,3)",68,64,0.029418930695437964,80.9314053769657,-157.42802016347008,-136.71447250760852,7.1069750695059115,80.08128368180716,-181.7217359547465,-148.23610408879242,7.230966521600497,-1.8491770696760763
121,3,1,3,"(3,1,3)",20,19,0.030338835334898055,80.60125926868625,-155.23169781454703,-136.92568157324456,7.112943252431419,79.82147645754786,-178.42546342368536,-146.78358523657965,7.188153151649187,-1.7972439952695276
122,3,2,3,"(3,2,3)",36,34,0.03031366908125263,80.61339882157803,-158.6505445922411,-140.13457305257083,7.2094455685636945,79.82915447621323,-182.57643986184294,-149.28975102404632,7.2613183596082465,-1.8055718727218464
123,3,3,3,"(3,3,3)",52,49,0.03016112237881295,80.6529470308548,-158.81632233772405,-142.61012590656463,7.283890367442921,79.88142150511128,-182.92856770062897,-150.8487071723104,7.306899950553702,-1.8638941586747304
124,1,5,5,"(1,5,5)",82,77,0.09661278770653058,65.24317869292881,-88.42594237634869,-152.2839511519874,7.57461074909217,63.95234351672825,-105.69546070848355,-167.02385151148295,7.778628566596046,-1.5350835162982814
125,5,3,3,"(5,3,3)",54,51,0.0296150332714825,80.85624290761166,-160.72722513985332,-157.80102576689436,7.739967164534478,80.0167550754753,-183.66706944909401,-168.69609324836867,7.826771334013073,-1.9687609098556007
