label,n_input_cols,selected_model,val_robust_score,delta_val_robust,val_FIT_sim,test_FIT_sim,delta_test_FIT_sim,test_FIT_60,test_RMSE_sim
base_plus_actuator_event_edges,20,ARX_na18_nb3_nk3_alpha1,77.37560772780596,2.1054125515181283,82.91746328936934,76.97507162268435,-1.975234017332113,88.382326860663,0.221060305764038
base_plus_mist_context_interactions,20,ARX_na24_nb6_nk3_alpha0.1,76.0777349482008,0.8075397719129711,82.15089562485056,85.10466441867253,6.154358778656061,89.59380828086732,0.14302893518898696
base_plus_drip_context_interactions,20,ARX_na12_nb3_nk2_alpha0.1,74.9374371489679,-0.332758027319926,78.9967449141557,82.23868089877307,3.288375258756602,87.8145396220922,0.17052499499348822
base_plus_sensor_quadratic_shape,19,ARX_na12_nb3_nk2_alpha0.1,74.56089155618669,-0.7093036201011387,78.48643812402102,79.08976664237277,0.139461002356299,88.02094072852718,0.20075746729733274
base_plus_fan_memory_roll,20,ARX_na18_nb6_nk1_alpha10,74.32319377949526,-0.9470013967925723,79.99236902865303,85.11321715929022,6.162911519273749,89.28251419867709,0.14292668852999954
base_plus_water_memory_roll,22,ARX_na24_nb3_nk3_alpha1,72.88763348991179,-2.382561686376036,79.68477415870517,84.79316215562989,5.84285651561342,89.97421790115612,0.14602006195808104
base_plus_fan_drying_interactions,21,ARX_na12_nb3_nk2_alpha10,72.62942177708699,-2.640773399200839,77.29982824477301,80.47427684300219,1.5239712029857202,87.90731733434511,0.18746489630723892
base_plus_solar_drying_shape,21,ARX_na24_nb6_nk3_alpha10,72.59665024234994,-2.6735449339378903,79.38619445664617,83.93545589176286,4.98515025174639,89.56686821779356,0.1542559833950987
base_plus_daily_interactions,21,ARX_na18_nb6_nk3_alpha0.1,70.29953943750039,-4.970655738787443,77.83158924685469,84.49985985995187,5.549554219935402,89.58606844584689,0.1488154778418448
