input_set,model,na,nb,nk,alpha,physical_memory_seconds,input_delay_seconds,input_memory_seconds,n_input_cols,n_params,val_FIT_1step,val_FIT_sim,val_block_FIT_sim,val_block_mean_FIT_sim,val_block_std_FIT_sim,val_robust_score
outdoor,ARX_na24_nb6_nk1_alpha1,24,6,1,1.0,480,20,120,23,163,95.47589210454326,77.3529044773802,"[85.81846210747392, 57.05020116963486, 84.50446009235341, 77.38110281417417]",76.1885565459091,11.50639111569023,70.43536098806398
outdoor,ARX_na24_nb6_nk1_alpha0.1,24,6,1,0.1,480,20,120,23,163,95.47675127895344,77.37030271982503,"[85.88644650611057, 56.95863360048816, 84.45473313123858, 77.4410747804567]",76.1852220045735,11.551379127165543,70.40953244099073
outdoor,ARX_na24_nb6_nk1_alpha10,24,6,1,10.0,480,20,120,23,163,95.44976595974391,77.09791508938663,"[85.28617731132522, 57.07951127606832, 84.27371000367, 77.46896361290301]",76.02709055099164,11.344901700090302,70.35463970094649
outdoor,ARX_na24_nb6_nk2_alpha10,24,6,2,10.0,480,40,120,23,163,95.49265910560587,77.62922039279466,"[87.01117938110896, 55.3168713388841, 85.27482194451082, 78.12412878940424]",76.43175036347702,12.637508598277375,70.11299606433833
outdoor,ARX_na24_nb6_nk2_alpha1,24,6,2,1.0,480,40,120,23,163,95.51915169060119,77.72133482979888,"[87.39756096262053, 55.019080036473625, 85.41721035290698, 78.11543622816205]",76.4873218950408,12.867715309655065,70.05346424021326
outdoor,ARX_na24_nb6_nk2_alpha0.1,24,6,2,0.1,480,40,120,23,163,95.51997508017045,77.70603149103773,"[87.43909814160602, 54.89854743875509, 85.40386018781838, 78.12610750394387]",76.46690331803083,12.92483260244183,70.00448701680992
outdoor,ARX_na18_nb6_nk1_alpha1,18,6,1,1.0,360,20,120,23,157,95.47412987890127,77.10726531723753,"[85.38314212778633, 56.321465779606726, 84.36676556099636, 77.25480751593597]",75.83154524608133,11.691362892020765,69.98586380007094
outdoor,ARX_na18_nb6_nk1_alpha0.1,18,6,1,0.1,360,20,120,23,157,95.47498917994874,77.1303050587848,"[85.45962029354126, 56.223427368287346, 84.31913715373098, 77.31898292891404]",75.83029193611841,11.741271191793414,69.95965634022171
outdoor,ARX_na18_nb6_nk1_alpha10,18,6,1,10.0,360,20,120,23,157,95.44811489956724,76.78327007773001,"[84.73405453488493, 56.31354274151349, 84.0912244275762, 77.31003511114429]",75.61221420377973,11.51545593369403,69.85448623693271
outdoor,ARX_na18_nb6_nk2_alpha10,18,6,2,10.0,360,40,120,23,157,95.49108334649726,77.32384717348623,"[86.41179255111354, 54.59346797490503, 85.14154622368231, 77.98971379305675]",76.03413013568941,12.788346319424882,69.63995697597697
outdoor,ARX_na18_nb6_nk2_alpha1,18,6,2,1.0,360,40,120,23,157,95.51745051879304,77.47418794159508,"[86.86331833506402, 54.34597648006781, 85.33348848987107, 78.0181189397691]",76.140225561193,13.019375738339738,69.63053769202314
outdoor,ARX_na18_nb6_nk2_alpha0.1,18,6,2,0.1,360,40,120,23,157,95.51826199807626,77.46338075083628,"[86.91097552131728, 54.225312757710434, 85.32377042621603, 78.03363299521587]",76.12342292511491,13.07854938986496,69.58414823018242
outdoor,ARX_na24_nb6_nk3_alpha10,24,6,3,10.0,480,60,120,23,163,95.52539075630769,76.48347262238524,"[84.38160440781692, 55.16136292967144, 83.15592909469872, 78.86804142892238]",75.39173446527737,11.858047082060487,69.46271092424712
outdoor,ARX_na12_nb6_nk1_alpha1,12,6,1,1.0,240,20,120,23,151,95.47031926823576,76.3084667347546,"[83.59360229897547, 55.86368679449287, 83.96737717754986, 77.17932621784128]",75.15099812221487,11.457754994421746,69.422120625004
outdoor,ARX_na24_nb6_nk3_alpha1,24,6,3,1.0,480,60,120,23,163,95.54981031764459,76.3857424343653,"[84.22182561888644, 55.12158194357551, 83.10798466267416, 78.84062515143218]",75.32300434414206,11.83497002309013,69.405519332597
outdoor,ARX_na12_nb6_nk2_alpha10,12,6,2,10.0,240,40,120,23,151,95.48633779063387,76.83077644921794,"[85.3004517049394, 54.575827465895834, 84.81766063781888, 77.94097575962417]",75.65872889206958,12.515452776804864,69.40100250366714
outdoor,ARX_na12_nb6_nk1_alpha0.1,12,6,1,0.1,240,20,120,23,151,95.47128719754446,76.34371996924467,"[83.6770038653451, 55.742373119856545, 83.94553451575723, 77.23674885993859]",75.15041509022436,11.522605212923956,69.38911248376237
outdoor,ARX_na24_nb6_nk3_alpha0.1,24,6,3,0.1,480,60,120,23,163,95.5503964100892,76.36091980260419,"[84.189452849408, 55.097732871495666, 83.08604924187055, 78.83690783097283]",75.30253569843677,11.835182964110214,69.38494421638167
outdoor,ARX_na12_nb6_nk1_alpha10,12,6,1,10.0,240,20,120,23,151,95.4435018908043,76.02589251602772,"[82.97694506004427, 56.00295038597153, 83.73679813130165, 77.22691172261553]",74.98590132498325,11.245104811046822,69.36334891945984
outdoor,ARX_na12_nb6_nk2_alpha1,12,6,2,1.0,240,40,120,23,151,95.51326027305144,76.89566752195849,"[85.61748027292465, 54.13427221952162, 85.00805912866772, 77.93214943893098]",75.67299026501124,12.797036448167447,69.27447204092752
outdoor,ARX_na12_nb6_nk2_alpha0.1,12,6,2,0.1,240,40,120,23,151,95.51415616291025,76.88015910954897,"[85.65849147509212, 53.993710556183686, 85.00218399093038, 77.94263373659356]",75.64925493969994,12.86355594996251,69.21747696471868
outdoor,ARX_na12_nb6_nk3_alpha10,12,6,3,10.0,240,60,120,23,151,95.51901837144557,76.11984233287833,"[83.31924907106432, 54.749733171164515, 83.1714073838202, 78.75978098932727]",75.00004265384408,11.834177870243245,69.08295371872245
outdoor,ARX_na18_nb6_nk3_alpha10,18,6,3,10.0,360,60,120,23,157,95.52374843498889,76.20695443344331,"[83.84116361200628, 54.38976745485409, 83.09557635925526, 78.72841942156515]",75.0137317119202,12.066343411647578,68.98056000609641
outdoor,ARX_na18_nb6_nk3_alpha1,18,6,3,1.0,360,60,120,23,157,95.5480886566096,76.16202774136525,"[83.77998112936018, 54.377051986323835, 83.06455426209912, 78.7379484215899]",74.98988394984326,12.056149239264117,68.9618093302112
outdoor,ARX_na18_nb6_nk3_alpha0.1,18,6,3,0.1,360,60,120,23,157,95.54866950316072,76.14216846190138,"[83.75806044942469, 54.35610998095597, 83.04490211020776, 78.73535398806027]",74.97360663216216,12.057615341493134,68.94479896141559
outdoor,ARX_na12_nb6_nk3_alpha1,12,6,3,1.0,240,60,120,23,151,95.5436895542011,75.92349547139008,"[82.99128472931316, 54.49906376150957, 83.09862092282827, 78.69046370950794]",74.81985828078973,11.866195655795405,68.88676045289203
outdoor,ARX_na12_nb6_nk3_alpha0.1,12,6,3,0.1,240,60,120,23,151,95.544353369125,75.88587395359787,"[82.94373989271196, 54.44441756584677, 83.06922460899561, 78.67940679323249]",74.78419721519671,11.875385356517096,68.84650453693817
outdoor,ARX_na24_nb3_nk3_alpha1,24,3,3,1.0,480,60,60,23,94,95.40391765523847,71.50534035894471,"[75.25452948429127, 59.42385542013051, 78.41931859495305, 72.37799372256997]",71.36892430548619,7.219918264892097,67.75896517304014
outdoor,ARX_na24_nb3_nk3_alpha0.1,24,3,3,0.1,480,60,60,23,94,95.40471557941866,71.5162986942528,"[75.27061608312171, 59.400468684621764, 78.50171014317202, 72.3180419353744]",71.37270921157247,7.249905679660076,67.74775637174243
outdoor,ARX_na24_nb3_nk3_alpha10,24,3,3,10.0,480,60,60,23,94,95.37679096531723,71.34299141373599,"[75.0976535723145, 59.322063283358204, 77.82569341428704, 72.60719776544535]",71.21315200885127,7.109085927251425,67.65860904522556
outdoor,ARX_na18_nb3_nk3_alpha1,18,3,3,1.0,360,60,60,23,88,95.40190798023598,71.23817619893435,"[74.5447499763048, 59.17193624015762, 78.35788330287917, 72.25015936367973]",71.08118222075532,7.213586618716911,67.47438891139687
outdoor,ARX_na18_nb3_nk3_alpha0.1,18,3,3,0.1,360,60,60,23,88,95.4027103289936,71.25790699846351,"[74.57395217149237, 59.1582939948883, 78.44550754883834, 72.19591166852393]",71.09341634593574,7.242755279580797,67.47203870614534
outdoor,ARX_na18_nb3_nk3_alpha10,18,3,3,10.0,360,60,60,23,88,95.3748672956261,71.01617340778742,"[74.3280974308114, 59.020383211870644, 77.70781191707583, 72.441884076933]",70.87454415917271,7.099265184397447,67.324911566974
outdoor,ARX_na24_nb3_nk2_alpha1,24,3,2,1.0,480,40,60,23,94,95.32162572465477,72.39493737213685,"[78.02128485226486, 57.46068828993425, 79.86157986976102, 70.61525205444215]",71.48970126660058,8.808061676763671,67.08567042821875
outdoor,ARX_na24_nb3_nk2_alpha0.1,24,3,2,0.1,480,40,60,23,94,95.3230318377552,72.43828318858604,"[78.12842799081827, 57.38498759536521, 79.95870650503969, 70.56738722108764]",71.50987732807769,8.88240852612354,67.06867306501593
outdoor,ARX_na18_nb3_nk2_alpha1,18,3,2,1.0,360,40,60,23,88,95.31968604362132,72.19269718556205,"[77.4335944092245, 57.44274584261534, 79.83264883110637, 70.47597740034294]",71.29624162082229,8.705307662243976,66.9435877897003
outdoor,ARX_na18_nb3_nk2_alpha0.1,18,3,2,0.1,360,40,60,23,88,95.32108504831805,72.24982991475272,"[77.5798779743923, 57.367818806417425, 79.93169633857794, 70.43311052888694]",71.32812591206866,8.786311156465226,66.93497033383605
outdoor,ARX_na24_nb3_nk2_alpha10,24,3,2,10.0,480,40,60,23,94,95.28815262848445,71.79273052030157,"[76.99300056734499, 57.38208929880464, 78.6587571849858, 70.97616630392045]",71.00250333876397,8.366908811842478,66.81904893284273
outdoor,ARX_na12_nb3_nk3_alpha1,12,3,3,1.0,240,60,60,23,82,95.39875867316277,70.06675516788823,"[72.36645839776226, 58.696613546181055, 77.23807353730479, 72.61452892151108]",70.2289186006898,6.935101401252179,66.7613679000637
outdoor,ARX_na12_nb3_nk3_alpha0.1,12,3,3,0.1,240,60,60,23,82,95.3996585150817,70.08000055797501,"[72.4168987453101, 58.66140335665454, 77.30028913913, 72.56529240736971]",70.23597091211609,6.965224169944479,66.75335882714384
outdoor,ARX_na12_nb3_nk3_alpha10,12,3,3,10.0,240,60,60,23,82,95.37091291604025,69.85537650285136,"[72.0969742308982, 58.62414860340641, 76.62741779367049, 72.76399834174374]",70.0281347424297,6.807468015211812,66.6244007348238
outdoor,ARX_na18_nb3_nk2_alpha10,18,3,2,10.0,360,40,60,23,88,95.28631880058559,71.51251659226824,"[76.28629741611203, 57.28240225896617, 78.59045527330471, 70.7992417738986]",70.73959918057038,8.268940514521153,66.6051289233098
outdoor,ARX_na12_nb3_nk2_alpha1,12,3,2,1.0,240,40,60,23,82,95.31735605546596,71.16533535539082,"[75.50578264815893, 57.0991741665129, 79.03686103251395, 70.99374049445697]",70.65888958541069,8.331578261394688,66.49310045471334
outdoor,ARX_na12_nb3_nk2_alpha0.1,12,3,2,0.1,240,40,60,23,82,95.31882206242955,71.24005499278898,"[75.68702659274781, 57.009410854621635, 79.1643829175073, 70.95722945529863]",70.70451245504384,8.426365306319598,66.49132980188404
outdoor,ARX_na12_nb3_nk2_alpha10,12,3,2,10.0,240,40,60,23,82,95.28341206124063,70.3811726661143,"[74.17690335141191, 56.93522742807494, 77.60708198695482, 71.23716147475999]",69.98909356030042,7.866584281508979,66.05580141954593
outdoor,ARX_na24_nb3_nk1_alpha1,24,3,1,1.0,480,20,60,23,94,95.17124389599081,65.11182501986538,"[68.53902442474946, 53.74822431737456, 70.46126209746053, 66.63707169354718]",64.84639563328292,6.548628866262172,61.572081200151835
outdoor,ARX_na24_nb3_nk1_alpha0.1,24,3,1,0.1,480,20,60,23,94,95.17341360334902,65.1267695734609,"[68.61020515342464, 53.67976473942535, 70.56739173180105, 66.48236663777085]",64.83493206560547,6.600484441630272,61.534689844790336
outdoor,ARX_na18_nb3_nk1_alpha1,18,3,1,1.0,360,20,60,23,88,95.16944374350858,64.95631243684268,"[68.20104459134302, 53.65276208032187, 70.41545592736398, 66.51784691052825]",64.69677737738928,6.52437240642956,61.4345911741745
outdoor,ARX_na18_nb3_nk1_alpha0.1,18,3,1,0.1,360,20,60,23,88,95.17160461052747,64.98891405408843,"[68.32391839849666, 53.590846850896725, 70.52801974404113, 66.36382528020403]",64.70165256840963,6.58179660171225,61.4107542675535
outdoor,ARX_na24_nb3_nk1_alpha10,24,3,1,10.0,480,20,60,23,94,95.12917011523268,64.51622930736518,"[67.5351600168065, 53.372975465355644, 69.09735917253789, 67.30203574857725]",64.32688260081932,6.361802191286388,61.145981505176124
outdoor,ARX_na18_nb3_nk1_alpha10,18,3,1,10.0,360,20,60,23,88,95.12748728289837,64.2880336794779,"[67.0459886430938, 53.17800224856798, 69.00757420724166, 67.16399840311378]",64.09889087550431,6.352976661785455,60.922402544611586
outdoor,ARX_na12_nb3_nk1_alpha1,12,3,1,1.0,240,20,60,23,82,95.16838952262432,64.07647579054735,"[66.35780578065689, 53.10389050814275, 69.56506942570617, 67.22098260947465]",64.06193708099511,6.4345518886962845,60.84466113664696
outdoor,ARX_na12_nb3_nk1_alpha0.1,12,3,1,0.1,240,20,60,23,82,95.17063186729588,64.12451422916641,"[66.51426142533133, 53.031532012997374, 69.67542765549722, 67.08738637630142]",64.07715186753184,6.487438334263961,60.83343270039986
outdoor,ARX_na12_nb3_nk1_alpha10,12,3,1,10.0,240,20,60,23,82,95.12587616745375,63.34591805421592,"[65.00122888195308, 52.59893044910664, 68.25206829717317, 67.70796492409352]",63.3900481380816,6.350743455790567,60.21467641018632
