candidate_id,order,na,nb,nk,residual_model,shrink,train_seconds,arx_val_FIT_sim,arx_test_FIT_sim,val_FIT_sim,val_RMSE_sim,test_FIT_sim,test_RMSE_sim,test_Bias_sim
16,"(5,3,2)",5,3,2,random_forest_leaf5,0.8,21.38189172744751,68.78755294643855,66.49222223827536,71.32707032483742,0.860848142619235,69.39655446588627,0.8914389760294215,-0.006308354603963228
16,"(5,3,2)",5,3,2,random_forest_leaf5,1.0,21.38189172744751,68.78755294643855,66.49222223827536,71.29044717396893,0.8619476804676233,69.37757110125666,0.8919919370059279,-0.011719561748029421
4,"(1,5,2)",1,5,2,random_forest_leaf5,0.8,19.904154062271118,68.95594283365008,66.83374279146224,71.25549685427741,0.8630079313609289,69.410977951654,0.8910395817401796,0.0011254737511162132
12,"(2,5,2)",2,5,2,random_forest_leaf5,0.8,19.580581665039062,68.79523200462317,66.40197582319377,71.25073194320414,0.8631509902277883,69.24590679889758,0.895848003881855,0.0029598714884492244
26,"(3,1,2)",3,1,2,hgb_31,1.0,1.1916775703430176,68.17677007356254,65.87835493837217,71.22780157023111,0.8637941371306103,69.51398214201089,0.8879770716397549,0.0016165770179674373
12,"(2,5,2)",2,5,2,random_forest_leaf5,1.0,19.580581665039062,68.79523200462317,66.40197582319377,71.21864602560773,0.8641143188068325,69.24990274570237,0.8957316043851995,-0.0024128261890123577
4,"(1,5,2)",1,5,2,random_forest_leaf5,1.0,19.904154062271118,68.95594283365008,66.83374279146224,71.20218561925253,0.8646085162944682,69.36761458407157,0.8923027302269942,-0.004447182036449147
24,"(1,3,2)",1,3,2,random_forest_leaf5,0.8,20.510611057281494,68.2398097308059,66.16944624211062,71.2018941715007,0.864591773725353,69.50270838801353,0.8883259042570223,0.007241996658268689
24,"(1,3,2)",1,3,2,random_forest_leaf5,1.0,20.510611057281494,68.2398097308059,66.16944624211062,71.19113940442863,0.8649146589593408,69.48279228475285,0.888906021031437,0.001536422941453534
30,"(2,1,2)",2,1,2,hgb_31,1.0,1.1354668140411377,68.15954878440277,65.9516786753371,71.18899631175508,0.8649385928390666,69.50923071389693,0.8880964366551936,-0.028067627165529782
28,"(3,1,2)",3,1,2,random_forest_leaf5,0.8,19.92732548713684,68.17677007356254,65.87835493837217,71.1874246311374,0.8650063268542961,69.32805455596434,0.8933926504852351,0.0022626488863152876
8,"(5,1,2)",5,1,2,random_forest_leaf5,0.8,22.668358325958252,68.84107198659018,66.41757488973361,71.18409553062217,0.8651406787303315,69.17036605299229,0.8980275533500751,-0.019944059027615344
32,"(2,1,2)",2,1,2,random_forest_leaf5,0.8,19.002824306488037,68.15954878440277,65.9516786753371,71.18274552101447,0.8651262485766388,69.37580804123469,0.8919826029584602,0.003442904777902777
15,"(5,3,2)",5,3,2,extra_trees_leaf5,1.0,5.011077642440796,68.78755294643855,66.49222223827536,71.16587322606465,0.8656877674725808,69.36403978147379,0.8923860869338547,-0.009586723921901638
15,"(5,3,2)",5,3,2,extra_trees_leaf5,0.8,5.011077642440796,68.78755294643855,66.49222223827536,71.1583151948875,0.8659146824468931,69.32766937538233,0.8934455100477584,-0.004765184205767857
28,"(3,1,2)",3,1,2,random_forest_leaf5,1.0,19.92732548713684,68.17677007356254,65.87835493837217,71.15704102860208,0.8659184982964261,69.30982160652084,0.8939237280805318,-0.0045633749340270235
20,"(1,1,2)",1,1,2,random_forest_leaf5,0.8,22.62343192100525,68.25214916263313,66.26345701580551,71.15440964042182,0.8659769234421126,69.51761820255524,0.8878521365288156,0.0014185095144117945
32,"(2,1,2)",2,1,2,random_forest_leaf5,1.0,19.002824306488037,68.15954878440277,65.9516786753371,71.14952650140856,0.8661235207433543,69.32991089202176,0.8933194368797748,-0.0035779939188563493
31,"(2,1,2)",2,1,2,extra_trees_leaf5,1.0,4.831399202346802,68.15954878440277,65.9516786753371,71.14579579857848,0.866235520619897,69.4591094292701,0.8895563058326481,-0.005936615453915969
31,"(2,1,2)",2,1,2,extra_trees_leaf5,0.8,4.831399202346802,68.15954878440277,65.9516786753371,71.11841006447523,0.8670576710237995,69.41428591922258,0.8908618681547411,0.0014270375561052273
27,"(3,1,2)",3,1,2,extra_trees_leaf5,1.0,4.669594764709473,68.17677007356254,65.87835493837217,71.11773544867069,0.8670985238542274,69.38641187725332,0.891692856057891,0.0003460049317393838
30,"(2,1,2)",2,1,2,hgb_31,0.8,1.1354668140411377,68.15954878440277,65.9516786753371,71.11237802960113,0.8672387594652996,69.33947201315071,0.8930409526760676,-0.016259863604149927
23,"(1,3,2)",1,3,2,extra_trees_leaf5,1.0,4.959019184112549,68.2398097308059,66.16944624211062,71.10331544655631,0.8675513556908762,69.54665389859369,0.8870458582804539,-0.006978342804899101
26,"(3,1,2)",3,1,2,hgb_31,0.8,1.1916775703430176,68.17677007356254,65.87835493837217,71.1019329405237,0.8675729441152528,69.30637978845024,0.8940239791381047,0.007186782258255786
27,"(3,1,2)",3,1,2,extra_trees_leaf5,0.8,4.669594764709473,68.17677007356254,65.87835493837217,71.1010244344951,0.867600219131549,69.35113025242919,0.892720516477168,0.006125482092778917
20,"(1,1,2)",1,1,2,random_forest_leaf5,1.0,22.62343192100525,68.25214916263313,66.26345701580551,71.09518344706233,0.8677549600873431,69.44570177151725,0.8899468270740925,-0.006562987666254276
16,"(5,3,2)",5,3,2,random_forest_leaf5,0.6,21.38189172744751,68.78755294643855,66.49222223827536,71.08594592848756,0.8680874268880404,69.11652290506858,0.899595934942854,-0.0017705365065207148
8,"(5,1,2)",5,1,2,random_forest_leaf5,1.0,22.668358325958252,68.84107198659018,66.41757488973361,71.07920653092373,0.8682897640032541,69.09919110932314,0.9001007878436441,-0.027626855666130205
23,"(1,3,2)",1,3,2,extra_trees_leaf5,0.8,4.959019184112549,68.2398097308059,66.16944624211062,71.07367047312866,0.8684413725659614,69.50281170937853,0.888322894709612,0.00034532274434731725
4,"(1,5,2)",1,5,2,random_forest_leaf5,0.6,19.904154062271118,68.95594283365008,66.83374279146224,71.04936521041475,0.8691967057034911,69.1793846739111,0.8977857528667925,0.005793637860902429
11,"(2,5,2)",2,5,2,extra_trees_leaf5,0.8,4.320470571517944,68.79523200462317,66.40197582319377,71.04647270372826,0.8692835486104392,69.1687165574457,0.8980965086019139,-0.0030160145457125372
19,"(1,1,2)",1,1,2,extra_trees_leaf5,0.8,4.849416255950928,68.25214916263313,66.26345701580551,71.04514770472548,0.8692570891015488,69.56243772486594,0.88654669035646,-0.00360451328541427
7,"(5,1,2)",5,1,2,extra_trees_leaf5,0.8,4.235193490982056,68.84107198659018,66.41757488973361,71.03465252562148,0.8696274101086642,69.13149382564886,0.8991598512967357,-0.018000015556987468
19,"(1,1,2)",1,1,2,extra_trees_leaf5,1.0,4.849416255950928,68.25214916263313,66.26345701580551,71.03286342133823,0.8696258770445847,69.57329286271651,0.8862305156757222,-0.012627153840497153
12,"(2,5,2)",2,5,2,random_forest_leaf5,0.6,19.580581665039062,68.79523200462317,66.40197582319377,71.01932932445693,0.8700984853472596,68.95799531358924,0.9042346900937214,0.0074093865751559225
11,"(2,5,2)",2,5,2,extra_trees_leaf5,1.0,4.320470571517944,68.79523200462317,66.40197582319377,71.01577972391593,0.8702050564507682,69.15764444248639,0.8984190325671046,-0.009854008261303185
3,"(1,5,2)",1,5,2,extra_trees_leaf5,0.8,4.634199857711792,68.95594283365008,66.83374279146224,71.01005499520087,0.8703769323138135,69.34668187535915,0.8929124872825263,0.0014241514465086129
2,"(1,5,2)",1,5,2,hgb_31,1.0,2.703892946243286,68.95594283365008,66.83374279146224,71.00875908622535,0.8704158399170702,69.17290351799785,0.8979745449911374,-0.06694572481934023
8,"(5,1,2)",5,1,2,random_forest_leaf5,0.6,22.668358325958252,68.84107198659018,66.41757488973361,71.00450200629093,0.870532619965444,68.93715317461017,0.9048207443085925,-0.013162350197860244
22,"(1,3,2)",1,3,2,hgb_31,1.0,1.1886863708496094,68.2398097308059,66.16944624211062,71.00430971825074,0.870523757374322,69.04368946002863,0.901696219544725,-0.09011589610638003
2,"(1,5,2)",1,5,2,hgb_31,0.8,2.703892946243286,68.95594283365008,66.83374279146224,70.99473979521663,0.8708367468039016,69.14352712528982,0.8988302614187575,-0.049048235283216696
10,"(2,5,2)",2,5,2,hgb_31,1.0,1.3336093425750732,68.79523200462317,66.40197582319377,70.97987443191055,0.8712830556640924,68.90404630736762,0.9058061917868133,-0.06703894819464258
14,"(5,3,2)",5,3,2,hgb_31,1.0,2.144958257675171,68.78755294643855,66.49222223827536,70.97761688930545,0.8713397925593596,69.28657458566734,0.8946425483754478,-0.03742063775611556
7,"(5,1,2)",5,1,2,extra_trees_leaf5,1.0,4.235193490982056,68.84107198659018,66.41757488973361,70.97087911900654,0.8715420808191546,69.1065465648997,0.899886532890551,-0.025103203024193062
14,"(5,3,2)",5,3,2,hgb_31,0.8,2.144958257675171,68.78755294643855,66.49222223827536,70.96934761228026,0.8715880612869915,69.18467161966042,0.8976108506069825,-0.026995528840129616
6,"(5,1,2)",5,1,2,hgb_31,0.8,1.272641658782959,68.84107198659018,66.41757488973361,70.95030930095024,0.8721596490226272,68.9534470161048,0.9043461256790873,-0.05773784141713073
6,"(5,1,2)",5,1,2,hgb_31,1.0,1.272641658782959,68.84107198659018,66.41757488973361,70.94429365019882,0.8723402570677298,69.02551356197046,0.9022469199611937,-0.074762980025488
22,"(1,3,2)",1,3,2,hgb_31,0.8,1.1886863708496094,68.2398097308059,66.16944624211062,70.93550442082088,0.8725894659490752,69.02223102469395,0.9023212614079548,-0.06626041372050467
3,"(1,5,2)",1,5,2,extra_trees_leaf5,1.0,4.634199857711792,68.95594283365008,66.83374279146224,70.93533874308028,0.8726201687981858,69.31139251586328,0.8939404448313287,-0.003926009155254896
10,"(2,5,2)",2,5,2,hgb_31,0.8,1.3336093425750732,68.79523200462317,66.40197582319377,70.92387402728978,0.8729643786322484,68.84730519103522,0.9074590259468726,-0.048819291476923835
15,"(5,3,2)",5,3,2,extra_trees_leaf5,0.6,5.011077642440796,68.78755294643855,66.49222223827536,70.90874734367101,0.8734074647893721,69.02299216948688,0.9023203648787345,-0.0005907887850897449
24,"(1,3,2)",1,3,2,random_forest_leaf5,0.6,20.510611057281494,68.2398097308059,66.16944624211062,70.89996039231214,0.8736565873367361,69.17632938433455,0.8978326803754526,0.011913855981817436
28,"(3,1,2)",3,1,2,random_forest_leaf5,0.6,19.92732548713684,68.17677007356254,65.87835493837217,70.89041693424035,0.873923042338814,68.99021455993027,0.9032330360599785,0.008072453622481634
20,"(1,1,2)",1,1,2,random_forest_leaf5,0.6,22.62343192100525,68.25214916263313,66.26345701580551,70.88580693307543,0.874040677493824,69.23320247260719,0.896136237002813,0.008358876318835076
32,"(2,1,2)",2,1,2,random_forest_leaf5,0.6,19.002824306488037,68.15954878440277,65.9516786753371,70.88549768953185,0.874049961331288,69.05737648831732,0.9012574731596982,0.0093753066622907
7,"(5,1,2)",5,1,2,extra_trees_leaf5,0.6,4.235193490982056,68.84107198659018,66.41757488973361,70.8463931308537,0.8752795270061173,68.87649482400454,0.906587643983051,-0.011593761581848522
3,"(1,5,2)",1,5,2,extra_trees_leaf5,0.6,4.634199857711792,68.95594283365008,66.83374279146224,70.84216415148047,0.8754175875305362,69.117760327875,0.8995808325339435,0.006072499532665243
11,"(2,5,2)",2,5,2,extra_trees_leaf5,0.6,4.320470571517944,68.79523200462317,66.40197582319377,70.83190158950016,0.8757257046108761,68.90054177282927,0.905908276743446,0.0030485780993985273
31,"(2,1,2)",2,1,2,extra_trees_leaf5,0.6,4.831399202346802,68.15954878440277,65.9516786753371,70.79310678169347,0.8768236398425113,69.03881982751076,0.9017979680282887,0.007930600582632983
18,"(1,1,2)",1,1,2,hgb_31,0.8,1.1913566589355469,68.25214916263313,66.26345701580551,70.79264012451651,0.8768376494135189,68.98222209535024,0.903446474951249,-0.07677009162576134
27,"(3,1,2)",3,1,2,extra_trees_leaf5,0.6,4.669594764709473,68.17677007356254,65.87835493837217,70.78529979239472,0.8770788516197704,68.98027673528453,0.9035224986086297,0.01106956128997395
2,"(1,5,2)",1,5,2,hgb_31,0.6,2.703892946243286,68.95594283365008,66.83374279146224,70.77818726605014,0.8773383916324626,68.89568654783598,0.9060497064903807,-0.03190612821686626
19,"(1,1,2)",1,1,2,extra_trees_leaf5,0.6,4.849416255950928,68.25214916263313,66.26345701580551,70.76109223259999,0.8777847524556959,69.22423102504067,0.896397545943257,0.004632032238388181
23,"(1,3,2)",1,3,2,extra_trees_leaf5,0.6,4.959019184112549,68.2398097308059,66.16944624211062,70.76045864458847,0.8778447816652271,69.14069576070511,0.8988706174924695,0.00683336102668396
30,"(2,1,2)",2,1,2,hgb_31,0.6,1.1354668140411377,68.15954878440277,65.9516786753371,70.75999440048115,0.8778177106052394,68.89420911512131,0.9060100053557223,-0.005540312996600211
14,"(5,3,2)",5,3,2,hgb_31,0.6,2.144958257675171,68.78755294643855,66.49222223827536,70.73989798428826,0.8784768336698389,68.85177287176892,0.9073077626298811,-0.01744985756892151
18,"(1,1,2)",1,1,2,hgb_31,1.0,1.1913566589355469,68.25214916263313,66.26345701580551,70.73979616680516,0.878424084197863,68.92664372302659,0.9050652912543925,-0.10414422627370888
6,"(5,1,2)",5,1,2,hgb_31,0.6,1.272641658782959,68.84107198659018,66.41757488973361,70.73800014347425,0.8785338125958936,68.65835178904322,0.9129418698004381,-0.04154021959882608
26,"(3,1,2)",3,1,2,hgb_31,0.6,1.1916775703430176,68.17677007356254,65.87835493837217,70.72261824590151,0.8789606665425777,68.83674555535988,0.9077031822726026,0.01175396185101091
10,"(2,5,2)",2,5,2,hgb_31,0.6,1.3336093425750732,68.79523200462317,66.40197582319377,70.6721091770045,0.8805232173268188,68.57174003462931,0.915486071117457,-0.03141806916072594
22,"(1,3,2)",1,3,2,hgb_31,0.6,1.1886863708496094,68.2398097308059,66.16944624211062,70.6143178513963,0.8822322968841834,68.72163233194738,0.9110771079581984,-0.04327535182563342
4,"(1,5,2)",1,5,2,random_forest_leaf5,0.4,19.904154062271118,68.95594283365008,66.83374279146224,70.59147675322166,0.8829440774438534,68.66244597809077,0.9128438622297224,0.009672694946377937
16,"(5,3,2)",5,3,2,random_forest_leaf5,0.4,21.38189172744751,68.78755294643855,66.49222223827536,70.5744259836185,0.8834448040183819,68.52563282344548,0.9168078024340778,0.0018856579787963953
18,"(1,1,2)",1,1,2,hgb_31,0.6,1.1913566589355469,68.25214916263313,66.26345701580551,70.56176674857065,0.8837687266878624,68.74173333132347,0.9104511265027969,-0.0504325066336532
8,"(5,1,2)",5,1,2,random_forest_leaf5,0.4,22.668358325958252,68.84107198659018,66.41757488973361,70.54662423665803,0.884279496618811,68.38924787780027,0.9207805203476949,-0.007209781188038593
12,"(2,5,2)",2,5,2,random_forest_leaf5,0.4,19.580581665039062,68.79523200462317,66.40197582319377,70.52435985779503,0.8849591553454561,68.37601560071045,0.9211874046697277,0.010984458658962006
3,"(1,5,2)",1,5,2,extra_trees_leaf5,0.4,4.634199857711792,68.95594283365008,66.83374279146224,70.43622095523742,0.887605385533644,68.61526243496117,0.9142182901035124,0.00991416240058239
15,"(5,3,2)",5,3,2,extra_trees_leaf5,0.4,5.011077642440796,68.78755294643855,66.49222223827536,70.42218652284276,0.888015493464032,68.43806320691674,0.9193585926450247,0.002697165523171427
7,"(5,1,2)",5,1,2,extra_trees_leaf5,0.4,4.235193490982056,68.84107198659018,66.41757488973361,70.40920923483947,0.8884051109325097,68.32929659875127,0.922526823937842,-0.006133479903823399
11,"(2,5,2)",2,5,2,extra_trees_leaf5,0.4,4.320470571517944,68.79523200462317,66.40197582319377,70.37624718494263,0.889406002478582,68.3396828684939,0.9222457550304081,0.008152057612796722
2,"(1,5,2)",1,5,2,hgb_31,0.4,2.703892946243286,68.95594283365008,66.83374279146224,70.36152347212688,0.8898480585083789,68.42102636911524,0.9198762684003232,-0.015476195346399504
6,"(5,1,2)",5,1,2,hgb_31,0.4,1.272641658782959,68.84107198659018,66.41757488973361,70.30966435795567,0.891393749461725,68.1295055378034,0.9283464803746536,-0.026138052226531098
20,"(1,1,2)",1,1,2,random_forest_leaf5,0.4,22.62343192100525,68.25214916263313,66.26345701580551,70.29922917046203,0.8916503987682173,68.57834365221173,0.915210133743441,0.014313159159450648
14,"(5,3,2)",5,3,2,hgb_31,0.4,2.144958257675171,68.78755294643855,66.49222223827536,70.29561195487369,0.8918156451392687,68.28194015460642,0.9239062561991481,-0.008648084878358216
24,"(1,3,2)",1,3,2,random_forest_leaf5,0.4,20.510611057281494,68.2398097308059,66.16944624211062,70.29144698534687,0.8919256946522287,68.49456795208604,0.9176910451278059,0.01566476847860317
28,"(3,1,2)",3,1,2,random_forest_leaf5,0.4,19.92732548713684,68.17677007356254,65.87835493837217,70.27528482940464,0.8923904356808586,68.28447013323094,0.9237895046766997,0.012861620128230175
32,"(2,1,2)",2,1,2,random_forest_leaf5,0.4,19.002824306488037,68.15954878440277,65.9516786753371,70.2684322139659,0.8925749578881887,68.36205454342424,0.9215099284452112,0.014282282633714555
13,"(5,3,2)",5,3,2,ridge_1,0.8,0.09053778648376465,68.78755294643855,66.49222223827536,70.24745147144091,0.8932615686350693,68.37436354592096,0.9212140817764103,0.004304211799283811
5,"(5,1,2)",5,1,2,ridge_1,0.8,0.0832974910736084,68.84107198659018,66.41757488973361,70.24176001975736,0.8934324432427945,68.27858373063454,0.9240040245091018,0.004227620102175967
10,"(2,5,2)",2,5,2,hgb_31,0.4,1.3336093425750732,68.79523200462317,66.40197582319377,70.22961801226411,0.8938083098814599,68.06389654058069,0.9302792427922938,-0.014902567452239907
13,"(5,3,2)",5,3,2,ridge_1,1.0,0.09053778648376465,68.78755294643855,66.49222223827536,70.22612856780684,0.893901746747198,68.49279194284578,0.9177644150135684,0.0018015644153434745
5,"(5,1,2)",5,1,2,ridge_1,1.0,0.0832974910736084,68.84107198659018,66.41757488973361,70.20059756818722,0.8946682646388384,68.392567340484,0.9206838286724895,0.0028179479424118446
19,"(1,1,2)",1,1,2,extra_trees_leaf5,0.4,4.849416255950928,68.25214916263313,66.26345701580551,70.18948231567241,0.8949451222418386,68.54461982725648,0.9161923985230568,0.01181781328521445
25,"(3,1,2)",3,1,2,ridge_1,0.8,0.08973145484924316,68.17677007356254,65.87835493837217,70.18024622407032,0.8952436688214979,68.3636034285913,0.9214845610723682,0.014557793861209206
27,"(3,1,2)",3,1,2,extra_trees_leaf5,0.4,4.669594764709473,68.17677007356254,65.87835493837217,70.18000567228061,0.8952508906271627,68.25987907065908,0.9245057772916663,0.014875493204151985
31,"(2,1,2)",2,1,2,extra_trees_leaf5,0.4,4.831399202346802,68.15954878440277,65.9516786753371,70.17860071042146,0.8952718002165259,68.31888464287015,0.9227673265283195,0.013338094951135242
29,"(2,1,2)",2,1,2,ridge_1,0.8,0.07107114791870117,68.15954878440277,65.9516786753371,70.178197436195,0.8952839069603844,68.46653232793791,0.9184668321144634,0.01707516087653253
23,"(1,3,2)",1,3,2,extra_trees_leaf5,0.4,4.959019184112549,68.2398097308059,66.16944624211062,70.17265965086752,0.8954919900476702,68.4481680872419,0.9190425815992902,0.01230195359202327
9,"(2,5,2)",2,5,2,ridge_1,0.8,0.08941125869750977,68.79523200462317,66.40197582319377,70.16927073082431,0.8956201409037112,68.16550964407125,0.9273193149760193,0.01702108774199558
1,"(1,5,2)",1,5,2,ridge_1,0.8,0.09751105308532715,68.95594283365008,66.83374279146224,70.16581479580435,0.895723899849113,68.40873228291116,0.920234387643621,0.0182952006370749
25,"(3,1,2)",3,1,2,ridge_1,1.0,0.08973145484924316,68.17677007356254,65.87835493837217,70.1556859192573,0.8959810141917313,68.51271300562385,0.9171413934542302,0.010980337692115412
9,"(2,5,2)",2,5,2,ridge_1,1.0,0.08941125869750977,68.79523200462317,66.40197582319377,70.15408291131908,0.8960761309977701,68.27898746145755,0.9240137752702753,0.01554743983101105
29,"(2,1,2)",2,1,2,ridge_1,1.0,0.07107114791870117,68.15954878440277,65.9516786753371,70.15365062428158,0.8960208297411671,68.61860896600153,0.9140373367778416,0.013690995560896204
21,"(1,3,2)",1,3,2,ridge_1,0.8,0.07703614234924316,68.2398097308059,66.16944624211062,70.15057839078547,0.896154925170352,68.54594965245664,0.916194397621375,0.009771240562729358
1,"(1,5,2)",1,5,2,ridge_1,1.0,0.09751105308532715,68.95594283365008,66.83374279146224,70.14522208579803,0.8963421631731846,68.51100583228713,0.9172552214409542,0.017429153433640314
30,"(2,1,2)",2,1,2,hgb_31,0.4,1.1354668140411377,68.15954878440277,65.9516786753371,70.13972721420376,0.8964388261029235,68.16503439622743,0.9272484812850219,0.004246105123380679
17,"(1,1,2)",1,1,2,ridge_1,0.8,0.07482194900512695,68.25214916263313,66.26345701580551,70.13583587656413,0.8965556484163248,68.63442247020156,0.9135767410939714,0.020299606735433812
21,"(1,3,2)",1,3,2,ridge_1,1.0,0.07703614234924316,68.2398097308059,66.16944624211062,70.13518358307903,0.8966171161276442,68.69507364181571,0.9118507101759713,0.004906560759251911
5,"(5,1,2)",5,1,2,ridge_1,0.6,0.0832974910736084,68.84107198659018,66.41757488973361,70.12357178336535,0.8969808118584246,68.02681083712092,0.9313378448181759,0.004788004943402078
13,"(5,3,2)",5,3,2,ridge_1,0.6,0.09053778648376465,68.78755294643855,66.49222223827536,70.11116076752964,0.8973534281223092,68.11744167074134,0.9286978852937097,0.005973537076703654
17,"(1,1,2)",1,1,2,ridge_1,1.0,0.07482194900512695,68.25214916263313,66.26345701580551,70.10602049519227,0.8974507395519128,68.78000815513894,0.9093363060033477,0.017229646935380222
26,"(3,1,2)",3,1,2,hgb_31,0.4,1.1916775703430176,68.17677007356254,65.87835493837217,70.10083039376495,0.8976278776187705,68.09385887072989,0.9293415066300438,0.015286961302174901
1,"(1,5,2)",1,5,2,ridge_1,0.6,0.09751105308532715,68.95594283365008,66.83374279146224,70.05506135174228,0.8990490956323394,68.19265519379425,0.9265285816458373,0.018434192731366435
18,"(1,1,2)",1,1,2,hgb_31,0.4,1.1913566589355469,68.25214916263313,66.26345701580551,70.05346679398585,0.8990284605109541,68.19612173788319,0.9263430086454008,-0.02493670694348417
22,"(1,3,2)",1,3,2,hgb_31,0.4,1.1886863708496094,68.2398097308059,66.16944624211062,70.05110909352516,0.899141244363068,68.1339376370229,0.9281954943361759,-0.021155046728379708
9,"(2,5,2)",2,5,2,ridge_1,0.6,0.08941125869750977,68.79523200462317,66.40197582319377,70.03829318435449,0.89955253315487,67.9238381873436,0.9343590573182483,0.017717627669337297
25,"(3,1,2)",3,1,2,ridge_1,0.6,0.08973145484924316,68.17677007356254,65.87835493837217,69.98884872962631,0.90098977244183,68.0261166559943,0.9313146581825855,0.01710384582478664
29,"(2,1,2)",2,1,2,ridge_1,0.6,0.07107114791870117,68.15954878440277,65.9516786753371,69.98516776134124,0.9010788739511495,68.12437923284193,0.9284326332949463,0.019408716221137202
21,"(1,3,2)",1,3,2,ridge_1,0.6,0.07703614234924316,68.2398097308059,66.16944624211062,69.96346358866303,0.9017725834851295,68.21958883398334,0.9257006440406612,0.013672121647524176
17,"(1,1,2)",1,1,2,ridge_1,0.6,0.07482194900512695,68.25214916263313,66.26345701580551,69.96013887821493,0.9018302690495591,68.31151929284415,0.9229818550976524,0.02233641461363356
4,"(1,5,2)",1,5,2,random_forest_leaf5,0.2,19.904154062271118,68.95594283365008,66.83374279146224,69.8887033137404,0.9040437307983551,67.87375152162802,0.9358180513847941,0.013083840821675878
5,"(5,1,2)",5,1,2,ridge_1,0.4,0.0832974910736084,68.84107198659018,66.41757488973361,69.84773066441761,0.9052623972281219,67.63142459551436,0.94285493709986,0.004781509241889403
13,"(5,3,2)",5,3,2,ridge_1,0.4,0.09053778648376465,68.78755294643855,66.49222223827536,69.81935202130646,0.9061144099972754,67.71688759060987,0.9403655100596459,0.007098869707729286
8,"(5,1,2)",5,1,2,random_forest_leaf5,0.2,22.668358325958252,68.84107198659018,66.41757488973361,69.81775260348793,0.9061624293616707,67.54095833707673,0.9454901027610911,-0.0017797323714609777
1,"(1,5,2)",1,5,2,ridge_1,0.4,0.09751105308532715,68.95594283365008,66.83374279146224,69.81434541169148,0.9062762083924971,67.8576077822822,0.9362883086794436,0.01808465274186381
3,"(1,5,2)",1,5,2,extra_trees_leaf5,0.2,4.634199857711792,68.95594283365008,66.83374279146224,69.80262812373061,0.9066280013037539,67.84661354373446,0.9366085641521957,0.01320791032809842
16,"(5,3,2)",5,3,2,random_forest_leaf5,0.2,21.38189172744751,68.78755294643855,66.49222223827536,69.80149127990786,0.9066506435190315,67.64270592265052,0.9425263265615693,0.005065223104069043
12,"(2,5,2)",2,5,2,random_forest_leaf5,0.2,19.580581665039062,68.79523200462317,66.40197582319377,69.77648587602549,0.9074128806595996,67.51633431752649,0.9462293968520027,0.01407610598814334
9,"(2,5,2)",2,5,2,ridge_1,0.4,0.08941125869750977,68.79523200462317,66.40197582319377,69.76288717573705,0.9078211599798452,67.54783561123018,0.9453117833525693,0.017894941711699003
2,"(1,5,2)",1,5,2,hgb_31,0.2,2.703892946243286,68.95594283365008,66.83374279146224,69.74896423117627,0.9082391742180085,67.72832969862758,0.9400541005182845,0.0004999362629847691
7,"(5,1,2)",5,1,2,extra_trees_leaf5,0.2,4.235193490982056,68.84107198659018,66.41757488973361,69.73592854600477,0.9086190352510564,67.50131580098737,0.9466448388099886,-0.001243778922285086
15,"(5,3,2)",5,3,2,extra_trees_leaf5,0.2,5.011077642440796,68.78755294643855,66.49222223827536,69.70947522999296,0.9094132438726688,67.58662129128803,0.94415999968171,0.00546680196086127
11,"(2,5,2)",2,5,2,extra_trees_leaf5,0.2,4.320470571517944,68.79523200462317,66.40197582319377,69.69210714131037,0.9099462177963797,67.49862434644591,0.946745277523157,0.012668977909614396
6,"(5,1,2)",5,1,2,hgb_31,0.2,1.272641658782959,68.84107198659018,66.41757488973361,69.67205559577782,0.9105366945621,67.3761045076271,0.9502920826151336,-0.011269315732761126
14,"(5,3,2)",5,3,2,hgb_31,0.2,2.144958257675171,68.78755294643855,66.49222223827536,69.63973431238777,0.9115070773269106,67.48846284573679,0.9470192288522714,-0.0002630426855167718
10,"(2,5,2)",2,5,2,hgb_31,0.2,1.3336093425750732,68.79523200462317,66.40197582319377,69.6003262959923,0.9127017915161602,67.335025506439,0.9515108120911645,0.0011313108939282773
25,"(3,1,2)",3,1,2,ridge_1,0.4,0.08973145484924316,68.17677007356254,65.87835493837217,69.58536691105638,0.9131030362291012,67.49600580203504,0.9467553853361264,0.018977479219698643
17,"(1,1,2)",1,1,2,ridge_1,0.4,0.07482194900512695,68.25214916263313,66.26345701580551,69.58248022289166,0.9131680047787063,67.8060251991311,0.9377052456151037,0.023709996073556745
29,"(2,1,2)",2,1,2,ridge_1,0.4,0.07107114791870117,68.15954878440277,65.9516786753371,69.57854507019894,0.9132861424690651,67.58776651198654,0.9440624076959725,0.021066834912419036
21,"(1,3,2)",1,3,2,ridge_1,0.4,0.07703614234924316,68.2398097308059,66.16944624211062,69.57747119803388,0.9133610486309269,67.711937223897,0.9404875333590631,0.016939298070398078
1,"(1,5,2)",1,5,2,ridge_1,0.2,0.09751105308532715,68.95594283365008,66.83374279146224,69.44644016430301,0.917321977556637,67.40439024913779,0.94949025938359,0.017337804176989144
5,"(5,1,2)",5,1,2,ridge_1,0.2,0.0832974910736084,68.84107198659018,66.41757488973361,69.41815168817492,0.9181596584426649,67.09325353684481,0.9585311673117256,0.004255784750372682
20,"(1,1,2)",1,1,2,random_forest_leaf5,0.2,22.62343192100525,68.25214916263313,66.26345701580551,69.41325079532308,0.9182484616948204,67.5768948070327,0.9443790649222721,0.019724989103065076
24,"(1,3,2)",1,3,2,random_forest_leaf5,0.2,20.510611057281494,68.2398097308059,66.16944624211062,69.3968750464835,0.918783000613699,67.48123782125784,0.9472073515668031,0.018904398357508716
13,"(5,3,2)",5,3,2,ridge_1,0.2,0.09053778648376465,68.78755294643855,66.49222223827536,69.37592821907907,0.9194273347965597,67.17371503329804,0.9561874274890931,0.0077185417040083045
28,"(3,1,2)",3,1,2,random_forest_leaf5,0.2,19.92732548713684,68.17677007356254,65.87835493837217,69.36252583059724,0.9197931339386081,67.23452263967637,0.9543716982923135,0.017074405009071647
32,"(2,1,2)",2,1,2,random_forest_leaf5,0.2,19.002824306488037,68.15954878440277,65.9516786753371,69.3515303306668,0.9201013791574266,67.31419783259307,0.9520305690457268,0.018617214293563694
9,"(2,5,2)",2,5,2,ridge_1,0.2,0.08941125869750977,68.79523200462317,66.40197582319377,69.346610914389,0.9203191918073351,67.03924109082514,0.9601268319677493,0.017572076883760075
19,"(1,1,2)",1,1,2,extra_trees_leaf5,0.2,4.849416255950928,68.25214916263313,66.26345701580551,69.34620195271344,0.9202613430302223,67.54676018883508,0.9452567878419578,0.018469011101873493
23,"(1,3,2)",1,3,2,extra_trees_leaf5,0.2,4.959019184112549,68.2398097308059,66.16944624211062,69.32581692222337,0.9209163447321466,67.44707762130811,0.9482023707605085,0.01722097066384546
27,"(3,1,2)",3,1,2,extra_trees_leaf5,0.2,4.669594764709473,68.17677007356254,65.87835493837217,69.30325696983513,0.9215724937802161,67.21393519509645,0.9549713561038314,0.018090347255570703
31,"(2,1,2)",2,1,2,extra_trees_leaf5,0.2,4.831399202346802,68.15954878440277,65.9516786753371,69.2933343227688,0.921848488481518,67.27794464846428,0.953086505789732,0.018145120659009594
18,"(1,1,2)",1,1,2,hgb_31,0.2,1.1913566589355469,68.25214916263313,66.26345701580551,69.27541523321955,0.9223864396153066,67.3616799117021,0.9506475712975877,9.325551591304797e-05
30,"(2,1,2)",2,1,2,hgb_31,0.2,1.1354668140411377,68.15954878440277,65.9516786753371,69.2647881308955,0.9227054771271399,67.17470394214772,0.9560935700765387,0.013575661069354625
22,"(1,3,2)",1,3,2,hgb_31,0.2,1.1886863708496094,68.2398097308059,66.16944624211062,69.25435995248918,0.9230616631977235,67.27509183290324,0.9532119772838646,0.0004897975113209658
26,"(3,1,2)",3,1,2,hgb_31,0.2,1.1916775703430176,68.17677007356254,65.87835493837217,69.24493169591766,0.9233235254151272,67.09803851518934,0.958347119869243,0.018277719892390337
17,"(1,1,2)",1,1,2,ridge_1,0.2,0.07482194900512695,68.25214916263313,66.26345701580551,69.00969739456262,0.9303635866785286,67.12023685863426,0.9576800181693832,0.024508595116074373
21,"(1,3,2)",1,3,2,ridge_1,0.2,0.07703614234924316,68.2398097308059,66.16944624211062,68.99941597495558,0.9307157244422044,67.02544983099195,0.9604835560164898,0.01961488766436675
25,"(3,1,2)",3,1,2,ridge_1,0.2,0.08973145484924316,68.17677007356254,65.87835493837217,68.97737711663068,0.9313560043205766,66.77590386490759,0.9677300502592783,0.020208970196079694
29,"(2,1,2)",2,1,2,ridge_1,0.2,0.07107114791870117,68.15954878440277,65.9516786753371,68.96600977454439,0.9316751379521995,66.85952700276776,0.9652736440245847,0.022087520665528017
1,"(1,5,2)",1,5,2,ridge_1,0.0,0.09751105308532715,68.95594283365008,66.83374279146224,68.95594283365008,0.9320483787930359,66.83374279146224,0.9661128722675418,0.016188200669347796
2,"(1,5,2)",1,5,2,hgb_31,0.0,2.703892946243286,68.95594283365008,66.83374279146224,68.95594283365008,0.9320483787930359,66.83374279146224,0.9661128722675418,0.016188200669347796
3,"(1,5,2)",1,5,2,extra_trees_leaf5,0.0,4.634199857711792,68.95594283365008,66.83374279146224,68.95594283365008,0.9320483787930359,66.83374279146224,0.9661128722675418,0.016188200669347796
4,"(1,5,2)",1,5,2,random_forest_leaf5,0.0,19.904154062271118,68.95594283365008,66.83374279146224,68.95594283365008,0.9320483787930359,66.83374279146224,0.9661128722675418,0.016188200669347796
5,"(5,1,2)",5,1,2,ridge_1,0.0,0.0832974910736084,68.84107198659018,66.41757488973361,68.84107198659018,0.9354853379208526,66.41757488973361,0.9782128165768166,0.0033488796640770203
6,"(5,1,2)",5,1,2,hgb_31,0.0,1.272641658782959,68.84107198659018,66.41757488973361,68.84107198659018,0.9354853379208526,66.41757488973361,0.9782128165768166,0.0033488796640770203
7,"(5,1,2)",5,1,2,extra_trees_leaf5,0.0,4.235193490982056,68.84107198659018,66.41757488973361,68.84107198659018,0.9354853379208526,66.41757488973361,0.9782128165768166,0.0033488796640770203
8,"(5,1,2)",5,1,2,random_forest_leaf5,0.0,22.668358325958252,68.84107198659018,66.41757488973361,68.84107198659018,0.9354853379208526,66.41757488973361,0.9782128165768166,0.0033488796640770203
9,"(2,5,2)",2,5,2,ridge_1,0.0,0.08941125869750977,68.79523200462317,66.40197582319377,68.79523200462317,0.936873465502752,66.40197582319377,0.978689981081518,0.016888421144233924
10,"(2,5,2)",2,5,2,hgb_31,0.0,1.3336093425750732,68.79523200462317,66.40197582319377,68.79523200462317,0.936873465502752,66.40197582319377,0.978689981081518,0.016888421144233924
11,"(2,5,2)",2,5,2,extra_trees_leaf5,0.0,4.320470571517944,68.79523200462317,66.40197582319377,68.79523200462317,0.936873465502752,66.40197582319377,0.978689981081518,0.016888421144233924
12,"(2,5,2)",2,5,2,random_forest_leaf5,0.0,19.580581665039062,68.79523200462317,66.40197582319377,68.79523200462317,0.936873465502752,66.40197582319377,0.978689981081518,0.016888421144233924
13,"(5,3,2)",5,3,2,ridge_1,0.0,0.09053778648376465,68.78755294643855,66.49222223827536,68.78755294643855,0.9370921415098559,66.49222223827536,0.9760384353989463,0.007940548956960041
14,"(5,3,2)",5,3,2,hgb_31,0.0,2.144958257675171,68.78755294643855,66.49222223827536,68.78755294643855,0.9370921415098559,66.49222223827536,0.9760384353989463,0.007940548956960041
15,"(5,3,2)",5,3,2,extra_trees_leaf5,0.0,5.011077642440796,68.78755294643855,66.49222223827536,68.78755294643855,0.9370921415098559,66.49222223827536,0.9760384353989463,0.007940548956960041
16,"(5,3,2)",5,3,2,random_forest_leaf5,0.0,21.38189172744751,68.78755294643855,66.49222223827536,68.78755294643855,0.9370921415098559,66.49222223827536,0.9760384353989463,0.007940548956960041
17,"(1,1,2)",1,1,2,ridge_1,0.0,0.07482194900512695,68.25214916263313,66.26345701580551,68.25214916263313,0.9531060328918882,66.26345701580551,0.9826352142247682,0.02486630672807125
18,"(1,1,2)",1,1,2,hgb_31,0.0,1.1913566589355469,68.25214916263313,66.26345701580551,68.25214916263313,0.9531060328918882,66.26345701580551,0.9826352142247682,0.02486630672807125
19,"(1,1,2)",1,1,2,extra_trees_leaf5,0.0,4.849416255950928,68.25214916263313,66.26345701580551,68.25214916263313,0.9531060328918882,66.26345701580551,0.9826352142247682,0.02486630672807125
20,"(1,1,2)",1,1,2,random_forest_leaf5,0.0,22.62343192100525,68.25214916263313,66.26345701580551,68.25214916263313,0.9531060328918882,66.26345701580551,0.9826352142247682,0.02486630672807125
21,"(1,3,2)",1,3,2,ridge_1,0.0,0.07703614234924316,68.2398097308059,66.16944624211062,68.2398097308059,0.9535210198277186,66.16944624211062,0.9854172508447013,0.021881086357961994
22,"(1,3,2)",1,3,2,hgb_31,0.0,1.1886863708496094,68.2398097308059,66.16944624211062,68.2398097308059,0.9535210198277186,66.16944624211062,0.9854172508447013,0.021881086357961994
23,"(1,3,2)",1,3,2,extra_trees_leaf5,0.0,4.959019184112549,68.2398097308059,66.16944624211062,68.2398097308059,0.9535210198277186,66.16944624211062,0.9854172508447013,0.021881086357961994
24,"(1,3,2)",1,3,2,random_forest_leaf5,0.0,20.510611057281494,68.2398097308059,66.16944624211062,68.2398097308059,0.9535210198277186,66.16944624211062,0.9854172508447013,0.021881086357961994
25,"(3,1,2)",3,1,2,ridge_1,0.0,0.08973145484924316,68.17677007356254,65.87835493837217,68.17677007356254,0.9553916952892663,65.87835493837217,0.9938732766770725,0.02107217336162617
26,"(3,1,2)",3,1,2,hgb_31,0.0,1.1916775703430176,68.17677007356254,65.87835493837217,68.17677007356254,0.9553916952892663,65.87835493837217,0.9938732766770725,0.02107217336162617
27,"(3,1,2)",3,1,2,extra_trees_leaf5,0.0,4.669594764709473,68.17677007356254,65.87835493837217,68.17677007356254,0.9553916952892663,65.87835493837217,0.9938732766770725,0.02107217336162617
28,"(3,1,2)",3,1,2,random_forest_leaf5,0.0,19.92732548713684,68.17677007356254,65.87835493837217,68.17677007356254,0.9553916952892663,65.87835493837217,0.9938732766770725,0.02107217336162617
29,"(2,1,2)",2,1,2,ridge_1,0.0,0.07107114791870117,68.15954878440277,65.9516786753371,68.15954878440277,0.9558859999388398,65.9516786753371,0.9917162980963535,0.02271989570758802
30,"(2,1,2)",2,1,2,hgb_31,0.0,1.1354668140411377,68.15954878440277,65.9516786753371,68.15954878440277,0.9558859999388398,65.9516786753371,0.9917162980963535,0.02271989570758802
31,"(2,1,2)",2,1,2,extra_trees_leaf5,0.0,4.831399202346802,68.15954878440277,65.9516786753371,68.15954878440277,0.9558859999388398,65.9516786753371,0.9917162980963535,0.02271989570758802
32,"(2,1,2)",2,1,2,random_forest_leaf5,0.0,19.002824306488037,68.15954878440277,65.9516786753371,68.15954878440277,0.9558859999388398,65.9516786753371,0.9917162980963535,0.02271989570758802
