dataset,model,na,nb,nk,alpha,n_params,val_FIT_1step,val_FIT_sim,val_robust_score,val_block_mean_FIT_sim,val_block_std_FIT_sim,val_block_FIT_sim
old_feedback_data,ARX_na5_nb1_nk2_alpha0,5,1,2,0.0,22,86.06042605760675,68.84107198659022,66.3664534774845,66.84287454922952,0.9528421434900496,"[66.29510314904573, 68.45789670217715, 66.58653102911877, 66.03196731657638]"
old_feedback_data,ARX_na5_nb1_nk2_alpha0.001,5,1,2,0.001,22,86.06042596692168,68.84107127739112,66.36645256054553,66.84287377848565,0.9528424358802661,"[66.29510268402113, 68.45789625214269, 66.58653071989488, 66.03196545788391]"
old_feedback_data,ARX_na5_nb1_nk2_alpha0.01,5,1,2,0.01,22,86.06042515006335,68.84106489451705,66.3664443080613,66.8428668417177,0.9528450673127801,"[66.2950984984775, 68.45789220172105, 66.58652793644453, 66.03194873022773]"
old_feedback_data,ARX_na5_nb1_nk2_alpha0.1,5,1,2,0.1,22,86.06041691293625,68.84100105778361,66.36636178006347,66.84279746694259,0.9528713737582257,"[66.29505661143014, 68.45785168657706, 66.58650005905331, 66.0317815107098]"
old_feedback_data,ARX_na2_nb5_nk2_alpha0.1,2,5,2,0.1,83,86.35179588393804,68.79568347280092,66.34856249410713,66.81190539133998,0.9266857944656894,"[66.34210988939282, 68.39770640058059, 66.44983559299304, 66.05796968239345]"
old_feedback_data,ARX_na2_nb5_nk2_alpha0.01,2,5,2,0.01,83,86.35154450014424,68.7952615436418,66.34802365513423,66.81146065994388,0.9268740096193094,"[66.34122407224045, 68.3974770349353, 66.45020375159854, 66.0569377810012]"
old_feedback_data,ARX_na2_nb5_nk2_alpha0.001,2,5,2,0.001,83,86.35151268899612,68.7952347609668,66.34798501972752,66.81143277346479,0.9268955074745326,"[66.34113504553682, 68.39747104772546, 66.4502923702046, 66.05683263039234]"
old_feedback_data,ARX_na2_nb5_nk2_alpha0,2,5,2,0.0,83,86.35150905791859,68.79523200462326,66.3479809436162,66.81142991116916,0.9268979351059308,"[66.34112514897544, 68.39747062593315, 66.45030294770855, 66.0568209220595]"
old_feedback_data,ARX_na5_nb3_nk2_alpha0.1,5,3,2,0.1,54,86.13029227994492,68.78775686395258,66.30167784493622,66.78492626613183,0.9664968423912289,"[66.36089465829934, 68.42842544711995, 66.41185853338327, 65.93852642572477]"
old_feedback_data,ARX_na5_nb3_nk2_alpha0.01,5,3,2,0.01,54,86.13024237247427,68.7875704096222,66.30121419257331,66.78472226074571,0.9670161363447981,"[66.35998263126925, 68.42899721381413, 66.4124453934289, 65.93746380447058]"
old_feedback_data,ARX_na5_nb3_nk2_alpha0.001,5,3,2,0.001,54,86.13023241428125,68.7875546659334,66.30116902596077,66.78470497196757,0.9670718920135889,"[66.35988939787201, 68.42906278751548, 66.41251503778622, 65.9373526646966]"
old_feedback_data,ARX_na5_nb3_nk2_alpha0,5,3,2,0.0,54,86.13023122876407,68.78755294643861,66.30116401351823,66.78470308292614,0.9670781388158247,"[66.35987901085838, 68.4290701789858, 66.4125228942213, 65.93734024763913]"
old_feedback_data,ARX_na8_nb3_nk2_alpha0.1,8,3,2,0.1,57,86.24199116882114,68.73104705655486,66.22446924037638,66.7310033886141,1.0130682964754485,"[66.24543050232461, 68.46436510758045, 66.31497567372232, 65.899242270829]"
old_feedback_data,ARX_na8_nb3_nk2_alpha0.01,8,3,2,0.01,57,86.24193861959303,68.73065468926438,66.22379821738978,66.73058658529266,1.0135767358057302,"[66.24439597393041, 68.46472096342775, 66.31526036199298, 65.89796904181952]"
old_feedback_data,ARX_na8_nb3_nk2_alpha0.001,8,3,2,0.001,57,86.24192846268987,68.73061789522805,66.22373200120923,66.73054753253484,1.0136310626512324,"[66.24429085508166, 68.46476402001494, 66.31529891308861, 65.89783634195419]"
old_feedback_data,ARX_na8_nb3_nk2_alpha0,8,3,2,0.0,57,86.24192725619699,68.73061383097657,66.22372464610979,66.73054321911428,1.0136371460089872,"[66.2442791524231, 68.46476889697595, 66.31530330469492, 65.8978215223631]"
old_feedback_data,ARX_na12_nb3_nk2_alpha0.1,12,3,2,0.1,61,86.29093945500345,68.75798595791215,66.22044100138774,66.75841515976401,1.0759483167525412,"[66.1460465306102, 68.6067812624084, 66.33453192558932, 65.94630092044815]"
old_feedback_data,ARX_na12_nb3_nk2_alpha0.01,12,3,2,0.01,61,86.29088430498535,68.75751912637912,66.21967678420731,66.75791837059184,1.0764831727690731,"[66.14498022637284, 68.60709528812876, 66.33469958898917, 65.9448983788766]"
old_feedback_data,ARX_na12_nb3_nk2_alpha0.001,12,3,2,0.001,61,86.29087359361203,68.75747425951788,66.21960072246715,66.75787063835347,1.0765398317726236,"[66.14487184537913, 68.60713293747193, 66.3347257285957, 65.94475204196712]"
old_feedback_data,ARX_na12_nb3_nk2_alpha0,12,3,2,0.0,61,86.29087232091823,68.75746928904405,66.21959226597235,66.7578653504976,1.0765461690504983,"[66.14485977914966, 68.60713719482506, 66.3347287303997, 65.94473569761594]"
old_feedback_data,ARX_na8_nb1_nk2_alpha0,8,1,2,0.0,25,86.2081628413418,68.68104535057162,66.1723199646263,66.67473680552786,1.0048336818031134,"[66.08177349965125, 68.38936551267597, 66.35694647840612, 65.87086173137806]"
old_feedback_data,ARX_na8_nb1_nk2_alpha0.001,8,1,2,0.001,25,86.20816278723929,68.68104532251589,66.17231968229075,66.67473675212854,1.004834139675586,"[66.08177360795304, 68.3893661232773, 66.356946700575, 65.87086057670884]"
old_feedback_data,ARX_na8_nb1_nk2_alpha0.01,8,1,2,0.01,25,86.20816229980724,68.68104506960748,66.17231714093577,66.67473627112406,1.004838260376587,"[66.08177458218246, 68.38937161809882, 66.35694869931272, 65.8708501849022]"
old_feedback_data,ARX_na8_nb1_nk2_alpha0.1,8,1,2,0.1,25,86.20815737508691,68.68104250052234,66.17229169450947,66.67473142070173,1.0048794523845297,"[66.0817842766829, 68.38942650805664, 66.35696860972982, 65.87074628833759]"
old_feedback_data,ARX_na5_nb5_nk2_alpha0.1,5,5,2,0.1,86,86.38773784950695,68.60261893084412,66.12283795502904,66.60495477805223,0.9642336460463687,"[66.10531327699218, 68.2553533389244, 66.23379200660683, 65.82536048968551]"
old_feedback_data,ARX_na5_nb5_nk2_alpha0.01,5,5,2,0.01,86,86.38746605549721,68.60200396739148,66.12206666339172,66.60430441681012,0.9644755068368154,"[66.10416876219143, 68.25497986212025, 66.23411500493344, 65.8239540379954]"
old_feedback_data,ARX_na5_nb5_nk2_alpha0.001,5,5,2,0.001,86,86.38743098615433,68.60195943506999,66.12200603273317,66.60425763589947,0.9645032063326077,"[66.10405382758584, 68.25496195194096, 66.23420416821047, 65.8238105958606]"
old_feedback_data,ARX_na5_nb5_nk2_alpha0,5,5,2,0.0,86,86.38742697429713,68.60195472793025,66.12199952968186,66.60425269718466,0.9645063350056102,"[66.10404105193966, 68.2549602403942, 66.23421487490137, 65.82379462150341]"
old_feedback_data,ARX_na12_nb5_nk2_alpha0.1,12,5,2,0.1,93,86.48247530887147,68.64097069415538,66.11876840020776,66.63634939480644,1.0351619891973634,"[66.01981162140787, 68.41023402475024, 66.26948955906337, 65.84586237400431]"
old_feedback_data,ARX_na12_nb5_nk2_alpha0.01,12,5,2,0.01,93,86.48216248022109,68.64037868370167,66.11804150036579,66.63572614812237,1.0353692955131673,"[66.01870974459744, 68.40978761234832, 66.2700161585784, 65.84439107696534]"
old_feedback_data,ARX_na12_nb5_nk2_alpha0.001,12,5,2,0.001,93,86.48212203886352,68.64033763546496,66.11798583439764,66.6356833738837,1.0353950789721011,"[66.01859912363585, 68.40976524611503, 66.270129002027, 65.8442401237569]"
old_feedback_data,ARX_na12_nb5_nk2_alpha0,12,5,2,0.0,93,86.48211741195115,68.6403333320093,66.11797988937946,66.63567889838345,1.0353980180079885,"[66.01858682779445, 68.40976308225714, 66.27014238323127, 65.84422330025095]"
old_feedback_data,ARX_na12_nb1_nk2_alpha0,12,1,2,0.0,29,86.25542322386306,68.66062843523402,66.11465013416655,66.65126171953118,1.0732231707292406,"[65.94501300935667, 68.49163174166284, 66.2821496208329, 65.88625250627229]"
old_feedback_data,ARX_na12_nb1_nk2_alpha0.001,12,1,2,0.001,29,86.25542310840386,68.66062795356697,66.11464945288428,66.65126116339275,1.0732234210169356,"[65.94501315226218, 68.4916315665627, 66.28214916732698, 65.88625076741914]"
old_feedback_data,ARX_na12_nb1_nk2_alpha0.01,12,1,2,0.01,29,86.25542206871992,68.6606236182685,66.11464332109081,66.6512561578655,1.073225673549395,"[65.9450144377714, 68.49162999031128, 66.28214508517829, 65.88623511820106]"
old_feedback_data,ARX_na12_nb1_nk2_alpha0.1,12,1,2,0.1,29,86.25541161734984,68.66058023605358,66.11458197807401,66.65120607471843,1.0732481932888336,"[65.9450272294817, 68.49161419317315, 66.28210420479988, 65.88607867141903]"
old_feedback_data,ARX_na8_nb5_nk2_alpha0.1,8,5,2,0.1,89,86.4172231185605,68.57393704318658,66.08357227924733,66.56753574920792,0.9679269399211821,"[66.09778264501084, 68.22121072682663, 66.18933382682472, 65.7618157981695]"
old_feedback_data,ARX_na8_nb5_nk2_alpha0.01,8,5,2,0.01,89,86.41695451434805,68.5734164761595,66.0829138448695,66.56698902679614,0.9681503638532836,"[66.09671347070048, 68.22089350752375, 66.18989841326305, 65.76045071569725]"
old_feedback_data,ARX_na8_nb5_nk2_alpha0.001,8,5,2,0.001,89,86.41691976470719,68.57338226589835,66.08286532933859,66.566953566433,0.9681764741888139,"[66.09660594397857, 68.22088250604186, 66.19001465942884, 65.76031115628274]"
old_feedback_data,ARX_na8_nb5_nk2_alpha0,8,5,2,0.0,89,86.41691578857005,68.57337871743971,66.08286018317992,66.56694989832455,0.9681794302892739,"[66.09659398932781, 68.22088158031929, 66.19002841437964, 65.76029560927147]"
old_feedback_data,ARX_na3_nb5_nk2_alpha0.1,3,5,2,0.1,84,86.3767694555153,68.51779822765084,66.03005249647971,66.51440737510163,0.9687097572438396,"[66.0183908988807, 68.17279425659544, 66.1354132976378, 65.73103104729256]"
old_feedback_data,ARX_na3_nb5_nk2_alpha0.01,3,5,2,0.01,84,86.37648947464788,68.51695739707706,66.02903760483673,66.51351573747273,0.9689562652720035,"[66.01706154439387, 68.17220549746048, 66.13536437221558, 65.729431535821]"
old_feedback_data,ARX_na3_nb5_nk2_alpha0.001,3,5,2,0.001,84,86.3764537117369,68.51688833959972,66.02895056526013,66.51344274839964,0.9689843662790159,"[66.01692684296745, 68.17216429887883, 66.13541208215534, 65.72926776959692]"
old_feedback_data,ARX_na3_nb5_nk2_alpha0,3,5,2,0.0,84,86.37644962512998,68.51688087994407,66.02894109889212,66.51343486815995,0.9689875385356488,"[66.0169118521539, 68.17215997438124, 66.13541812410304, 65.72924952200158]"
old_feedback_data,ARX_na5_nb2_nk2_alpha0.1,5,2,2,0.1,38,86.10267565351883,68.32467027084911,65.78072953540094,66.29182624265961,1.0221934145173504,"[65.79875364681449, 68.03323615382862, 65.91737283966228, 65.41794233033306]"
old_feedback_data,ARX_na5_nb2_nk2_alpha0.01,5,2,2,0.01,38,86.10260144842232,68.32467479815695,65.7803971717456,66.29183690825164,1.0228794730120734,"[65.79752486491574, 68.03409478453955, 65.91949701879372, 65.41623096475757]"
old_feedback_data,ARX_na5_nb2_nk2_alpha0.001,5,2,2,0.001,38,86.10259068830212,68.32469601468776,65.78038168040189,66.29186020232103,1.0229570438382973,"[65.79740274404604, 68.03421282924961, 65.91976815552552, 65.41605708046293]"
old_feedback_data,ARX_na5_nb2_nk2_alpha0,5,2,2,0.0,38,86.1025894452614,68.32469864355868,65.78038018814571,66.29186308105179,1.0229657858121541,"[65.79738918531014, 68.0342263767668, 65.91979903798561, 65.41603772414462]"
old_feedback_data,ARX_na8_nb2_nk2_alpha0.1,8,2,2,0.1,41,86.22751669072281,68.31265887089289,65.75456756164238,66.28434134235577,1.0595475614268108,"[65.74513894658409, 68.09745774448572, 65.87211237550669, 65.42265630284658]"
old_feedback_data,ARX_na8_nb2_nk2_alpha0.01,8,2,2,0.01,41,86.22746491026663,68.31253428194054,65.7541418315526,66.28421922971981,1.0601547963344118,"[65.74391456901529, 68.09809949198905, 65.87395364648363, 65.4209092113913]"
old_feedback_data,ARX_na8_nb2_nk2_alpha0.001,8,2,2,0.001,41,86.22745705553237,68.31254161391435,65.75411612527782,66.28422822208952,1.0602241936234065,"[65.74379283023946, 68.098195130131, 65.87419330152757, 65.42073162646007]"
old_feedback_data,ARX_na8_nb2_nk2_alpha0,8,2,2,0.0,41,86.22745614437248,68.31254268839315,65.75411348760993,66.28422949950351,1.0602320237871714,"[65.74377931327358, 68.09820617971205, 65.87422064771555, 65.42071185731285]"
old_feedback_data,ARX_na12_nb2_nk2_alpha0.1,12,2,2,0.1,45,86.27570942389721,68.2966051436398,65.70038377615319,66.26505685890767,1.1293461655089638,"[65.61183893162618, 68.20793758533608, 65.8054237325423, 65.4350271861261]"
old_feedback_data,ARX_na12_nb2_nk2_alpha0.01,12,2,2,0.01,45,86.27565466969418,68.29647083199572,65.69993561344117,66.2649248626927,1.129978498503045,"[65.61061263916088, 68.20864853651427, 65.80720640744873, 65.4332318676469]"
old_feedback_data,ARX_na12_nb2_nk2_alpha0.001,12,2,2,0.001,45,86.27564624838233,68.29647789927495,65.69990794214803,66.26493362556128,1.1300513668265173,"[65.61049118448953, 68.20875396721821, 65.8074400973441, 65.43304925319329]"
old_feedback_data,ARX_na12_nb2_nk2_alpha0,12,2,2,0.0,45,86.27564527041697,68.29647895378183,65.69990508962314,66.26493488759279,1.1300595959392972,"[65.61047770568251, 68.20876614384619, 65.80746677836686, 65.43302892247559]"
old_feedback_data,ARX_na3_nb1_nk2_alpha0.1,3,1,2,0.1,20,85.6110141995182,68.17698179375947,65.66070547238687,66.12624800385612,0.9310850629385162,"[65.69173753672982, 67.69633313726031, 65.8491030576669, 65.26781828376747]"
old_feedback_data,ARX_na3_nb1_nk2_alpha0.01,3,1,2,0.01,20,85.61101425989277,68.17679126046832,65.66052050561555,66.12604589022179,0.9310507692124633,"[65.6915678967561, 67.69609055850498, 65.8488265868193, 65.26769851880677]"
old_feedback_data,ARX_na3_nb1_nk2_alpha0.001,3,1,2,0.001,20,85.611014261523,68.1767721924023,65.66050199385904,66.12602566324111,0.9310473387641282,"[65.69155091740566, 67.69606628442581, 65.84879891850633, 65.26768653262664]"
old_feedback_data,ARX_na3_nb1_nk2_alpha0,3,1,2,0.0,20,85.61101426165463,68.17677007356254,65.66049993682759,66.12602341562315,0.9310469575911342,"[65.69154903063838, 67.69606358712372, 65.84879584401054, 65.26768520071997]"
old_feedback_data,ARX_na2_nb1_nk2_alpha0.1,2,1,2,0.1,19,85.60010406236154,68.15972987445616,65.65409171052985,66.11177653748547,0.9153696539112339,"[65.70578886574381, 67.65320037613158, 65.83231643631322, 65.25580047175328]"
old_feedback_data,ARX_na2_nb1_nk2_alpha0.01,2,1,2,0.01,19,85.60011289742906,68.15956690503216,65.6539225905021,66.11160176887553,0.915358356746844,"[65.70561483684507, 67.65302658723002, 65.83206525803418, 65.25570039339287]"
old_feedback_data,ARX_na2_nb1_nk2_alpha0.001,2,1,2,0.001,19,85.6001137785626,68.15955059658216,65.65390566638732,66.11158427978114,0.9153572267876572,"[65.70559742031294, 67.65300919694302, 65.83204012300992, 65.25569037885867]"
old_feedback_data,ARX_na2_nb1_nk2_alpha0,2,1,2,0.0,19,85.60011387643969,68.15954878440284,65.653903785794,66.11158233641096,0.9153571012339179,"[65.70559548498937, 67.65300726456086, 65.83203733003621, 65.25568926605739]"
old_feedback_data,ARX_na2_nb2_nk2_alpha0,2,2,2,0.0,35,85.59926052019044,68.06410052743253,65.54910834996441,66.00784911105501,0.9174815221811857,"[65.6323959291068, 67.5607070942961, 65.6657388160925, 65.17255460472467]"
old_feedback_data,ARX_na2_nb2_nk2_alpha0.001,2,2,2,0.001,35,85.5992626659678,68.06409491933923,65.54910483528157,66.00784303070354,0.91747639084394,"[65.63240693882574, 67.56069648510388, 65.66570054573832, 65.17256815314623]"
old_feedback_data,ARX_na2_nb2_nk2_alpha0.01,2,2,2,0.01,35,85.59928143091139,68.06404700573238,65.54907548374432,66.0077910414561,0.9174311154235814,"[65.63250612021838, 67.56060466362126, 65.6653634200295, 65.17268996195527]"
old_feedback_data,ARX_na2_nb2_nk2_alpha0.1,2,2,2,0.1,35,85.59942561078118,68.06378444774658,65.54897742965456,66.00750262763421,0.9170503959593049,"[65.63350566366042, 67.5599876259113, 65.66262032237844, 65.17389689858666]"
old_feedback_data,ARX_na2_nb3_nk2_alpha0.1,2,3,2,0.1,51,85.60391534947841,68.04729941910286,65.51824015349102,65.9978428005393,0.9592052940965534,"[65.58711841178993, 67.62614062582374, 65.63299082444061, 65.14512134010293]"
old_feedback_data,ARX_na2_nb3_nk2_alpha0.01,2,3,2,0.01,51,85.60376192966457,68.04672772298102,65.51735813720506,65.99723286675147,0.9597494590928145,"[65.58576070634584, 67.62633345988789, 65.63325381480523, 65.14358348596694]"
old_feedback_data,ARX_na2_nb3_nk2_alpha0.001,2,3,2,0.001,51,85.60373938771299,68.04667292742197,65.5172698656751,65.99717437778506,0.9598090242199139,"[65.58562172574642, 67.62636295319678, 65.63328888771004, 65.14342394448695]"
old_feedback_data,ARX_na2_nb3_nk2_alpha0,2,3,2,0.0,51,85.60373677268555,68.04666686186935,65.51726004620419,65.99716790286354,0.9598157133187143,"[65.58560624040754, 67.62636636278741, 65.6332928700719, 65.1434061381873]"
old_feedback_data,ARX_na3_nb2_nk2_alpha0.1,3,2,2,0.1,36,85.61923068043083,67.91063684509768,65.36658205314329,65.84298306127901,0.9528020162714557,"[65.4485426669059, 67.45566176603886, 65.49169971517517, 64.9760280969961]"
old_feedback_data,ARX_na3_nb2_nk2_alpha0.01,3,2,2,0.01,36,85.61907491945209,67.91057817316161,65.36628742068095,65.84292730782278,0.9532797742836471,"[65.44726567454107, 67.4560973251174, 65.4939233293993, 64.97442290223336]"
old_feedback_data,ARX_na3_nb2_nk2_alpha0.001,3,2,2,0.001,36,85.61905467048685,67.91059261853107,65.36627545701069,65.84294342346224,0.9533359329031151,"[65.44713815570996, 67.45617177687723, 65.49420359915261, 64.97426016210916]"
old_feedback_data,ARX_na3_nb2_nk2_alpha0,3,2,2,0.0,36,85.61905235527155,67.91059448948575,65.3662743533397,65.842945497886,0.953342289092617,"[65.4471239895796, 67.45618046608008, 65.49423548473821, 64.97424205114612]"
old_feedback_data,ARX_na3_nb3_nk2_alpha0.1,3,3,2,0.1,52,85.62602529742516,67.70130527250973,65.12637451159607,65.62812443325456,1.0034998433169715,"[65.17508486089665, 67.33261734756589, 65.26166505634492, 64.74313046821074]"
old_feedback_data,ARX_na3_nb3_nk2_alpha0.01,3,3,2,0.01,52,85.62586315521726,67.7002441437132,65.12495019537937,65.62699308420764,1.0040857776565364,"[65.17331025154714, 67.33234031253798, 65.26133758983595, 64.74098418290953]"
old_feedback_data,ARX_na3_nb3_nk2_alpha0.001,3,3,2,0.001,52,85.6258393829658,67.70013899477242,65.12480610685178,65.62688095106381,1.0041496884240713,"[65.17312883931778, 67.33232160843808, 65.26131101878383, 64.74076233771552]"
old_feedback_data,ARX_na3_nb3_nk2_alpha0,3,3,2,0.0,52,85.62583662589287,67.70012731281284,65.12479006125763,65.62686849266485,1.0041568628144468,"[65.17310862672534, 67.33231964423211, 65.26130811352495, 64.74073758617702]"
old_feedback_data,ARX_na2_nb1_nk1_alpha0.1,2,1,1,0.1,19,85.86444931368625,66.08892286918302,63.35544724092993,63.9232308372463,1.1355671926327446,"[62.57784552854786, 65.5884429246421, 64.27513474287632, 63.251500152918915]"
old_feedback_data,ARX_na2_nb1_nk1_alpha0.01,2,1,1,0.01,19,85.86445336805603,66.08895309444182,63.35544400352082,63.92325876292493,1.1356295188082162,"[62.5775879826016, 65.58850982005683, 64.27516233515078, 63.25177491389049]"
old_feedback_data,ARX_na2_nb1_nk1_alpha0.001,2,1,1,0.001,19,85.86445376957576,66.08895608106288,63.35544364282923,63.923261517242956,1.1356357488274602,"[62.57756218962703, 65.58851646787664, 64.27516504553579, 63.25180236593238]"
old_feedback_data,ARX_na2_nb1_nk1_alpha0,2,1,1,0.0,19,85.8644538141451,66.0889564125068,63.355443602337566,63.92326182284913,1.1356364410231268,"[62.57755932330983, 65.58851720605581, 64.27516534614182, 63.25180541588906]"
old_feedback_data,ARX_na12_nb1_nk1_alpha0.1,12,1,1,0.1,29,86.63909443796102,64.9369898731862,62.19488990371047,62.68883028008944,0.9878807527579436,"[61.6994151149659, 64.28290581484397, 62.70336541831978, 62.06963477222811]"
old_feedback_data,ARX_na12_nb1_nk1_alpha0.01,12,1,1,0.01,29,86.63908953200998,64.93412620803927,62.19201321938364,62.685771756249764,0.9875170737322504,"[61.69688333864576, 64.2795527817835, 62.69937457051189, 62.06727633405791]"
old_feedback_data,ARX_na12_nb1_nk1_alpha0.001,12,1,1,0.001,29,86.63908898555535,64.93383949945338,62.191725203102656,62.6854655401807,0.9874806741560933,"[61.69662988338136, 64.2792170796628, 62.69897499352335, 62.0670402041553]"
old_feedback_data,ARX_na12_nb1_nk1_alpha0,12,1,1,0.0,29,86.63908892421054,64.93380763910255,62.19169319738694,62.685431512089,0.987476629404121,"[61.696601718568104, 64.2791797749497, 62.69893059055315, 62.06701396428505]"
old_feedback_data,ARX_na8_nb1_nk1_alpha0.1,8,1,1,0.1,25,86.62765939337245,64.79985922082152,62.06762354068348,62.56063993595534,0.9860327905437181,"[61.54002186117189, 64.14238126548797, 62.58671010281711, 61.973446514344374]"
old_feedback_data,ARX_na8_nb1_nk1_alpha0.01,8,1,1,0.01,25,86.62765668463851,64.7971672185377,62.064943243845434,62.55776735015989,0.9856482126289141,"[61.53751632551552, 64.13903373187438, 62.58330293455649, 61.97121640869317]"
old_feedback_data,ARX_na8_nb1_nk1_alpha0.001,8,1,1,0.001,25,86.62765635793089,64.7968977542184,62.06467494923983,62.55747981113078,0.9856097237819073,"[61.537265533919715, 64.13869865425073, 62.582961880476915, 61.970993175875776]"
old_feedback_data,ARX_na8_nb1_nk1_alpha0,8,1,1,0.0,25,86.6276563210027,64.79686781077285,62.064645135753885,62.55744785920053,0.9856054468932932,"[61.537237665513445, 64.1386614197598, 62.58292398179158, 61.97096836973728]"
old_feedback_data,ARX_na3_nb1_nk1_alpha0.1,3,1,1,0.1,20,86.09421520319667,61.344706864670975,58.44872442499803,58.89477896633985,0.8921090826836469,"[59.15130517325164, 59.64953793406278, 57.38002320023185, 59.39824955781313]"
old_feedback_data,ARX_na3_nb1_nk1_alpha0.01,3,1,1,0.01,20,86.09421285201057,61.338065380443155,58.44110108666579,58.88780859759696,0.8934150218623382,"[59.146129989254526, 59.640394559017714, 57.37025828629714, 59.39445155581846]"
old_feedback_data,ARX_na3_nb1_nk1_alpha0.001,3,1,1,0.001,20,86.09421259405619,61.33740047300352,58.440337744781836,58.887110774409166,0.8935460592546569,"[59.145611906853276, 59.63947915029576, 57.36928067995115, 59.39407136053649]"
old_feedback_data,ARX_na3_nb1_nk1_alpha0,3,1,1,0.0,20,86.09421256513818,61.33732658587315,58.440252917694,58.887033229666805,0.8935606239456028,"[59.14555433580324, 59.639377426188986, 57.369172044502626, 59.394029112172376]"
old_feedback_data,ARX_na12_nb5_nk1_alpha0,12,5,1,0.0,93,91.15755389244848,50.2635526317676,45.74937044756861,47.170598661191825,2.8424564272464345,"[50.30720471637249, 47.25632499154354, 42.6199703907113, 48.49889454613995]"
old_feedback_data,ARX_na12_nb5_nk1_alpha0.001,12,5,1,0.001,93,91.15756037250439,50.263548358005636,45.74936813302829,47.170595113729746,2.8424539614029056,"[50.30721262744628, 47.25629895207793, 42.6199798907165, 48.49888898467829]"
old_feedback_data,ARX_na12_nb5_nk1_alpha0.01,12,5,1,0.01,93,91.15761678339062,50.26350642819784,45.74934224865924,47.17055954277085,2.8424345882232207,"[50.30728294992851, 47.25605712260025, 42.62005796100296, 48.49884013755169]"
old_feedback_data,ARX_na12_nb5_nk1_alpha0.1,12,5,1,0.1,93,91.15804326726028,50.26287119380245,45.74875435220594,47.16997516843355,2.8424416324552135,"[50.307949266921845, 47.25317027698909, 42.62033209861805, 48.498449031205205]"
old_feedback_data,ARX_na12_nb3_nk1_alpha0.1,12,3,1,0.1,61,91.15962040396643,50.31776714953799,45.73725486894476,47.25159121817068,3.0286726984518384,"[50.29555512525783, 46.91997748596177, 42.45758777646703, 49.3332444849961]"
old_feedback_data,ARX_na12_nb2_nk1_alpha0.1,12,2,1,0.1,45,91.16017676550545,50.31608713495805,45.736646788689406,47.25481956296862,3.0363455485584243,"[50.3311963263763, 46.856306303161276, 42.475742910123735, 49.356032712213164]"
old_feedback_data,ARX_na12_nb3_nk1_alpha0.01,12,3,1,0.01,61,91.159329627053,50.316767991085975,45.735578046708504,47.25073925855668,3.0303224236963424,"[50.294108499502464, 46.920167053664194, 42.45338100758958, 49.3353004734705]"
old_feedback_data,ARX_na12_nb3_nk1_alpha0.001,12,3,1,0.001,61,91.15929238751964,50.31662980045968,45.73535266465688,47.25061774442681,3.0305301595398597,"[50.29394641067127, 46.92010687146444, 42.452866435745285, 49.33555125982625]"
old_feedback_data,ARX_na12_nb3_nk1_alpha0,12,3,1,0.0,61,91.15928812850245,50.31661388115053,45.73532678026683,47.25060370323169,3.0305538459297168,"[50.29392815519107, 46.92009898658953, 42.45280792968155, 49.335579741464606]"
old_feedback_data,ARX_na12_nb2_nk1_alpha0.01,12,2,1,0.01,45,91.16008969294347,50.312782677762,45.73276257377149,47.25125760393136,3.0369900603197446,"[50.328990859552825, 46.85520036260578, 42.47034415778982, 49.35049503577702]"
old_feedback_data,ARX_na12_nb2_nk1_alpha0.001,12,2,1,0.001,45,91.16008034758687,50.31245188532749,45.732370288306534,47.25090062279984,3.037060668986611,"[50.328788916381924, 46.85510721747088, 42.46978887940841, 49.349917477938135]"
old_feedback_data,ARX_na12_nb2_nk1_alpha0,12,2,1,0.0,45,91.16007930140181,50.31241511635858,45.732326640704905,47.25086093803287,3.0370685946559415,"[50.328766702604845, 46.85509705685188, 42.46972698034271, 49.349853012332076]"
old_feedback_data,ARX_na5_nb5_nk1_alpha0,5,5,1,0.0,86,91.15809421674172,49.80847809380864,45.382423204092234,46.808902602355644,2.8529587965268264,"[49.9706142043655, 46.85729584629759, 42.25373604113233, 48.153964317627164]"
old_feedback_data,ARX_na5_nb5_nk1_alpha0.001,5,5,1,0.001,86,91.15810072816527,49.80846537273358,45.382411329097735,46.80889022563144,2.8529577930674015,"[49.97061432721037, 46.857260483822415, 42.25373450533647, 48.153951586156495]"
old_feedback_data,ARX_na5_nb5_nk1_alpha0.01,5,5,1,0.01,86,91.15815741774894,49.80834819507856,45.38230027639221,46.808775977075285,2.852951401366153,"[49.970615292699286, 46.85693533135142, 42.25371444933859, 48.15383883491185]"
old_feedback_data,ARX_na5_nb5_nk1_alpha0.1,5,5,1,0.1,86,91.15858638112478,49.80701847203311,45.38092669545243,46.80746326631414,2.853073141723416,"[49.97064180686044, 46.853258659845956, 42.25309894115862, 48.152853657391546]"
old_feedback_data,ARX_na5_nb3_nk1_alpha0.1,5,3,1,0.1,54,91.1601401262807,49.80889986670055,45.29085365561467,46.83197089236644,3.0822344735035436,"[49.90385204229305, 46.423577369988976, 41.97529054305207, 49.02516361413167]"
old_feedback_data,ARX_na5_nb3_nk1_alpha0.01,5,3,1,0.01,54,91.15984671880662,49.809161748252386,45.290451912255776,46.83245433492768,3.0840048453438107,"[49.9037886790064, 46.42542224736223, 41.972108164304466, 49.028498249037625]"
old_feedback_data,ARX_na5_nb3_nk1_alpha0.001,5,3,1,0.001,54,91.15980915158522,49.809169395501826,45.29037417297255,46.83248693282392,3.0842255197027413,"[49.90378568764441, 46.42555189002915, 41.97171477329419, 49.02889538032793]"
old_feedback_data,ARX_na5_nb3_nk1_alpha0,5,3,1,0.0,54,91.1598048552035,49.80916997202449,45.290364993346365,46.83249031877404,3.084250650855348,"[49.90378541267857, 46.425565452656315, 41.97167001876822, 49.02894039099306]"
old_feedback_data,ARX_na5_nb2_nk1_alpha0.1,5,2,1,0.1,38,91.16067491825429,49.76757886186252,45.24390831865338,46.79287349960007,3.0979303618933804,"[49.912299124793705, 46.29696997452684, 41.947663747042654, 49.014561152037096]"
old_feedback_data,ARX_na5_nb2_nk1_alpha0.01,5,2,1,0.01,38,91.16058618996274,49.765513614125666,45.241515739010815,46.79061984409201,3.098208210162383,"[49.91118496930097, 46.29752891570753, 41.94398727862616, 49.00977821273334]"
old_feedback_data,ARX_na5_nb2_nk1_alpha0.001,5,2,1,0.001,38,91.16057666305099,49.76532007727723,45.2412878721445,46.79040751319687,3.0982392821047404,"[49.911104714736446, 46.29761869188387, 41.94362134836648, 49.00928529780067]"
old_feedback_data,ARX_na5_nb2_nk1_alpha0,5,2,1,0.0,38,91.16057559648334,49.76529872585201,45.24126268427609,46.790384073564546,3.0982427785769184,"[49.911096178274505, 46.297629060778256, 41.943580703300576, 49.009230351904854]"
old_feedback_data,ARX_na8_nb5_nk1_alpha0.1,8,5,1,0.1,89,91.15883160318582,49.665472932380794,45.19815232065586,46.60748154617964,2.8186584510475634,"[49.78421597577587, 46.677427969330274, 42.11949983017175, 47.84878240944067]"
old_feedback_data,ARX_na8_nb5_nk1_alpha0.01,8,5,1,0.01,89,91.15840308101329,49.66541324908216,45.19801427423608,46.60732780293696,2.8186270574017516,"[49.78294901887658, 46.67938583445211, 42.118600638601464, 47.84837571981768]"
old_feedback_data,ARX_na8_nb5_nk1_alpha0.001,8,5,1,0.001,89,91.15834650089198,49.665365897339285,45.19794652425613,46.607268598261726,2.818644148011187,"[49.78280104102394, 46.67950699577429, 42.1184410377059, 47.84832531854277]"
old_feedback_data,ARX_na8_nb5_nk1_alpha0,8,5,1,0.0,89,91.15834000270199,49.66535995650193,45.19793812131833,46.60726130339998,2.818646364163307,"[49.78278424122862, 46.67951921426905, 42.11842219278279, 47.84831956531945]"
old_feedback_data,ARX_na8_nb3_nk1_alpha0.1,8,3,1,0.1,57,91.16038817707972,49.61343738055055,45.051114494121265,46.576554610402184,3.050880232561836,"[49.66300940189058, 46.176936395198645, 41.7736538839396, 48.6926187605799]"
old_feedback_data,ARX_na8_nb3_nk1_alpha0.01,8,3,1,0.01,57,91.16009455841164,49.61200590099148,45.04884379685995,46.57527598727969,3.052864380839483,"[49.66140856603677, 46.176646761812655, 41.7684716817277, 48.69457693954163]"
old_feedback_data,ARX_na8_nb3_nk1_alpha0.001,8,3,1,0.001,57,91.16005699333788,49.61181862986264,45.048550845423485,46.575105939636046,3.0531101884251224,"[49.66122859729833, 46.176530159321935, 41.767847444627826, 48.694817557296076]"
old_feedback_data,ARX_na8_nb3_nk1_alpha0,8,3,1,0.0,57,91.1600526975586,49.611797177235076,45.04851734246395,46.5750864254547,3.0531381659814913,"[49.66120832373498, 46.17651587504087, 41.76777659809671, 48.694844904946244]"
old_feedback_data,ARX_na8_nb2_nk1_alpha0.1,8,2,1,0.1,41,91.16094845413853,49.59526888407155,45.0296971861647,46.56225628710624,3.065118201883087,"[49.69627444211242, 46.07312844294916, 41.77421160605772, 48.70541065730567]"
old_feedback_data,ARX_na8_nb2_nk1_alpha0.01,8,2,1,0.01,41,91.16085934345662,49.59268836296869,45.02670885034236,46.55945928593935,3.0655008711939757,"[49.694738200579835, 46.073001739877725, 41.76990500959384, 48.700192193705995]"
old_feedback_data,ARX_na8_nb2_nk1_alpha0.001,8,2,1,0.001,41,91.16084977918769,49.592443687350475,45.02642178425318,46.55919306057388,3.0655425526413973,"[49.69461629777421, 46.07302381432462, 41.76947647018445, 48.69965566001224]"
old_feedback_data,ARX_na8_nb2_nk1_alpha0,8,2,1,0.0,41,91.1608487084854,49.59241665906426,45.026390023863975,46.559163638526755,3.0655472293255617,"[49.69460314092652, 46.073026671948234, 41.76942887420042, 48.69959586703184]"
old_feedback_data,ARX_na2_nb5_nk1_alpha0,2,5,1,0.0,83,91.15758082828064,49.456971865667576,45.01747625109902,46.43991340588782,2.844874309577608,"[49.59371190047644, 46.445754076794984, 41.90754403836024, 47.81264360791961]"
old_feedback_data,ARX_na2_nb5_nk1_alpha0.001,2,5,1,0.001,83,91.15758738747117,49.45695343526354,45.01745794540127,46.439895136229325,2.844874381656106,"[49.593707724021044, 46.44571232816149, 41.90753531542066, 47.812625177314104]"
old_feedback_data,ARX_na2_nb5_nk1_alpha0.01,2,5,1,0.01,83,91.15764450128239,49.45678752697064,45.01729193514672,46.439730604408,2.8448773385225556,"[49.5936719371815, 46.44533268704667, 41.90745371684934, 47.812464076554484]"
old_feedback_data,ARX_na2_nb5_nk1_alpha0.1,2,5,1,0.1,83,91.15807718692737,49.45517212196875,45.01559077742541,46.438124198576226,2.8450668423016348,"[49.59347908963247, 46.44133867357336, 41.906461973024754, 47.811217058074305]"
old_feedback_data,ARX_na3_nb5_nk1_alpha0,3,5,1,0.0,84,91.15761946692864,49.409491873401414,44.96456220256555,46.39039250122001,2.8516605973089226,"[49.56430683352069, 46.3870366479154, 41.85317248791951, 47.75705403552448]"
old_feedback_data,ARX_na3_nb5_nk1_alpha0.001,3,5,1,0.001,84,91.15762602130091,49.40946734284171,44.96453705994312,46.39036786979377,2.8516616197013054,"[49.56429879716397, 46.38698747617956, 41.8531566558819, 47.757028549949666]"
old_feedback_data,ARX_na3_nb5_nk1_alpha0.01,3,5,1,0.01,84,91.15768309301906,49.40924693548334,44.96430997225622,46.39014650103162,2.85167305755081,"[49.56422851347163, 46.3865415034275, 41.85301156587943, 47.75680442134792]"
old_feedback_data,ARX_na3_nb5_nk1_alpha0.1,3,5,1,0.1,84,91.15811546102903,49.40712031803597,44.96203621099882,46.388006903684065,2.8519413853704925,"[49.56371103675205, 46.381924324995296, 41.85142593516734, 47.754966317821555]"
old_feedback_data,ARX_na2_nb3_nk1_alpha0.1,2,3,1,0.1,51,91.15878622734158,48.891973614019754,44.30286872252485,45.87298407394873,3.1402307028477647,"[49.02460282788647, 45.30404802768063, 40.98632065600978, 48.176964784218036]"
old_feedback_data,ARX_na2_nb3_nk1_alpha0.01,2,3,1,0.01,51,91.15849177343608,48.89003689811149,44.29992834629382,45.871213903725355,3.142571114863075,"[49.02279183196691, 45.30331582758238, 40.98004345686038, 48.17870449849176]"
old_feedback_data,ARX_na2_nb3_nk1_alpha0.001,2,3,1,0.001,51,91.15845412699218,48.88979895153037,44.29956519971184,45.87099494531475,3.142859491205814,"[49.022595051005126, 45.30315661420063, 40.97929968256925, 48.17892843348399]"
old_feedback_data,ARX_na2_nb3_nk1_alpha0,2,3,1,0.0,51,91.15844982226385,48.88977187258735,44.29952385999261,45.87097000608304,3.1428922921808553,"[49.02257296946032, 45.303137631231074, 40.979215424663096, 48.17895399897767]"
old_feedback_data,ARX_na3_nb3_nk1_alpha0.1,3,3,1,0.1,52,91.15879323780348,48.833384743272234,44.24014184258616,45.81166112187587,3.1430385585794225,"[48.97045272996282, 45.23131959233474, 40.925506669557656, 48.11936549564827]"
old_feedback_data,ARX_na3_nb3_nk1_alpha0.01,3,3,1,0.01,52,91.15849871833595,48.8328491227239,44.23871792481524,45.81135915347335,3.145282457316219,"[48.96992158759576, 45.23228804858269, 40.92074698260893, 48.122479995106005]"
old_feedback_data,ARX_na3_nb3_nk1_alpha0.001,3,3,1,0.001,52,91.1584610659013,48.8327597842262,44.23851587754355,45.81129591734082,3.1455600795945466,"[48.969860189643754, 45.23230847056953, 40.920165405290476, 48.12284960385953]"
old_feedback_data,ARX_na3_nb3_nk1_alpha0,3,3,1,0.0,52,91.1584567605169,48.83274933869585,44.238492572985585,45.81128840771215,3.1455916694531276,"[48.969853256092975, 45.23230958339967, 40.92009931946544, 48.122891471890505]"
old_feedback_data,ARX_na3_nb2_nk1_alpha0.1,3,2,1,0.1,36,91.15928158319694,48.811375577735205,44.208363222482255,45.79211973657229,3.1675130281800667,"[48.99224946908358, 45.11977061712108, 40.905741743551715, 48.15071711653277]"
old_feedback_data,ARX_na3_nb2_nk1_alpha0.01,3,2,1,0.01,36,91.15919270479398,48.809288450684754,44.20604953597875,45.789833486959665,3.167567901961827,"[48.99117193302946, 45.12023049607158, 40.90235234578141, 48.14557917295623]"
old_feedback_data,ARX_na3_nb2_nk1_alpha0.001,3,2,1,0.001,36,91.15918316690515,48.80909596274945,44.20583356352892,45.789621238623,3.167575350188161,"[48.9910994879123, 45.12031453777355, 40.90201965050414, 48.14505127830198]"
old_feedback_data,ARX_na3_nb2_nk1_alpha0,3,2,1,0.0,36,91.15918209918107,48.80907476780136,44.205809747012275,45.78959784926455,3.167576204504562,"[48.99109186925794, 45.12032431983383, 40.90198275642942, 48.14499245153701]"
old_feedback_data,ARX_na2_nb2_nk1_alpha0,2,2,1,0.0,35,91.15815153830479,48.738638041252344,44.12881894680656,45.72073086741081,3.1838238412084987,"[48.980870230384774, 45.0413962959371, 40.81600583834032, 48.044651104981014]"
old_feedback_data,ARX_na2_nb2_nk1_alpha0.001,2,2,1,0.001,35,91.15815261858906,48.738575488787504,44.12875307918248,45.720666594089224,3.183827029813488,"[48.98079813483782, 45.04128285298231, 40.81595536290721, 48.04463002562955]"
old_feedback_data,ARX_na2_nb2_nk1_alpha0.01,2,2,1,0.01,35,91.1581622699332,48.738014538704775,44.12816219071085,45.720090180726075,3.183855980030445,"[48.980153435532735, 45.04026622498428, 40.8155020260091, 48.044439036378215]"
old_feedback_data,ARX_na2_nb2_nk1_alpha0.1,2,2,1,0.1,35,91.15825232406183,48.73259329392204,44.12243393822591,45.714517062554016,3.184166248656214,"[48.9740851244161, 45.03051317019789, 40.811057439217535, 48.04241251638452]"
old_feedback_data,ARX_na5_nb1_nk1_alpha0.1,5,1,1,0.1,22,86.46524163353223,47.10802423390948,41.57665680244774,44.206169684337816,5.259025763780158,"[47.61058794404873, 40.57061262645346, 37.77210716414016, 50.87137100270891]"
old_feedback_data,ARX_na5_nb1_nk1_alpha0.01,5,1,1,0.01,22,86.46524966607971,47.082420794971526,41.54727312184822,44.180052527419036,5.265558811141627,"[47.58589659623805, 40.53147047699556, 37.74539174744055, 50.857451289001986]"
old_feedback_data,ARX_na5_nb1_nk1_alpha0.001,5,1,1,0.001,22,86.46525042356065,47.079855236063764,41.544328724274735,44.17743550487893,5.26621356120839,"[47.583421893488364, 40.52754760079025, 37.74271591393592, 50.85605661130121]"
old_feedback_data,ARX_na5_nb1_nk1_alpha0,5,1,1,0.0,22,86.46525050721102,47.07957011531181,41.54400150117588,44.177144664911886,5.266286327472012,"[47.58314686390148, 40.52711162823906, 37.74241855085473, 50.85590161665227]"
old_feedback_data,ARX_na2_nb5_nk3_alpha0.1,2,5,3,0.1,83,81.0180114603304,-120.19328736884019,-137.8324511326066,-134.5622999452279,6.540302374757407,"[-139.5520076228052, -123.31075609905353, -137.7285937400951, -137.6578423189577]"
old_feedback_data,ARX_na2_nb5_nk3_alpha0.01,2,5,3,0.01,83,81.01767334860635,-120.21931229826252,-137.86119044606446,-134.58981063350257,6.542759625123788,"[-139.58921938999572, -123.33502393074127, -137.74601086860378, -137.68898834466953]"
old_feedback_data,ARX_na2_nb5_nk3_alpha0.001,2,5,3,0.001,83,81.01763219201669,-120.22193916840043,-137.86409123918452,-134.5925886329068,6.54300521255544,"[-139.59288825023032, -123.33746782716051, -137.74769563113313, -137.69230282310323]"
old_feedback_data,ARX_na2_nb5_nk3_alpha0,2,5,3,0.0,83,81.01762751099112,-120.2222326724283,-137.86441567643175,-134.59289906719488,6.543033218473714,"[-139.59329688007364, -123.33773974193409, -137.747886704467, -137.69267294230488]"
old_feedback_data,ARX_na12_nb2_nk3_alpha0,12,2,3,0.0,45,81.14841124637448,-124.27742340693051,-141.34155531583932,-138.63783283783593,5.407444956006745,"[-143.26882097284746, -129.56068990367328, -139.58868333034508, -142.13313714447787]"
old_feedback_data,ARX_na12_nb2_nk3_alpha0.001,12,2,3,0.001,45,81.14841553645758,-124.30290478915786,-141.35635062929347,-138.66444464286212,5.383811972862714,"[-143.29385093614516, -129.63064073173229, -139.60146549681662, -142.13182140675448]"
old_feedback_data,ARX_na12_nb2_nk3_alpha0.01,12,2,3,0.01,45,81.14845333048105,-124.46631708080163,-141.5860455592954,-138.83888233080546,5.494326456979892,"[-143.93285745800236, -129.70362082624342, -139.59799674092127, -142.12105429805484]"
old_feedback_data,ARX_na12_nb2_nk3_alpha0.1,12,2,3,0.1,45,81.14876572603842,-124.5196760444328,-141.73547782588633,-138.88574537033566,5.699464911101374,"[-144.20002050023396, -129.3500707530483, -140.03340728704603, -141.95948294101436]"
old_feedback_data,ARX_na8_nb2_nk3_alpha0.01,8,2,3,0.01,41,81.08264376070915,-124.8515150400387,-142.70400528678522,-139.3566417486499,6.694727076270617,"[-148.41151645384798, -129.85546033688985, -137.7204022549467, -141.43918794891505]"
old_feedback_data,ARX_na8_nb2_nk3_alpha0,8,2,3,0.0,41,81.08259891785713,-124.86849377549495,-142.72659094659107,-139.3753361642909,6.702509564600343,"[-148.40651185167957, -129.84899712565237, -137.71783585920514, -141.52799982062655]"
old_feedback_data,ARX_na8_nb2_nk3_alpha0.001,8,2,3,0.001,41,81.0826034910178,-124.87202884253254,-142.7308081900184,-139.37911415438452,6.703388071267735,"[-148.40643306053684, -129.84964560454446, -137.71808124809638, -141.54229670436044]"
old_feedback_data,ARX_na8_nb2_nk3_alpha0.1,8,2,3,0.1,41,81.0829751686857,-124.91265137529979,-142.75546008206416,-139.4203901497573,6.6701398646136925,"[-148.49087811303917, -129.98715560236914, -137.78000539066647, -141.42352149295445]"
old_feedback_data,ARX_na2_nb2_nk3_alpha0.1,2,2,3,0.1,35,80.40535240709318,-127.14401237067032,-144.79528481517045,-141.8297970104394,5.930975609462105,"[-148.26816838403855, -132.4597528410179, -141.40378505978185, -145.18748175691925]"
old_feedback_data,ARX_na2_nb2_nk3_alpha0.01,2,2,3,0.01,35,80.4051771979467,-127.15285257919926,-144.7991703402038,-141.83940078867855,5.919539103050536,"[-148.2210709273478, -132.4753310142348, -141.41946187834515, -145.24173933478644]"
old_feedback_data,ARX_na2_nb2_nk3_alpha0.001,2,2,3,0.001,35,80.40515435508321,-127.15456432200813,-144.80043159772254,-141.8412178657267,5.918427463991667,"[-148.2198786602779, -132.47854264174273, -141.4211630198859, -145.2452871410002]"
old_feedback_data,ARX_na2_nb2_nk3_alpha0,2,2,3,0.0,35,80.40515174265653,-127.15477483667921,-144.8005789803275,-141.84144067893573,5.918276602783507,"[-148.2197508473487, -132.47897316504188, -141.42135360262, -145.24568510073232]"
old_feedback_data,ARX_na5_nb2_nk3_alpha0.1,5,2,3,0.1,38,80.61974728522094,-127.46969506000036,-145.53135772930878,-142.17974589209803,6.703223674421529,"[-147.87030567039827, -130.86209224132426, -143.6839068953102, -146.30267876135937]"
old_feedback_data,ARX_na5_nb2_nk3_alpha0.01,5,2,3,0.01,38,80.61953445458171,-127.51836699032025,-145.58422517932993,-142.2298761558539,6.708698046952045,"[-147.90493801558756, -130.95315943241584, -143.45485744004293, -146.6065497353693]"
old_feedback_data,ARX_na5_nb2_nk3_alpha0.001,5,2,3,0.001,38,80.61950754256351,-127.53058362073229,-145.6068908611044,-142.24303744243423,6.727706837340363,"[-147.93048297961556, -130.9385389365163, -143.44941038839195, -146.65371746521322]"
old_feedback_data,ARX_na5_nb2_nk3_alpha0,5,2,3,0.0,38,80.61950447348836,-127.5302422816274,-145.60904120388594,-142.24274037242205,6.732601662927788,"[-147.9335378932844, -130.9302700601799, -143.44843859163788, -146.65871494458602]"
old_feedback_data,ARX_na2_nb1_nk3_alpha0.1,2,1,3,0.1,19,80.34237879440542,-128.05302244617334,-146.08209078189404,-142.7650213899763,6.63413878383545,"[-149.73367308314153, -132.14933531640423, -146.606193468105, -142.57088369225443]"
old_feedback_data,ARX_na2_nb1_nk3_alpha0,2,1,3,0.0,19,80.34237547845815,-128.2084220857898,-146.25599044599363,-142.9309569494392,6.65006699310887,"[-149.75255400595685, -132.29913344348557, -147.07937062105626, -142.59276972725817]"
old_feedback_data,ARX_na2_nb1_nk3_alpha0.001,2,1,3,0.001,19,80.34237551815728,-128.208226324118,-146.25606620312027,-142.93076292014578,6.650606565948968,"[-149.75235279707087, -132.29789961592667, -147.08000139393195, -142.59279787365355]"
old_feedback_data,ARX_na2_nb1_nk3_alpha0.01,2,1,3,0.01,19,80.34237586950232,-128.20699786936888,-146.25754878071297,-142.92960352511926,6.65589051118739,"[-149.75054712718963, -132.28627850806407, -147.08718857750628, -142.59439988771697]"
old_feedback_data,ARX_na3_nb5_nk3_alpha0,3,5,3,0.0,84,81.1024907615538,-129.90739481489166,-147.54885224617922,-144.8541477292318,5.389409033894794,"[-150.69011480170536, -136.05812088517771, -145.90212316213064, -146.76623206791356]"
old_feedback_data,ARX_na3_nb5_nk3_alpha0.001,3,5,3,0.001,84,81.1024953949112,-129.90780126854844,-147.54945096773324,-144.8545989463742,5.389704042718046,"[-150.68976647085304, -136.05769762372498, -145.90242300254857, -146.76850868837016]"
old_feedback_data,ARX_na3_nb5_nk3_alpha0.01,3,5,3,0.01,84,81.10253629719705,-129.91387120447672,-147.55792833236123,-144.86127128580176,5.393314093118916,"[-150.6867621859666, -136.0539897336374, -145.9042507073248, -146.8000825162783]"
old_feedback_data,ARX_na3_nb5_nk3_alpha0.1,3,5,3,0.1,84,81.10288377490639,-129.94052118804268,-147.59755538001846,-144.89101759037135,5.413075579294239,"[-150.66903646249082, -136.02829520320344, -145.9261707565359, -146.94056793925526]"
old_feedback_data,ARX_na2_nb3_nk3_alpha0.1,2,3,3,0.1,51,80.45067605939961,-129.98520216811832,-148.2289787821365,-144.80185877323677,6.854240017799455,"[-152.87853646775585, -133.94871974048073, -146.91282959606778, -145.46734928864268]"
old_feedback_data,ARX_na2_nb3_nk3_alpha0.01,2,3,3,0.01,51,80.45047120680985,-129.98580987705873,-148.2350890470152,-144.80179131719692,6.866595459636576,"[-152.89346370257925, -133.92475654988294, -146.87871066266402, -145.5102343536614]"
old_feedback_data,ARX_na2_nb3_nk3_alpha0.001,2,3,3,0.001,51,80.45044638416718,-129.99171312078005,-148.24344123261972,-144.80817666361042,6.870529138018602,"[-152.89535686314005, -133.92042899038455, -146.89750338989694, -145.51941741102016]"
old_feedback_data,ARX_na2_nb3_nk3_alpha0,2,3,3,0.0,51,80.45044356421319,-129.9925826280106,-148.2445685707506,-144.8091153436697,6.870906454161804,"[-152.8955719608808, -133.9201910876943, -146.89993508946054, -145.52076323664323]"
old_feedback_data,ARX_na8_nb1_nk3_alpha0.1,8,1,3,0.1,25,81.08324541185614,-132.00576548261193,-149.69614210554155,-146.90817066550494,5.575942880073225,"[-155.26278867140374, -139.5635660499734, -146.16690828253707, -146.63941965810557]"
old_feedback_data,ARX_na8_nb1_nk3_alpha0.01,8,1,3,0.01,25,81.08319764314955,-132.02333531631047,-149.72857200834554,-146.926948433504,5.603247149683043,"[-155.33915379271485, -139.5690574089957, -146.14882733500997, -146.65075519729558]"
old_feedback_data,ARX_na8_nb1_nk3_alpha0.001,8,1,3,0.001,25,81.08319280667588,-132.0274793859086,-149.73549681200217,-146.93137380119214,5.6082460216200705,"[-155.35344311560402, -139.56997517721734, -146.15029819048263, -146.6517787214645]"
old_feedback_data,ARX_na8_nb1_nk3_alpha0,8,1,3,0.0,25,81.08319226862066,-132.0280739767927,-149.73651086502582,-146.93200704629706,5.609007637457546,"[-155.3555835290938, -139.5700804063393, -146.150471235423, -146.65189301433213]"
old_feedback_data,ARX_na12_nb1_nk3_alpha0.1,12,1,3,0.1,29,81.14674593899122,-131.90551799746945,-149.9499572190835,-146.702012445367,6.495889547433033,"[-157.10876851546308, -139.2065097334929, -145.42734596315822, -145.06542556935372]"
old_feedback_data,ARX_na12_nb1_nk3_alpha0.01,12,1,3,0.01,29,81.14669811718454,-131.96764935232346,-150.00999075940416,-146.77026265387616,6.479456211056024,"[-157.1076772686687, -139.2206145151524, -145.6831873889795, -145.0695714427041]"
old_feedback_data,ARX_na12_nb1_nk3_alpha0.001,12,1,3,0.001,29,81.14669327527936,-131.96891652284557,-150.01098966315837,-146.77163017907392,6.4787189681688755,"[-157.10720551527794, -139.22177694148448, -145.68753492223823, -145.07000333729502]"
old_feedback_data,ARX_na12_nb1_nk3_alpha0,12,1,3,0.0,29,81.14669273661926,-131.96966616933915,-150.0117177362699,-146.772454946568,6.478525579403806,"[-157.10715722519944, -139.2219094926187, -145.69070078371524, -145.07005228473858]"
old_feedback_data,ARX_na5_nb5_nk3_alpha0.01,5,5,3,0.01,86,81.10483602724932,-132.95309201484008,-151.56018258145315,-148.01301925983034,7.094326643245599,"[-156.26837062463846, -136.72605491119407, -150.29568723812056, -148.7619642653683]"
old_feedback_data,ARX_na5_nb5_nk3_alpha0.001,5,5,3,0.001,86,81.1047947848848,-132.98694761475005,-151.6044615740183,-148.05041461670362,7.108093914629337,"[-156.2682684890128, -136.70417343029672, -150.2988163840945, -148.9304001634104]"
old_feedback_data,ARX_na5_nb5_nk3_alpha0,5,5,3,0.0,86,81.10479011381653,-132.9916836369323,-151.60958452958656,-148.05556912877856,7.108030801615972,"[-156.2682152490422, -136.70601008064486, -150.3008746396256, -148.9471765458015]"
old_feedback_data,ARX_na5_nb5_nk3_alpha0.1,5,5,3,0.1,86,81.1051873393167,-133.14709288184102,-151.6692196738066,-148.2196345878541,6.899170171905002,"[-156.2593211603191, -137.22666410760957, -150.22129709402634, -149.17125598946149]"
old_feedback_data,ARX_na5_nb1_nk3_alpha0,5,1,3,0.0,22,80.616973273696,-134.79352142884764,-153.22919699381777,-149.92858985509056,6.601214277454398,"[-157.96664732895715, -139.60760593563054, -150.53846764235433, -151.6016385134202]"
old_feedback_data,ARX_na5_nb1_nk3_alpha0.001,5,1,3,0.001,22,80.61697347018118,-134.80713201341513,-153.2422596373808,-149.94343387871726,6.597651517327101,"[-157.9607390768248, -139.6155826101933, -150.59620510286322, -151.60120872498766]"
old_feedback_data,ARX_na5_nb1_nk3_alpha0.1,5,1,3,0.1,22,80.61699224815594,-134.8269816697993,-153.25589746310763,-149.96643526652838,6.578924393158478,"[-157.87183867431355, -139.60586069007616, -150.82109769805007, -151.56694400367368]"
old_feedback_data,ARX_na5_nb1_nk3_alpha0.01,5,1,3,0.01,22,80.61697523241756,-134.85210355608424,-153.2891510178335,-149.99262986261613,6.593042310434712,"[-157.94652824990294, -139.62988138478153, -150.79674710181075, -151.5973627139693]"
old_feedback_data,ARX_na3_nb1_nk3_alpha0.1,3,1,3,0.1,20,80.45597539487676,-136.91839224797016,-155.05683201799746,-152.17342269727794,5.766818641439034,"[-159.52687361812764, -143.3500177626434, -152.81172632159885, -153.0050730867418]"
old_feedback_data,ARX_na3_nb1_nk3_alpha0,3,1,3,0.0,20,80.45595164112275,-136.92568157324425,-155.0653420713247,-152.18223840512104,5.766207332407314,"[-159.53007000739916, -143.3592620522933, -152.7287335634127, -153.11088799737894]"
old_feedback_data,ARX_na3_nb1_nk3_alpha0.001,3,1,3,0.001,20,80.45595188535528,-136.92577952652556,-155.06545684721436,-152.18233522245717,5.766243249514364,"[-159.53000248472554, -143.35914656255616, -152.72932010044195, -153.110871742105]"
old_feedback_data,ARX_na3_nb1_nk3_alpha0.01,3,1,3,0.01,20,80.4559540773592,-136.92679427222788,-155.06665510959326,-152.18335294797956,5.766604323227413,"[-159.52944786589228, -143.35810117548883, -152.73482264128222, -153.1110401092549]"
old_feedback_data,ARX_na3_nb2_nk3_alpha0,3,2,3,0.0,36,80.46827973317559,-140.13457305257097,-159.02964119099937,-155.6148278197678,6.829626742463115,"[-164.91186024872073, -145.6741107998143, -155.18988568073308, -156.68345454980317]"
old_feedback_data,ARX_na3_nb2_nk3_alpha0.001,3,2,3,0.001,36,80.46828259100751,-140.13464364659166,-159.02972428789386,-155.6149032128858,6.829642150016119,"[-164.91189180015894, -145.67413901217841, -155.1897855367153, -156.68379650249054]"
old_feedback_data,ARX_na3_nb2_nk3_alpha0.01,3,2,3,0.01,36,80.46830766266359,-140.1353150325259,-159.0305100919993,-155.6156207670668,6.829778649865024,"[-164.91217620375903, -145.67441052431622, -155.18891157651046, -156.68698476368147]"
old_feedback_data,ARX_na3_nb2_nk3_alpha0.1,3,2,3,0.1,36,80.4685068198986,-140.1428875319312,-159.03991842559233,-155.62380030273073,6.832236245723226,"[-164.91505631601098, -145.67391047748993, -155.18723099600663, -156.71900342141532]"
old_feedback_data,ARX_na12_nb5_nk3_alpha0,12,5,3,0.0,93,81.21907052686856,-141.42624354806213,-160.145994006598,-156.8058790264231,6.680229960349771,"[-167.28035415928812, -148.9021631226732, -156.7481258594019, -154.29287296432918]"
old_feedback_data,ARX_na12_nb5_nk3_alpha0.001,12,5,3,0.001,93,81.21907495837162,-141.4269934498277,-160.146792433603,-156.80670301058075,6.680178846044525,"[-167.28055730502928, -148.90227767323333, -156.75011950687175, -154.29385755718866]"
old_feedback_data,ARX_na12_nb5_nk3_alpha0.01,12,5,3,0.01,93,81.21911418167717,-141.43569227763436,-160.1537182181802,-156.8159087626648,6.6756189110307655,"[-167.2824457986359, -148.91984728268034, -156.76673220245857, -154.29460976688438]"
old_feedback_data,ARX_na12_nb5_nk3_alpha0.1,12,5,3,0.1,93,81.21945464693911,-141.48865150021655,-160.20308988230647,-156.87340211012486,6.659375544363216,"[-167.2962584214298, -148.96335884330165, -156.84729995999453, -154.3866912157735]"
old_feedback_data,ARX_na8_nb5_nk3_alpha0,8,5,3,0.0,89,81.13805389669643,-141.74485557635643,-160.38872125003095,-157.20349329398903,6.370455912083833,"[-166.82227223009804, -148.96582579259837, -157.21899197554617, -155.80688317771347]"
old_feedback_data,ARX_na8_nb5_nk3_alpha0.001,8,5,3,0.001,89,81.13805861898523,-141.74527293843622,-160.38917706998018,-157.20395013040263,6.370453879155074,"[-166.82238761243227, -148.96598864563833, -157.22065077694452, -155.80677348659546]"
old_feedback_data,ARX_na8_nb5_nk3_alpha0.01,8,5,3,0.01,89,81.13810034304197,-141.7535161619506,-160.3976841667644,-157.21300129336103,6.36936574680673,"[-166.82341350312618, -148.967451393919, -157.23581460557145, -155.82532567082748]"
old_feedback_data,ARX_na8_nb5_nk3_alpha0.1,8,5,3,0.1,89,81.13845740198605,-141.7710090770391,-160.41839665913062,-157.23235355540842,6.3720862074443705,"[-166.83346272009646, -148.9676609159225, -157.28334080119328, -155.84494978442146]"
old_feedback_data,ARX_na3_nb3_nk3_alpha0.1,3,3,3,0.1,52,80.50294624303119,-142.56987320205724,-160.6581436122229,-158.13849943028143,5.0392883638829105,"[-164.57488711543937, -150.4570310077048, -159.19147694621603, -158.3306026517655]"
old_feedback_data,ARX_na3_nb3_nk3_alpha0.01,3,3,3,0.01,52,80.50271693883316,-142.60702792645495,-160.69704214086323,-158.17870793772317,5.036668406280104,"[-164.57535728458822, -150.469501977719, -159.19674079327604, -158.47323169530944]"
old_feedback_data,ARX_na3_nb3_nk3_alpha0.001,3,3,3,0.001,52,80.50269028810747,-142.6099556633551,-160.69999286125014,-158.18186079975072,5.036264122998836,"[-164.5754452882701, -150.47109367395785, -159.1971648434269, -158.48373939334803]"
old_feedback_data,ARX_na3_nb3_nk3_alpha0,3,3,3,0.0,52,80.50268727481243,-142.61012590656685,-160.7003062346465,-158.1820556878117,5.03650109366961,"[-164.57545582777033, -150.4705398611378, -159.1972152650133, -158.48501179732537]"
old_feedback_data,ARX_na8_nb3_nk3_alpha0.1,8,3,3,0.1,57,81.12977527297848,-153.32713928445907,-171.92716933475086,-169.52500538104184,4.804327907418042,"[-172.42249123242743, -162.37646612680598, -175.0996987443369, -168.20136542059694]"
old_feedback_data,ARX_na8_nb3_nk3_alpha0.01,8,3,3,0.01,57,81.12946018611173,-153.33046929329504,-171.92991594600505,-169.5283262447348,4.803179402540466,"[-172.4044948638941, -162.38311759312217, -175.11562959413592, -168.210062927787]"
old_feedback_data,ARX_na8_nb3_nk3_alpha0.001,8,3,3,0.001,57,81.129423028372,-153.33139843497213,-171.9307855286196,-169.52931202901104,4.802946999217118,"[-172.402741530956, -162.38379879438898, -175.11737455800835, -168.21333323269084]"
old_feedback_data,ARX_na8_nb3_nk3_alpha0,8,3,3,0.0,57,81.12941881840321,-153.3314403306821,-171.9308242948803,-169.52935403424473,4.802940521271104,"[-172.40254717107538, -162.38387474517438, -175.11757062117647, -168.21342359955273]"
old_feedback_data,ARX_na12_nb3_nk3_alpha0.1,12,3,3,0.1,61,81.20038289564204,-154.21293648980324,-172.84067642374166,-170.48251413097694,4.716324585529426,"[-174.40480512060654, -163.98781863740152, -175.51710281958614, -168.02032994631344]"
old_feedback_data,ARX_na12_nb3_nk3_alpha0,12,3,3,0.0,61,81.2000428270303,-154.2580606207266,-172.88423343477055,-170.53231244470496,4.703841980131202,"[-174.39249517367205, -163.98673912478347, -175.55965937878395, -168.19035610158042]"
old_feedback_data,ARX_na12_nb3_nk3_alpha0.001,12,3,3,0.001,61,81.20004678513459,-154.2582871004591,-172.88442227183023,-170.53256091878865,4.703722706083163,"[-174.39262060577124, -163.98678854636483, -175.55959329760364, -168.19124122541487]"
old_feedback_data,ARX_na12_nb3_nk3_alpha0.01,12,3,3,0.01,61,81.20008178174997,-154.26035723729666,-172.88611370816255,-170.53483477364097,4.7025578690431935,"[-174.39374681491154, -163.98718084755978, -175.55878188098995, -168.19962955110256]"
old_feedback_data,ARX_na5_nb3_nk3_alpha0,5,3,3,0.0,54,80.69614416084659,-157.8010257668942,-177.052858016949,-174.48364627923672,5.1384234754245055,"[-179.32506690502322, -165.8546435454095, -176.89784692310462, -175.8570277434096]"
old_feedback_data,ARX_na5_nb3_nk3_alpha0.001,5,3,3,0.001,54,80.6961467849332,-157.8011451238978,-177.0530172345443,-174.48377379951813,5.138486870052344,"[-179.32527891046738, -165.85468480224046, -176.89811580969211, -175.85701567567256]"
old_feedback_data,ARX_na5_nb3_nk3_alpha0.01,5,3,3,0.01,54,80.69616993423254,-157.80223735794556,-177.05435927399793,-174.48493199126278,5.138854565470311,"[-179.32718491211412, -165.8555987702942, -176.9016887276635, -175.85525555497924]"
old_feedback_data,ARX_na5_nb3_nk3_alpha0.1,5,3,3,0.1,54,80.69636549839952,-157.878060882221,-177.08509306409937,-174.56282547682176,5.044535174555198,"[-179.34625511418804, -166.10636478553494, -176.96979495847648, -175.8288870490875]"
