model,na,nb,nk,alpha,physical_memory_seconds,input_delay_seconds,input_memory_seconds,n_params,val_FIT_1step,val_FIT_sim,val_block_FIT_sim,val_block_mean_FIT_sim,val_block_std_FIT_sim,val_robust_score
ARX_na18_nb3_nk3_alpha0.01,18,3,3,0.01,360,60,60,70,97.41341340542388,82.49278998004772,"[90.13872392539423, 65.14752985161599, 82.64881075905602, 85.07956257346392]",80.75365677738255,9.406590144237278,76.05036170526391
ARX_na18_nb3_nk3_alpha0.1,18,3,3,0.1,360,60,60,70,97.41329011271344,82.46868523201837,"[90.07114954286051, 65.06392234182185, 82.67641340727259, 84.98793766191977]",80.69985573846868,9.415386178390984,75.9921626492732
ARX_na24_nb3_nk3_alpha0.01,24,3,3,0.01,480,60,60,76,97.41367344799366,82.64196973724201,"[88.82841814143873, 64.53592144417495, 83.16146157700966, 85.58705775851895]",80.52821473028557,9.449506639973134,75.80346141029901
ARX_na24_nb3_nk3_alpha0.1,24,3,3,0.1,480,60,60,76,97.41355169047343,82.61838688619495,"[88.74130806890713, 64.46432838686835, 83.18674048808113, 85.5098766345761]",80.47556339460817,9.452208373232995,75.74945920799168
ARX_na18_nb3_nk3_alpha1,18,3,3,1.0,360,60,60,70,97.4110296794264,82.20943697887246,"[89.04764266932258, 64.1609363125694, 82.91420444227896, 84.1650493159339]",80.07195818502622,9.467778089132372,75.33806914046004
ARX_na24_nb3_nk3_alpha1,24,3,3,1.0,480,60,60,76,97.41130650310642,82.35193425444388,"[87.49349933752848, 63.667954651452206, 83.4004650296132, 84.8050820216866]",79.84175026007011,9.453042384869645,75.1152290676353
ARX_na12_nb3_nk3_alpha0.01,12,3,3,0.01,240,60,60,64,97.41157645714212,81.61821757204567,"[91.44879384598673, 60.25764748454946, 81.29802095632814, 84.84937076727392]",79.46345826353456,11.671387133433416,73.62776469681785
ARX_na12_nb3_nk3_alpha0.1,12,3,3,0.1,240,60,60,64,97.41144319236722,81.59430681945186,"[91.41419326860613, 60.11385773070359, 81.33310367178825, 84.77210877526404]",79.40831586159051,11.714225213516006,73.5512032548325
ARX_na18_nb3_nk2_alpha0.01,18,3,2,0.01,360,40,60,70,97.38979853220354,80.2286789398399,"[74.4246602139592, 66.61781381783167, 81.84351625181961, 84.90636928199469]",76.9480898914013,7.077812359800563,73.40918371150102
ARX_na18_nb3_nk2_alpha0.1,18,3,2,0.1,360,40,60,70,97.38960988707302,80.20844985912919,"[74.40843104475776, 66.49813845918338, 81.8555876262519, 84.83381622603609]",76.89899333905728,7.104750592905361,73.3466180426046
ARX_na12_nb3_nk3_alpha1,12,3,3,1.0,240,60,60,64,97.40910641405476,81.35344787273506,"[90.71179948045098, 58.7320034302847, 81.6449587451838, 84.06709002326039]",78.78896291979497,12.046275290426356,72.76582527458179
ARX_na18_nb6_nk3_alpha0.01,18,6,3,0.01,360,60,120,121,97.50379513986296,79.84918022938827,"[70.4290716684628, 66.83881314736138, 82.50855173690657, 88.56948763119054]",77.08648104598032,8.81183987305753,72.68056110945156
ARX_na18_nb3_nk2_alpha1,18,3,2,1.0,360,40,60,70,97.38679389420054,79.91319508880964,"[73.95488149634349, 65.34796747590005, 81.88503047238747, 84.12404822493748]",76.32798191739212,7.379901104655392,72.63803136506442
ARX_na18_nb6_nk3_alpha0.1,18,6,3,0.1,360,60,120,121,97.50380370206858,79.81296859847272,"[70.31197583978432, 66.82459321727046, 82.49760750079906, 88.55940610186033]",77.04839566492853,8.833215148810192,72.63178809052344
ARX_na24_nb3_nk2_alpha0.01,24,3,2,0.01,480,40,60,76,97.38997228388925,79.8107843669251,"[72.14700132341551, 65.88675532757901, 81.81049618101261, 85.24675102067538]",76.27275096317062,7.682610470443861,72.4314457279487
ARX_na24_nb3_nk2_alpha0.1,24,3,2,0.1,480,40,60,76,97.38978379406562,79.78872160376676,"[72.11260562374126, 65.77039008086048, 81.82121779149583, 85.18675953927487]",76.22274325884311,7.711054131981097,72.36721619285257
ARX_na18_nb6_nk3_alpha1,18,6,3,1.0,360,60,120,121,97.50250717624701,79.49489577099334,"[69.31610431590991, 66.67927781482504, 82.39533750884218, 88.42538502252893]",76.70402616552651,9.011912214010364,72.19807005852134
ARX_na18_nb9_nk3_alpha0.01,18,9,3,0.01,360,60,180,172,97.53150036252136,79.23216387816086,"[68.51180482595538, 67.35569508212012, 82.01019930965603, 88.94085132698193]",76.70463763617836,9.115908436538716,72.146683417909
ARX_na12_nb6_nk2_alpha0.01,12,6,2,0.01,240,40,120,115,97.49697746957123,79.97353488019166,"[70.05438648030152, 65.57885380795712, 82.67898590836434, 89.27073201643911]",76.89573955326553,9.50608215445098,72.14269847604004
ARX_na18_nb9_nk3_alpha0.1,18,9,3,0.1,360,60,180,172,97.53158349895368,79.22658945013785,"[68.4952895258111, 67.35568001269093, 82.00662299782384, 88.92319519581416]",76.695196933035,9.11318064877306,72.13860660864847
ARX_na18_nb6_nk2_alpha0.01,18,6,2,0.01,360,40,120,121,97.49814743029062,79.51396930152892,"[68.49396881762969, 66.82095285215648, 82.54627644535213, 89.86549137098979]",76.93167237153202,9.646617843569704,72.10836344974716
ARX_na12_nb6_nk2_alpha0.1,12,6,2,0.1,240,40,120,115,97.49692436796252,79.92213096118743,"[69.90256076312463, 65.53301465675204, 82.66708651384833, 89.26758038141155]",76.84256057878414,9.544313043218793,72.07040405717476
ARX_na18_nb6_nk2_alpha0.1,18,6,2,0.1,360,40,120,121,97.49809320296103,79.46459464257536,"[68.35526917774641, 66.78224951077486, 82.53168269119935, 89.86131229126241]",76.88262841774576,9.683640314281226,72.04080826060515
ARX_na12_nb6_nk3_alpha0.01,12,6,3,0.01,240,60,120,115,97.50296039199283,79.96225699830349,"[70.96696596521932, 64.87207209876536, 82.3445374388806, 88.32837994099458]",76.62798886096496,9.217196404211368,72.01939065885928
ARX_na24_nb6_nk3_alpha0.01,24,6,3,0.01,480,60,120,127,97.50452541122425,79.4251716296967,"[68.93332208773259, 66.31993302543356, 82.56744133772176, 88.72526870937523]",76.63649129006578,9.315107328269525,71.97893762593101
ARX_na12_nb6_nk3_alpha0.1,12,6,3,0.1,240,60,120,115,97.50297784177003,79.92326742227611,"[70.83391663727082, 64.85140543361445, 82.33740687627099, 88.32291792160815]",76.5864117171911,9.241497380378503,71.96566302700185
ARX_na24_nb6_nk3_alpha0.1,24,6,3,0.1,480,60,120,127,97.50453194534772,79.38568302600952,"[68.80853497163818, 66.31000055023262, 82.55359514282028, 88.7190381059969]",76.59779219267199,9.339531254377327,71.92802656548332
ARX_na18_nb9_nk3_alpha1,18,9,3,1.0,360,60,180,172,97.53070273840646,79.07247971231585,"[68.04586973416717, 67.29099970252632, 81.9336698904494, 88.78040617811783]",76.51273637631519,9.17347399499428,71.92599937881805
ARX_na18_nb6_nk2_alpha1,18,6,2,1.0,360,40,120,121,97.49639113804345,79.27485318202,"[67.81122201054663, 66.71181134119578, 82.45905152235447, 89.74836772912748]",76.68261315080609,9.774963586264978,71.7951313576736
ARX_na12_nb6_nk2_alpha1,12,6,2,1.0,240,40,120,115,97.49524989376593,79.69337624462676,"[69.22601854692654, 65.29274633466483, 82.61414137539217, 89.1936131636164]",76.58162985514998,9.708208216139013,71.72752574708048
ARX_na24_nb3_nk2_alpha1,24,3,2,1.0,480,40,60,76,97.38697447300784,79.47449594538423,"[71.49706367716367, 64.65994775387574, 81.83593231042975, 84.59017616198068]",75.64577997586247,8.003445595431472,71.64405717814674
ARX_na24_nb9_nk3_alpha0.01,24,9,3,0.01,480,60,180,178,97.53273616825395,78.7559286592575,"[66.94051571986002, 67.18957625115719, 82.15279827714103, 89.16805923735559]",76.36273737137846,9.623229956355535,71.55112239320069
ARX_na24_nb9_nk3_alpha0.1,24,9,3,0.1,480,60,180,178,97.5328199984454,78.75068462613868,"[66.92279197310829, 67.19844681239458, 82.14778344920909, 89.1540270267336]",76.35576231536139,9.620036968951789,71.5457438308855
ARX_na24_nb6_nk3_alpha1,24,6,3,1.0,480,60,120,127,97.50322641396913,79.04390832181339,"[67.7515377266275, 66.21415234623255, 82.42468831820375, 88.62892817572894]",76.25482664169819,9.543409303840305,71.48312198977804
ARX_na12_nb6_nk3_alpha1,12,6,3,1.0,240,60,120,115,97.5017700769094,79.5757386718145,"[69.68417995984765, 64.63389842722884, 82.26926268310788, 88.24086585834031]",76.20705173213118,9.461088965001828,71.47650724963026
ARX_na24_nb9_nk3_alpha1,24,9,3,1.0,480,60,180,178,97.53197667002132,78.59154231798449,"[66.453341441153, 67.2010447915944, 82.05706772520533, 89.04182053722135]",76.18831862379352,9.684983210301368,71.34582701864284
ARX_na12_nb3_nk2_alpha0.01,12,3,2,0.01,240,40,60,64,97.38827139533028,80.17231811729545,"[77.66719648604395, 59.90435029317148, 81.57429176593172, 84.38499681333323]",75.8827088396201,9.528580101386247,71.11841878892697
ARX_na12_nb6_nk1_alpha1,12,6,1,1.0,240,20,120,115,97.46891227764104,78.97858305244812,"[67.58689170191815, 65.64375544846952, 81.91845695919513, 88.35533942547858]",75.87611088376534,9.561032155192548,71.09559480616906
ARX_na24_nb6_nk2_alpha0.01,24,6,2,0.01,480,40,120,127,97.4987462893983,78.93036155781704,"[66.91193321161609, 65.85003740650379, 82.11808775017677, 89.66357078071903]",76.13590728725393,10.120091151209632,71.07586171164911
ARX_na12_nb3_nk2_alpha0.1,12,3,2,0.1,240,40,60,64,97.38807154232273,80.14656420122901,"[77.64242906983948, 59.746758441077596, 81.59071475651307, 84.32380254927119]",75.82592620417533,9.582353678044235,71.03474936515322
ARX_na24_nb6_nk2_alpha0.1,24,6,2,0.1,480,40,120,127,97.49869013337646,78.87667227862855,"[66.76307268110196, 65.81055003368819, 82.10255733873295, 89.66123689181673]",76.08435423633495,10.161051297093769,71.00382858778806
ARX_na18_nb6_nk1_alpha1,18,6,1,1.0,360,20,120,121,97.47046616236624,78.29582976433821,"[65.2895511561169, 67.4487608670416, 81.73026932049108, 89.21684732425436]",75.92135716697598,9.941500214300438,70.95060705982576
ARX_na6_nb3_nk3_alpha0.1,6,3,3,0.1,120,60,60,58,97.36992460560133,81.2949316406101,"[76.50768440709791, 59.22899349088797, 84.0550167236932, 83.73690902808715]",75.88215091244156,10.07734966253539,70.84347608117386
ARX_na6_nb3_nk3_alpha0.01,6,3,3,0.01,120,60,60,58,97.37009480151337,81.29042163753863,"[76.54554935753023, 59.127077069826115, 84.05544178301992, 83.84080628020169]",75.89221862264449,10.140452041836499,70.82199260172624
ARX_na24_nb6_nk2_alpha1,24,6,2,1.0,480,40,120,127,97.49698752645814,78.6626036317125,"[66.12718031222448, 65.7633953788155, 82.02134444022123, 89.60947865522158]",75.8803496966207,10.291718468167785,70.73449046253681
ARX_na18_nb9_nk2_alpha0.01,18,9,2,0.01,360,40,180,172,97.54277691216924,77.8917940265495,"[64.3234561519762, 68.03862769091961, 81.20286313894347, 89.69193850196632]",75.8142213709514,10.175043430703061,70.72669965559987
ARX_na18_nb9_nk2_alpha0.1,18,9,2,0.1,360,40,180,172,97.54282569278432,77.8536157087373,"[64.22249061758859, 68.01677407650973, 81.18755667473185, 89.68840619970264]",75.7788068921332,10.204522604904374,70.67654558968101
ARX_na6_nb3_nk3_alpha1,6,3,3,1.0,120,60,60,58,97.36721818104431,81.04834616007524,"[75.31693921607089, 59.85967677466765, 83.91369238646969, 82.82329676643225]",75.47840128591011,9.60562661840779,70.67558797670621
ARX_na12_nb6_nk1_alpha0.1,12,6,1,0.1,240,20,120,115,97.4705704329381,78.44125067687109,"[65.96967597980394, 65.66353519168207, 81.74149838512716, 88.50389719296466]",75.46965168739446,9.945313922541988,70.49699472612346
ARX_na12_nb9_nk3_alpha0.01,12,9,3,0.01,240,60,180,166,97.52975007789495,78.39961331837058,"[65.60184042871498, 65.685147355974, 82.03947828662417, 89.25295751252865]",75.64485589596045,10.321453131740158,70.48412933009037
ARX_na12_nb9_nk3_alpha0.1,12,9,3,0.1,240,60,180,166,97.52985050749542,78.39040259288443,"[65.57030284235101, 65.68745469630397, 82.03577893956935, 89.23986865003963]",75.63335128206599,10.32368874953685,70.47150690729757
ARX_na12_nb6_nk1_alpha0.01,12,6,1,0.01,240,20,120,115,97.47061708622205,78.34520280749591,"[65.68911738241529, 65.64999978131951, 81.71146030828812, 88.51850240750699]",75.39226996988248,10.016151245640453,70.38419434706225
ARX_na18_nb9_nk2_alpha1,18,9,2,1.0,360,40,180,172,97.54180269517849,77.56165934048468,"[63.44155771896156, 67.88131365422855, 81.06063556808493, 89.62891377221432]",75.50310517837234,10.416300274276463,70.2949550412341
ARX_na12_nb9_nk3_alpha1,12,9,3,1.0,240,60,180,166,97.52915811442949,78.18452106720548,"[64.95729968489091, 65.64748647094325, 81.95440770814731, 89.13730520646199]",75.42412476761086,10.438306815859479,70.20497135968112
ARX_na12_nb3_nk2_alpha1,12,3,2,1.0,240,40,60,64,97.38516053035366,79.81622482481734,"[77.12721423348678, 58.25775335004646, 81.66976018918804, 83.72136848868352]",75.1940240653512,10.065103715659955,70.16147220752123
ARX_na18_nb6_nk1_alpha0.1,18,6,1,0.1,360,20,120,121,97.47209159537225,77.6399464217157,"[63.509439094166794, 67.0502228816677, 81.5487269302551, 89.47706844749126]",75.39636433839522,10.572072439299827,70.1103281187453
ARX_na18_nb6_nk1_alpha0.01,18,6,1,0.01,360,20,120,121,97.4721330560935,77.52725677935635,"[63.20755508383114, 66.98679320101829, 81.51686769226842, 89.50436894795017]",75.303896231267,10.674152328445143,69.96682006704444
ARX_na24_nb9_nk2_alpha0.01,24,9,2,0.01,480,40,180,178,97.54386032678786,77.26231726910837,"[62.72945733852906, 67.4410581825546, 81.02930196956481, 89.87940189629808]",75.26980484673663,10.783804094763704,69.87790279935479
ARX_na24_nb9_nk2_alpha0.1,24,9,2,0.1,480,40,180,178,97.54390817027759,77.22146086621069,"[62.62361270499892, 67.42028385072689, 81.0128709751333, 89.87650352928449]",75.2333177650359,10.815200937591321,69.82571729624024
ARX_na24_nb6_nk1_alpha1,24,6,1,1.0,480,20,120,127,97.47094436196718,77.63066624164338,"[63.39730595919385, 66.53314061034337, 81.1380180147505, 89.0242853754885]",75.02318748994405,10.495998186601382,69.77518839664336
ARX_na24_nb9_nk2_alpha1,24,9,2,1.0,480,40,180,178,97.54290411577693,76.90838253977962,"[61.79557080467289, 67.31040682960017, 80.87647791180981, 89.83473438951023]",74.95429748389827,11.046275115124336,69.43115992633611
ARX_na12_nb9_nk2_alpha0.01,12,9,2,0.01,240,40,180,166,97.54180498449597,77.10136010657432,"[62.135759790955404, 66.32685797730772, 81.2737651945003, 89.90648571508004]",74.91071716946087,11.205396346137011,69.30801899639236
ARX_na12_nb9_nk2_alpha0.1,12,9,2,0.1,240,40,180,166,97.54187574104289,77.0568889531511,"[62.02111682455816, 66.30249284909742, 81.2575823096354, 89.90434973494352]",74.87138542955863,11.239760336348617,69.25150526138432
ARX_na24_nb6_nk1_alpha0.1,24,6,1,0.1,480,20,120,127,97.4725549437443,76.95213827306213,"[61.66143270461273, 66.06996852691374, 80.95978485964278, 89.12572149212538]",74.45422689582365,11.085197446654222,68.91162817249653
ARX_na12_nb9_nk2_alpha1,12,9,2,1.0,240,40,180,166,97.54105708611522,76.6968481529493,"[61.07952885751834, 66.13892044021267, 81.11618858457905, 89.87095785139485]",74.55139893342623,11.51136858008115,68.79571464338565
ARX_na18_nb9_nk1_alpha0.01,18,9,1,0.01,360,20,180,172,97.53692708999888,76.19928765081976,"[59.55764267506958, 68.42209124314167, 80.54532353502874, 89.23451459960803]",74.439893013212,11.33415659646086,68.77281471498156
ARX_na24_nb6_nk1_alpha0.01,24,6,1,0.01,480,20,120,127,97.4725944999476,76.83514121922242,"[61.36131391086159, 65.99934185172233, 80.92812357538315, 89.13361532172608]",74.35559866492329,11.183317086235684,68.76394012180545
ARX_na18_nb9_nk1_alpha0.1,18,9,1,0.1,360,20,180,172,97.53697956377391,76.16039553237025,"[59.463377324775244, 68.39532690719324, 80.5266574920947, 89.24203042512437]",74.4068480372969,11.368601579315001,68.7225472476394
ARX_na18_nb9_nk1_alpha1,18,9,1,1.0,360,20,180,172,97.53597765978428,75.92302026478443,"[58.875221348308784, 68.23913038784058, 80.40606170427318, 89.24883479506535]",74.19231205887198,11.568958481699607,68.40783281802217
ARX_na6_nb9_nk3_alpha0.01,6,9,3,0.01,120,60,180,160,97.51410406781713,76.44307245723581,"[60.492451784863135, 64.6421646239997, 81.74157063059775, 89.48489511492862]",74.09027053859731,11.934238970048414,68.1231510535731
ARX_na6_nb9_nk3_alpha0.1,6,9,3,0.1,120,60,180,160,97.5141720314736,76.44129387022801,"[60.47909119364034, 64.66150842383615, 81.73607223500083, 89.47097499321353]",74.08691171142272,11.9288522724468,68.12248557519932
ARX_na6_nb9_nk3_alpha1,6,9,3,1.0,120,60,180,160,97.51319101229873,76.29122999032283,"[60.035234233144074, 64.75545801341995, 81.63150698205143, 89.3580339511768]",73.94505829494807,11.985129022705339,67.9524937835954
ARX_na24_nb9_nk1_alpha0.01,24,9,1,0.01,480,20,180,178,97.5378060323911,75.54709376868409,"[57.98166441959852, 67.84406348218269, 80.33419963383085, 89.4492457843958]",73.90229333000197,11.971275236082812,67.91665571196056
ARX_na12_nb9_nk1_alpha0.01,12,9,1,0.01,240,20,180,166,97.53592817422502,75.84690077433451,"[58.578692261279095, 66.8762617464899, 80.64761718101654, 89.26934954226112]",73.84298018276166,11.893376389969445,67.89629198777695
ARX_na24_nb9_nk1_alpha0.1,24,9,1,0.1,480,20,180,178,97.53785728781179,75.50456450933336,"[57.88061014983854, 67.81580964388013, 80.31510951556768, 89.45613695206444]",73.8669165653377,12.008131332293898,67.86285089919076
ARX_na12_nb9_nk1_alpha0.1,12,9,1,0.1,240,20,180,166,97.53599549282114,75.80025070859196,"[58.46583196170566, 66.85030688228304, 80.62820928898104, 89.27795749341409]",73.80557640659596,11.933423961021294,67.83886442608531
ARX_na24_nb9_nk1_alpha1,24,9,1,1.0,480,20,180,178,97.53687159234485,75.24253168617172,"[57.236007945265534, 67.67035919860109, 80.19064155348427, 89.47492477330952]",73.6429833676651,12.230936987473548,67.52751487392833
ARX_na12_nb9_nk1_alpha1,12,9,1,1.0,240,20,180,166,97.53513472387702,75.48960477053241,"[57.69349349487229, 66.67279283883674, 80.498291696178, 89.31058261557293]",73.543790161365,12.20040311335864,67.44358860468567
ARX_na18_nb3_nk1_alpha0.1,18,3,1,0.1,360,20,60,70,97.31582811857587,75.29130396801627,"[59.54119725039475, 65.80985817612948, 79.24603096616075, 83.61613768349237]",72.05330601904433,9.759199186805095,67.17370642564178
ARX_na18_nb3_nk1_alpha0.01,18,3,1,0.01,360,20,60,70,97.3160790761441,75.24977792301402,"[59.353412472412145, 65.94783213336983, 79.2312784880389, 83.70637224524515]",72.05972383476652,9.821929341388008,67.14875916407252
ARX_na18_nb3_nk1_alpha1,18,3,1,1.0,360,20,60,70,97.31233562589745,75.47946856851816,"[60.74157939045094, 64.43811505111448, 79.2889611145173, 82.7648183345643]",71.80836847266175,9.391452442749971,67.11264225128677
ARX_na6_nb3_nk2_alpha0.01,6,3,2,0.01,120,40,60,58,97.35923804023733,75.41124949555044,"[58.90793268397794, 64.2728145946979, 80.80104098411691, 84.33239814124816]",72.07854660101023,10.731184801076397,66.71295420047203
ARX_na6_nb3_nk2_alpha0.1,6,3,2,0.1,120,40,60,58,97.3590473014339,75.41366078419891,"[58.92561426887368, 64.27158691560113, 80.77309812712905, 84.24320657259713]",72.05337647105026,10.694857324740951,66.70594780867978
ARX_na6_nb3_nk2_alpha1,6,3,2,1.0,120,40,60,58,97.35622123092952,75.07578980372374,"[58.30007921810317, 64.18225542511969, 80.28186692425254, 83.41919008573745]",71.54584791330322,10.570798990168006,66.26044841821921
ARX_na12_nb3_nk1_alpha0.01,12,3,1,0.01,240,20,60,64,97.3147982014348,75.96269397051569,"[63.72892475247358, 57.99863527489596, 79.35915226221128, 83.14006311754834]",71.05669385178228,10.477925871086567,65.817730916239
ARX_na12_nb3_nk1_alpha0.1,12,3,1,0.1,240,20,60,64,97.31453452366992,75.98748572067505,"[63.90455847521491, 57.821194950893904, 79.36434579080688, 83.06684145436695]",71.03923516782066,10.483212515176714,65.7976289102323
ARX_na24_nb3_nk1_alpha0.1,24,3,1,0.1,480,20,60,76,97.31584773488203,74.3389408893081,"[56.05925245052767, 64.9172490651446, 79.17801213721224, 83.91075814824018]",71.01631795028118,11.11071880718438,65.46095854668899
ARX_na24_nb3_nk1_alpha0.01,24,3,1,0.01,480,20,60,76,97.31609869559453,74.29147002951247,"[55.86950303627679, 65.053586659707, 79.16044223406101, 83.98600350990344]",71.01738385998706,11.174968297529649,65.42989971122223
ARX_na24_nb3_nk1_alpha1,24,3,1,1.0,480,20,60,76,97.31235385521809,74.5542392277363,"[57.198663445346924, 63.56530476424107, 79.23107780977072, 83.19363323042481]",70.79716981244587,10.747352660912675,65.42349348198954
ARX_na12_nb3_nk1_alpha1,12,3,1,1.0,240,20,60,64,97.31093830928447,76.04146282446894,"[65.01360326851395, 56.097198419767466, 79.38829982186482, 82.36672417670434]",70.71645642171265,10.69082369761737,65.37104457290397
ARX_na6_nb9_nk2_alpha0.01,6,9,2,0.01,120,40,180,160,97.51776056891063,71.69377444185342,"[51.14840939094761, 62.03891781042837, 78.87550094249656, 90.47078353854434]",70.63340292060423,15.124351198839094,63.07122732118468
ARX_na6_nb9_nk2_alpha0.1,6,9,2,0.1,120,40,180,160,97.51776815608416,71.6346578580379,"[51.02937525703148, 62.01705843713805, 78.83215470310186, 90.46871660942483]",70.58682625167407,15.159236584278009,63.007207959535066
ARX_na6_nb9_nk2_alpha1,6,9,2,1.0,120,40,180,160,97.51639399050211,71.20733983983732,"[50.134523468551784, 61.9686921845611, 78.47560453733684, 90.43165897281044]",70.25261979081505,15.396203725817886,62.554517927906105
ARX_na6_nb6_nk3_alpha0.01,6,6,3,0.01,120,60,120,109,97.4589268251448,70.22581397804726,"[49.5796442574687, 57.28441822793122, 79.20151728646655, 88.57379610376995]",68.65984396890912,15.820451145436595,60.74961839619082
ARX_na6_nb6_nk3_alpha0.1,6,6,3,0.1,120,60,120,109,97.4588407929119,70.13972854871362,"[49.4110489887893, 57.26279542258204, 79.1381621766025, 88.56348140076061]",68.59387199718361,15.861441848316371,60.663151073025425
ARX_na6_nb6_nk3_alpha1,6,6,3,1.0,120,60,120,109,97.45665958302311,69.42790642928256,"[48.005702677734895, 57.183323682847984, 78.56110855525522, 88.43949975413715]",68.04740866749381,16.171530429657995,59.961643452664816
ARX_na6_nb3_nk1_alpha1,6,3,1,1.0,120,20,60,58,97.29245360216224,67.87900407682761,"[42.253858525481306, 66.10361302960517, 74.77181456131245, 82.8153678558266]",66.48616349305638,15.18754323158174,58.89239187726551
ARX_na6_nb3_nk1_alpha0.1,6,3,1,0.1,120,20,60,58,97.29566437650907,67.50541328112757,"[41.31921777631934, 66.3333537493474, 74.82937685175209, 83.80394419889063]",66.57147314407736,15.834172967863015,58.65438666014585
ARX_na6_nb3_nk1_alpha0.01,6,3,1,0.01,120,20,60,58,97.29589435189513,67.41623797644813,"[41.11632687041891, 66.34770732867518, 74.80639013080123, 83.9115974667919]",66.5455054491718,15.941342595388612,58.57483415147749
ARX_na6_nb9_nk1_alpha0.01,6,9,1,0.01,120,20,180,160,97.50225592814944,65.75701501236514,"[40.46053979219394, 59.69428379774438, 75.20496795592457, 90.13901357004517]",66.37470127897701,18.43154830406315,57.15892712694544
ARX_na6_nb9_nk1_alpha0.1,6,9,1,0.1,120,20,180,160,97.50224268492033,65.6896680636339,"[40.34251532648202, 59.63512421439307, 75.16269693571192, 90.13972773093211]",66.32001605187978,18.47356213960514,57.08323498207721
ARX_na6_nb9_nk1_alpha1,6,9,1,1.0,120,20,180,160,97.50064983565314,65.28774711309755,"[39.6025693815368, 59.38859944577095, 74.85912040333017, 90.11209330215864]",65.99059563319913,18.711037280902435,56.63507699274792
ARX_na6_nb6_nk2_alpha0.01,6,6,2,0.01,120,40,120,109,97.44734978123162,65.38981496117509,"[44.670167584641604, 49.541823086999, 76.6422365718134, 88.74671059216239]",64.9002344589041,18.38250148374413,55.70898371703203
ARX_na6_nb6_nk2_alpha0.1,6,6,2,0.1,120,40,120,109,97.44719376075822,65.25035722014358,"[44.43979854484211, 49.444608554212046, 76.54909938898096, 88.7362713666412]",64.79244446366909,18.447981222840582,55.568453852248794
ARX_na6_nb6_nk2_alpha1,6,6,2,1.0,120,40,120,109,97.44450711225689,64.56989124161593,"[43.31258603785848, 49.23346327621152, 75.94150742539748, 88.64116451232276]",64.28218031294756,18.678114120904436,54.94312325249534
ARX_na6_nb6_nk1_alpha1,6,6,1,1.0,120,20,120,109,97.41968892096837,62.28581768519922,"[39.62673615940505, 48.27012681233725, 74.09945095709054, 88.40890823996773]",62.601305542200144,19.566893130361333,52.817858977019476
ARX_na6_nb6_nk1_alpha0.1,6,6,1,0.1,120,20,120,109,97.42211331523661,61.36864070505593,"[37.885721329471814, 47.38551901953607, 73.85818752490403, 88.62651598381477]",61.938985964431666,20.27717043925397,51.80040074480468
ARX_na6_nb6_nk1_alpha0.01,6,6,1,0.01,120,20,120,109,97.42223516587507,61.19688082916967,"[37.56500210223358, 47.261934169414744, 73.78861927625961, 88.64589335666282]",61.815362226142696,20.390675071436586,51.6200246904244
